{"type": "FeatureCollection", "name": "NUTS_RG_60M_2021_4326", "crs": {"type": "name", "properties": {"name": "urn:ogc:def:crs:EPSG::4326"}}, "features": [{"type": "Feature", "properties": {"NUTS_ID": "DK", "LEVL_CODE": 0, "CNTR_CODE": "DK", "NAME_LATN": "Danmark", "NUTS_NAME": "Danmark", "MOUNT_TYPE": 0, "URBN_TYPE": 0, "COAST_TYPE": 0, "NAME_ENGL": "Denmark", "NAME_FREN": "Danemark", "ISO3_CODE": "DNK", "SVRG_UN": "UN Member State", "CAPT": "Copenhagen", "EU_STAT": "T", "EFTA_STAT": "F", "CC_STAT": "F", "NAME_GERM": "Dänemark"}, "geometry": {"type": "MultiPolygon", "coordinates": [[[[10.495653086000061, 57.35106854400004], [10.198995100000047, 56.68363098800006], [10.818208225000035, 56.48960056900006], [10.850856639000028, 56.322794110000075], [9.945743759000038, 55.730493410000065], [9.672057, 55.712056999000026], [9.838410513000042, 54.99900425700008], [9.622945593000054, 54.88181271900004], [9.422194997000076, 54.83203333800003], [9.273634572000049, 54.81168988700006], [9.113097, 54.873601499000074], [8.889034335000076, 54.89148322800003], [8.635926, 54.91168299900005], [8.189706003000026, 55.562912710000035], [8.183677060000036, 55.82234364700008], [8.190695925000057, 56.553127790000076], [8.672808602000032, 56.52699146100008], [8.889034335000076, 56.71464843900003], [9.304829828000038, 56.69295221300007], [9.06594519400005, 56.92849299000005], [8.889034335000076, 56.924327006000055], [8.717289386000061, 56.72620380300003], [8.324882, 56.83850618500003], [8.63165518300002, 57.10180769800007], [8.889034335000076, 57.120644653000056], [10.28299019900004, 57.59814036200004], [10.495653086000061, 57.35106854400004]]], [[[12.525031136000052, 55.91145201900008], [12.582753500000024, 55.80796799900003], [12.584125500000027, 55.722001499000044], [12.750318667000045, 55.64909094200004], [12.619201623000038, 55.571505510000065], [12.501793317000022, 55.62744720400008], [12.363471, 55.59380699900004], [12.219570500000032, 55.425061999000036], [12.291180847000021, 55.20700519700006], [11.95733404300006, 54.68348138600004], [11.375588736000054, 54.813318252000045], [11.479682526000033, 55.052454141000055], [11.226158657000042, 55.312854095000034], [11.232558398000037, 55.643078366000054], [11.525867004000077, 55.858356308000054], [11.942447407000031, 55.82234364700008], [12.149506941000027, 56.09501596900003], [12.517592578000063, 56.05621085400003], [12.525031136000052, 55.91145201900008]]], [[[10.88365095100005, 55.03719244800004], [10.803704792000076, 54.87435113300006], [10.428223354000068, 54.883470689000035], [10.307151281000074, 54.883470689000035], [9.765642713000034, 55.36898569400006], [10.045490273000041, 55.56881367400007], [10.69475562100007, 55.543784205000065], [10.88365095100005, 55.03719244800004]]], [[[15.162898222000024, 55.093707692000066], [15.09404091600004, 54.99622273400007], [14.947995010000056, 55.00111322600003], [14.696804416000077, 55.13063435300006], [14.774003178000044, 55.27541431100008], [14.947995010000056, 55.21791826100008], [15.162898222000024, 55.093707692000066]]]]}}, {"type": "Feature", "properties": {"NUTS_ID": "RS", "LEVL_CODE": 0, "CNTR_CODE": "RS", "NAME_LATN": "Serbia", "NUTS_NAME": "Srbija/Сpбија", "MOUNT_TYPE": 0, "URBN_TYPE": 0, "COAST_TYPE": 0, "NAME_ENGL": "Serbia", "NAME_FREN": "Serbie", "ISO3_CODE": "SRB", "SVRG_UN": "UN Member State", "CAPT": "Belgrade", "EU_STAT": "F", "EFTA_STAT": "F", "CC_STAT": "T", "NAME_GERM": "Serbien"}, "geometry": {"type": "MultiPolygon", "coordinates": [[[[21.479178500000046, 45.19302749900004], [21.35847, 44.82161199900003], [22.012350500000025, 44.602318499000035], [22.016132500000026, 44.59920249900006], [22.499677231000078, 44.611749048000036], [22.67516150000006, 44.215662999000074], [22.536145, 44.04551149900004], [22.406865148000065, 43.75165390700005], [22.666975500000035, 43.40274749900004], [22.747454, 43.38661299900008], [23.00621, 43.192878499000074], [22.748399500000062, 42.88978749900008], [22.51551050000006, 42.86853849900007], [22.442821500000036, 42.82545649900004], [22.461472, 42.64849049900005], [22.36020650000006, 42.31115699900005], [21.586946500000067, 42.26281749900005], [21.636380046000056, 42.39292650400006], [21.753409, 42.700946499000054], [21.591800393000028, 42.71580928800006], [21.43511550000005, 42.87227549900007], [20.923564, 43.146082499000045], [20.81974850000006, 43.272466499000075], [20.352928500000075, 42.83338149900004], [20.063936500000068, 43.00682399900006], [19.224069, 43.52754099900005], [19.476441240000042, 43.63722259000008], [19.497113, 44.09905299900004], [19.14216387700003, 44.42201859900007], [19.351161500000046, 44.88905949900004], [19.022069500000043, 44.855353999000044], [19.137281039000072, 45.11871904100008], [19.425167500000043, 45.167692499000054], [19.07709045400003, 45.34049466700003], [19.005262, 45.434630499000036], [19.033942, 45.48682149900003], [18.889734, 45.92118049900006], [19.30270950000005, 45.99155049900003], [19.698099, 46.18793099900006], [19.86539, 46.15033449900005], [20.13647573000003, 46.13405125100007], [20.264296, 46.12637349900007], [20.662833, 45.79411599900004], [21.016575, 45.32462749900003], [21.479178500000046, 45.19302749900004]]]]}}, {"type": "Feature", "properties": {"NUTS_ID": "EE", "LEVL_CODE": 0, "CNTR_CODE": "EE", "NAME_LATN": "Eesti", "NUTS_NAME": "Eesti", "MOUNT_TYPE": 0, "URBN_TYPE": 0, "COAST_TYPE": 0, "NAME_ENGL": "Estonia", "NAME_FREN": "Estonie", "ISO3_CODE": "EST", "SVRG_UN": "UN Member State", "CAPT": "Tallinn", "EU_STAT": "T", "EFTA_STAT": "F", "CC_STAT": "F", "NAME_GERM": "Estland"}, "geometry": {"type": "MultiPolygon", "coordinates": [[[[27.357049500000073, 58.78714399900008], [27.64490834600008, 57.981021557000076], [27.351579, 57.51823699900007], [26.454869908000035, 57.55492747900007], [25.046307, 58.04014599900006], [24.834082500000022, 57.97277949900007], [24.35281750000007, 57.87655649900006], [24.51087406000005, 58.29450657800004], [23.960552419000066, 58.29112556500007], [23.521145793000073, 58.58184337000006], [23.51831923000003, 59.14057900300003], [23.730576, 59.23732399900007], [25.830159500000036, 59.56406449900004], [26.01528036700006, 59.61946808700003], [26.759357, 59.49942549900004], [28.041915, 59.470120499000075], [28.120195455000044, 59.35258144200003], [27.357049500000073, 58.78714399900008]]], [[[23.01273979000007, 58.87719859100008], [22.891691561000073, 58.638837832000036], [23.199493807000067, 58.64727140600007], [23.16002134300004, 58.471357683000065], [22.488318882000044, 58.15354071300004], [22.115346782000074, 58.17836112800006], [21.904423888000053, 58.42817423500003], [22.46040042800007, 58.63150006500007], [22.610346711000034, 59.053026714000055], [23.01273979000007, 58.87719859100008]]]]}}, {"type": "Feature", "properties": {"NUTS_ID": "EL", "LEVL_CODE": 0, "CNTR_CODE": "EL", "NAME_LATN": "Elláda", "NUTS_NAME": "Ελλάδα", "MOUNT_TYPE": 0, "URBN_TYPE": 0, "COAST_TYPE": 0, "NAME_ENGL": "Greece", "NAME_FREN": "Grèce", "ISO3_CODE": "GRC", "SVRG_UN": "UN Member State", "CAPT": "Athens", "EU_STAT": "T", "EFTA_STAT": "F", "CC_STAT": "F", "NAME_GERM": "Griechenland"}, "geometry": {"type": "MultiPolygon", "coordinates": [[[[26.59229596800003, 41.42012134000004], [26.032758, 40.73025699900006], [25.632429, 40.86280449900005], [25.139545, 40.990687499000046], [24.81349, 40.858085499000026], [24.692587391000075, 40.65313039200004], [24.51386778500006, 40.90533943400004], [23.867746500000067, 40.77872849900007], [23.765077500000075, 40.757892499000036], [23.756864500000063, 40.63456349900008], [23.651217792000068, 40.312863777000075], [23.299509684000043, 40.215727421000054], [23.004153, 40.350336499000036], [22.682419, 40.52896499900004], [22.663957500000038, 40.491554499000074], [22.558882237000034, 40.17470479100007], [22.664584778000062, 39.974756366000065], [22.915911, 39.60293599900007], [23.094624663000047, 39.38355034500006], [22.962478331000057, 38.97551360500006], [22.79994314000004, 38.814205249000054], [23.37779050000006, 38.525756999000066], [23.460443663000035, 38.49883631500006], [23.497718939000038, 38.75457090200007], [24.053098367000075, 38.49388071100003], [23.98840524600007, 38.37750842600008], [23.655573219000075, 38.35205231200007], [23.690418, 38.34029749900003], [23.990453073000026, 38.235144028000036], [23.983579015000032, 38.09112169000008], [24.04328111800004, 37.70521946500003], [23.743593, 37.85380949900008], [23.672225500000025, 37.941819999000074], [23.596950500000048, 38.01517499900007], [23.460443663000035, 38.02396504600006], [23.179699500000027, 37.95158999900008], [23.12003150000004, 37.72998499900007], [23.193535731000054, 37.591220957000075], [23.319240999000044, 37.609721937000074], [23.313021813000034, 37.76143791700008], [23.43358272000006, 37.76155165800003], [23.416228295000053, 37.45576051300003], [22.817127768000034, 37.445805894000046], [22.98080250000004, 37.04790349900003], [22.973544826000023, 36.731207134000044], [22.398742945000038, 36.71628424200003], [22.086662385000068, 36.92790728600005], [21.813003380000055, 36.805564325000034], [21.680233, 37.37743399900006], [21.488275577000024, 37.591220957000075], [21.20962086700007, 37.86271430600004], [21.351074, 38.102138499000034], [21.864524930000073, 38.28522992400008], [22.37297250000006, 38.14222349900007], [23.117532, 38.06064599900003], [23.126179, 38.16839999900003], [22.89450417100005, 38.21984528400003], [22.608278951000045, 38.358656480000036], [22.05505254600007, 38.39221870100005], [21.851732123000033, 38.37453508600004], [21.205487107000067, 38.35437019400007], [20.768009617000075, 38.862182295000025], [21.10860850000006, 39.04614649900003], [20.70333295200004, 39.05005020300007], [20.47782150000006, 39.27484149900005], [20.010015795000072, 39.691761341000074], [20.302345, 39.81274299900008], [20.391308, 39.78848349900005], [20.38332248300003, 39.98271712900004], [20.612876500000027, 40.079653499000074], [20.778501, 40.34878899900008], [21.056068500000038, 40.61669549900006], [20.98020450000007, 40.855664999000055], [21.787378, 40.931125499000075], [21.929438, 41.10035049900006], [22.216216, 41.170457499000065], [22.332052, 41.120272499000066], [22.879178500000023, 41.34065299900004], [22.927591500000062, 41.338539499000035], [23.460443663000035, 41.40248849300008], [23.624223, 41.37572749900005], [24.059744, 41.52211199900006], [24.49168271600007, 41.54361542600003], [24.783956, 41.36018899900006], [25.17937550000005, 41.31018799900005], [25.224698500000045, 41.264630999000076], [25.906437500000038, 41.30757499900005], [25.948626, 41.32034199900005], [26.357879, 41.711104499000044], [26.59229596800003, 41.42012134000004]]], [[[24.097343453000065, 35.55682775100007], [24.317411, 35.35377499900005], [24.928003500000045, 35.40690999900005], [25.490698, 35.29833199900003], [26.20862560100005, 35.170802981000065], [26.113326700000073, 35.03224964300006], [25.550568, 34.99075699900004], [24.875014386000032, 34.955449248000036], [24.722517, 35.09254449900004], [24.287523500000077, 35.17600649900004], [23.639284375000045, 35.24859242600007], [23.554079684000044, 35.359248526000044], [23.64887002100005, 35.490993427000035], [24.097343453000065, 35.55682775100007]]], [[[27.008842324000057, 37.72994563200007], [26.69514298400003, 37.449982730000045], [26.282381435000048, 37.49199872100007], [26.23569774200007, 37.63221860800007], [26.626448260000075, 37.61113822300007], [26.584233005000044, 37.77788140100006], [26.864400540000076, 37.85294378100008], [27.008842324000057, 37.72994563200007]]], [[[26.389623449000055, 39.341906779000055], [26.48051931400005, 39.16321379200008], [26.42681096700005, 38.98340551900003], [26.164917252000066, 39.01053968900004], [26.164917252000066, 39.19144642400005], [26.021681305000072, 39.098338529000046], [25.85242397500008, 39.205018282000026], [25.911654241000065, 39.27844416800008], [26.389623449000055, 39.341906779000055]]], [[[28.077655220000054, 36.118158718000075], [27.860562406000042, 35.92257925700005], [27.722595246000026, 35.928762781000046], [27.699571904000038, 36.118158718000075], [27.704829162000067, 36.26426746800007], [28.092919492000078, 36.391258718000074], [28.077655220000054, 36.118158718000075]]], [[[25.611431202000063, 37.129611143000034], [25.64189063400005, 36.88511501600004], [25.441323556000043, 36.85967581500006], [25.363229817000047, 37.023775399000044], [25.166347895000058, 36.91218733000005], [25.026237611000056, 36.99955009300004], [25.142784735000077, 37.17067201900005], [25.611431202000063, 37.129611143000034]]], [[[26.15543018900007, 38.310740632000034], [26.01194417000005, 38.15286631600003], [25.917352080000057, 38.24939654700006], [25.99017696100003, 38.388946658000066], [25.834319548000053, 38.54185662800006], [26.00345679800006, 38.60184072200008], [26.16253068000003, 38.551209939000046], [26.15543018900007, 38.310740632000034]]], [[[20.709021190000044, 38.45191867300008], [20.709021190000044, 38.05975323900003], [20.382746145000056, 38.21008678700008], [20.52503596100007, 38.42928272100005], [20.709021190000044, 38.45191867300008]]], [[[24.597672722000027, 38.118155271000035], [24.407231385000046, 37.91186900100007], [24.093158146000064, 38.09508445500006], [24.21943857800005, 38.19119121800003], [24.597672722000027, 38.118155271000035]]], [[[23.13879705900007, 36.367573965000076], [23.05337781000003, 36.02745387900006], [22.854618189000064, 36.14149760000004], [22.838407433000043, 36.367573965000076], [23.13879705900007, 36.367573965000076]]], [[[25.608763314000043, 36.402750852000054], [25.49126447100008, 36.21906972800008], [25.195117997000068, 36.45054438200003], [25.442771169000025, 36.575830274000054], [25.608763314000043, 36.402750852000054]]], [[[20.950572606000037, 37.748934245000044], [20.86421507500006, 37.60886899600007], [20.546787176000066, 37.82925334300006], [20.679660710000064, 38.00531198600004], [20.950572606000037, 37.748934245000044]]], [[[24.029560918000072, 40.17556648400006], [24.059946487000047, 39.927906294000024], [23.781722858000023, 39.96590211100005], [23.689453178000065, 40.20056585100008], [24.029560918000072, 40.17556648400006]]], [[[25.072361843000067, 37.91271078300008], [24.987604778000048, 37.66711916000003], [24.666060483000024, 37.86948176800007], [24.868987059000062, 38.012003400000026], [25.072361843000067, 37.91271078300008]]], [[[25.744191270000044, 40.367357113000025], [25.504209381000067, 40.28935957500005], [25.410742390000053, 40.43915538700003], [25.50418865000006, 40.602042538000035], [25.723144270000034, 40.558737489000066], [25.744191270000044, 40.367357113000025]]], [[[24.093661120000036, 38.99014906800005], [23.88644514400005, 38.894181539000044], [23.783984949000057, 39.10395793200007], [24.11616339300008, 39.27881135900003], [24.093661120000036, 38.99014906800005]]], [[[20.847423736000053, 38.65705404100004], [20.48806012400007, 38.52442091700004], [20.564868373000024, 38.81613400100008], [20.72188169700007, 38.90685335500007], [20.847423736000053, 38.65705404100004]]], [[[19.883129156000052, 39.563837214000046], [19.73081785000005, 39.55999865600006], [19.54477087300006, 39.778391044000045], [19.787318930000026, 39.85705296700007], [19.92330496200003, 39.78136278200003], [19.883129156000052, 39.563837214000046]]], [[[25.263225032000037, 40.06080856700004], [25.289034942000058, 39.75291197400003], [24.985067444000038, 39.81120029300007], [24.978007732000037, 39.99601049300003], [25.263225032000037, 40.06080856700004]]], [[[21.24343045300003, 37.19525981400005], [20.935447638000028, 37.10038085700006], [20.761657944000035, 37.24257571700008], [21.14525673600008, 37.38127558000008], [21.24343045300003, 37.19525981400005]]]]}}, {"type": "Feature", "properties": {"NUTS_ID": "ES", "LEVL_CODE": 0, "CNTR_CODE": "ES", "NAME_LATN": "España", "NUTS_NAME": "España", "MOUNT_TYPE": 0, "URBN_TYPE": 0, "COAST_TYPE": 0, "NAME_ENGL": "Spain", "NAME_FREN": "Espagne", "ISO3_CODE": "ESP", "SVRG_UN": "UN Member State", "CAPT": "Madrid", "EU_STAT": "T", "EFTA_STAT": "F", "CC_STAT": "F", "NAME_GERM": "Spanien"}, "geometry": {"type": "MultiPolygon", "coordinates": [[[[-7.601385854999933, 43.67310873400004], [-7.031837, 43.54447149900005], [-5.853529024999943, 43.61201763200006], [-4.512301, 43.393203999000036], [-3.373935246999963, 43.40818096700008], [-3.153338, 43.35322199900003], [-2.786280659999932, 43.430533223000054], [-2.459229208999943, 43.33467722900008], [-2.12295036699993, 43.33467722900008], [-1.893272127999978, 43.34544761600006], [-1.785978, 43.350478999000075], [-1.769396164999932, 43.33467722900008], [-1.728903, 43.29608899900006], [-1.438879990999965, 43.257941233000054], [-0.724501, 42.92015849900008], [-0.313342, 42.849364999000045], [0.477755500000058, 42.70001999900006], [0.660127, 42.69095249900005], [0.745306729000049, 42.74891283900007], [0.858215, 42.82574099900006], [1.329800956000042, 42.69991677400003], [1.442566, 42.60366799900004], [1.495604398000069, 42.47356773100006], [1.725801, 42.50440199900004], [1.731011, 42.49240099900004], [3.174804, 42.43537499900003], [3.075814301000037, 41.949633479000056], [2.778513, 41.64880749900004], [1.645323500000075, 41.195621499000026], [0.929956010000069, 40.97730117800006], [0.745306729000049, 40.77499133400005], [0.515238500000066, 40.52291849900007], [-0.188467, 39.72195449900005], [-0.296027788999936, 39.37739380800008], [-0.037616, 38.88641349900007], [0.144215616000054, 38.706098703000066], [-0.431933883999932, 38.37806051900003], [-0.762135499999943, 37.84700799900003], [-1.630033, 37.37518299900006], [-1.785876667999958, 37.18053376900008], [-1.893272127999978, 37.04639650200005], [-2.097876002999953, 36.790845621000074], [-2.786280659999932, 36.76416089700007], [-3.128691, 36.75088799900004], [-3.373935246999963, 36.74598834200003], [-3.777457499999969, 36.737926499000025], [-4.379822459999957, 36.69865733000006], [-5.252405, 36.31127549900003], [-5.339225, 36.15203499900008], [-5.35152249999993, 36.15256899900004], [-5.369366684999932, 36.15537332700006], [-5.42346491099994, 36.16746009800005], [-5.44557175999995, 36.07137363800007], [-5.595122019999963, 36.01485989200006], [-5.792573302999926, 36.08172580100006], [-5.906845720999968, 36.17603543100006], [-6.035531916999958, 36.19202304700008], [-6.408662540999956, 36.67053961400006], [-6.430010601999925, 36.73747992400007], [-6.345561, 36.798766999000065], [-6.945123199999955, 37.159345803000065], [-7.40191649999997, 37.17482749900006], [-7.51269149999996, 37.526256499000056], [-7.445669996999925, 37.69404028300005], [-6.931738499999938, 38.20837799900005], [-7.107952499999953, 38.18812149900003], [-7.275830141999961, 38.45387634900004], [-7.203135, 38.751017499000056], [-7.020894824999971, 39.01271171500008], [-7.231467, 39.27843099900008], [-7.542929, 39.662814999000034], [-7.010638565999955, 39.73634547700004], [-6.95129849999995, 40.257445999000026], [-6.865144, 40.27069449900006], [-6.802239095999937, 40.528793036000025], [-6.929903499999966, 41.02946649900008], [-6.689786, 41.20524149900007], [-6.479713, 41.29437999900006], [-6.300772837999943, 41.59238494900006], [-6.637460935999968, 41.89837996800003], [-6.985800499999925, 41.97144699900008], [-7.200464499999953, 41.87974949900007], [-8.05186249999997, 41.820613999000045], [-8.165075499999944, 41.81830199900003], [-8.199000499999954, 42.15441899900003], [-8.863186, 41.87206649900003], [-8.785963110999944, 42.33402618900004], [-8.726749499999926, 42.688251499000046], [-8.962065724999945, 42.63026505900007], [-9.209262635999949, 42.97897168500003], [-9.133560572999954, 43.08073981800004], [-8.990482725999925, 43.27308286400006], [-8.62889041699998, 43.33467722900008], [-8.323930220999955, 43.38662476600007], [-7.699736499999972, 43.735114999000075], [-7.601385854999933, 43.67310873400004]]], [[[3.027163615000063, 39.92856292000005], [3.141349798000022, 39.77098049500006], [3.340218028000038, 39.78506627100006], [3.446893921000026, 39.656558723000046], [3.224491096000065, 39.36428422900008], [3.048574662000021, 39.27176477100005], [2.790114774000074, 39.36747948200008], [2.635417456000027, 39.56780912600004], [2.525866436000058, 39.46089129200004], [2.409424484000056, 39.59095630200005], [2.781592955000065, 39.85109522600004], [3.027163615000063, 39.92856292000005]]], [[[-16.42570223599995, 28.15042546600006], [-16.70835617599994, 28.008212163000053], [-16.926514183999927, 28.352209688000073], [-16.522902445999932, 28.418459291000033], [-16.318217474999926, 28.579848519000052], [-16.22244378199997, 28.530583926000077], [-16.42570223599995, 28.15042546600006]]], [[[-15.372951815999954, 27.85089920400003], [-15.601087508999967, 27.72046609000006], [-15.849982628999953, 27.971733938000057], [-15.704119387999981, 28.162832239000068], [-15.417173481999953, 28.157157015000053], [-15.372951815999954, 27.85089920400003]]], [[[-13.90454193499994, 28.231538224000076], [-14.24216712499998, 28.201126517000034], [-14.039187882999954, 28.614975779000076], [-13.874029366999935, 28.79749294000004], [-13.800385984999934, 28.610093946000063], [-13.90454193499994, 28.231538224000076]]], [[[-17.736140982999927, 28.545197142000063], [-17.879184196999972, 28.49266231400003], [-18.040735900999948, 28.793376238000064], [-17.759003305999954, 28.871618992000037], [-17.736140982999927, 28.545197142000063]]], [[[-13.437118532999932, 29.002169820000063], [-13.799544630999947, 28.858503212000073], [-13.877036087999954, 28.939475772000037], [-13.855480819999968, 29.035759033000033], [-13.46108245499994, 29.156521158000032], [-13.437118532999932, 29.002169820000063]]], [[[-17.80238204099993, 27.855819050000036], [-17.97805068899993, 27.566464824000036], [-18.262266543999942, 27.710081596000066], [-17.867290844999957, 27.91741494200005], [-17.80238204099993, 27.855819050000036]]], [[[1.574731469000028, 39.04045756100004], [1.384618172000046, 38.80218688100007], [1.132750634000047, 38.87456719000005], [1.246271599000067, 39.07890543700006], [1.574731469000028, 39.04045756100004]]], [[[4.391037526000048, 39.86172718100005], [4.190661611000053, 39.798069001000044], [3.906763520000027, 39.99861969700004], [4.158595090000063, 40.10707656200003], [4.391037526000048, 39.86172718100005]]], [[[-17.003953834999948, 28.08004427700007], [-17.25536419799994, 27.951673396000047], [-17.43285993099994, 28.08851339200004], [-17.281665414999964, 28.290855823000072], [-17.003953834999948, 28.08004427700007]]], [[[-5.348897416999932, 35.90782137900004], [-5.336303568999938, 35.89517679000005], [-5.325161550999951, 35.899918281000055], [-5.314558487999932, 35.88989190700005], [-5.301913040999978, 35.893705805000025], [-5.297826258999976, 35.900970338000036], [-5.287883316999967, 35.90591327300007], [-5.279202745999953, 35.899905010000055], [-5.280131362999953, 35.895482816000026], [-5.287982190999969, 35.89096035000006], [-5.306182553999975, 35.88489862700004], [-5.319587742999943, 35.88635671700007], [-5.32807405899996, 35.87932889600006], [-5.337814623999975, 35.87812495800006], [-5.34337063199996, 35.87087626600004], [-5.38193549999994, 35.913023499000076], [-5.377675090999958, 35.915968974000066], [-5.364974637999978, 35.91667742800007], [-5.348897416999932, 35.90782137900004]]], [[[-2.937043998999968, 35.28260840100006], [-2.932300496999972, 35.27757106000007], [-2.969832895999957, 35.29327423600006], [-2.952486499999964, 35.319768999000075], [-2.945857558999933, 35.31408960400006], [-2.945698369999945, 35.307708895000076], [-2.931993169999942, 35.29341300100003], [-2.935947673999976, 35.29136544100004], [-2.937043998999968, 35.28260840100006]]]]}}, {"type": "Feature", "properties": {"NUTS_ID": "FI", "LEVL_CODE": 0, "CNTR_CODE": "FI", "NAME_LATN": "Suomi/Finland", "NUTS_NAME": "Suomi/Finland", "MOUNT_TYPE": 0, "URBN_TYPE": 0, "COAST_TYPE": 0, "NAME_ENGL": "Finland", "NAME_FREN": "Finlande", "ISO3_CODE": "FIN", "SVRG_UN": "UN Member State", "CAPT": "Helsinki", "EU_STAT": "T", "EFTA_STAT": "F", "CC_STAT": "F", "NAME_GERM": "Finnland"}, "geometry": {"type": "MultiPolygon", "coordinates": [[[[28.896657488000073, 69.04263701800005], [28.47817572200006, 68.51091885400007], [28.638753154000028, 68.23752164400008], [28.896657488000073, 68.15151073700008], [29.956007844000055, 67.64523340600005], [29.127258355000038, 66.99082800100007], [29.46430717900006, 66.54915926300004], [29.572938500000078, 66.43285599900008], [30.07845142700006, 65.77040252100005], [29.754731500000048, 65.49736949900006], [29.70090298100007, 64.90854483400005], [30.044343112000035, 64.73877666600004], [30.05980918100005, 64.54695307100008], [30.06863565900005, 64.43747943100004], [30.48844286900004, 64.15735537300003], [30.280462580000062, 63.850870592000035], [29.971917, 63.75716549900005], [31.127968588000044, 63.25778072800006], [31.521815857000036, 62.89422790100008], [31.186292107000043, 62.487204887000075], [30.143966500000033, 61.85223799900007], [27.991279500000076, 60.668978999000046], [27.803568, 60.54862399900003], [27.45417125700004, 60.42360540400006], [26.73042384100006, 60.40754979900004], [26.453932, 60.487652499000035], [23.46992199400006, 59.87567657900007], [23.003372958000057, 59.88673793400005], [22.989619795000067, 60.082590752000044], [22.526019990000066, 59.95116151000008], [22.214097005000042, 60.22348340000008], [21.37269537700007, 60.11119632100008], [21.17871604100003, 60.78552303300006], [21.420671953000067, 61.045492153000055], [21.59369577800004, 61.538598842000056], [21.32957, 61.95388599900008], [21.115954441000042, 62.712726134000036], [21.17993567600007, 63.07659754100007], [23.023379354000042, 63.850870592000035], [23.617333, 64.04877199900005], [24.298167401000057, 64.54695307100008], [24.562044797000055, 64.77699715700004], [24.541176260000043, 65.07916806000003], [24.816265481000073, 65.09809557300008], [24.908548849000056, 64.86449112500003], [25.260802953000052, 64.94323258700007], [25.08460750000006, 65.58894949900008], [24.660249185000055, 65.66764055300007], [24.155129, 65.81602699900003], [23.765562130000035, 66.27389239800004], [23.845309275000034, 66.83698800200006], [23.40780632600007, 68.02300861700007], [20.548636500000043, 69.05996849900004], [21.03324826900007, 69.23480532600007], [21.310315850000052, 69.30653751100004], [21.588840693000066, 69.27858431300007], [21.69185318800004, 69.23480532600007], [21.983611500000052, 69.07289349900003], [23.075685084000042, 68.67564241600007], [24.028901794000035, 68.78015797500007], [25.01195971900006, 68.64287037700007], [25.63800956600005, 68.96323131700007], [26.076315848000036, 69.72561131500004], [27.747210623000058, 70.06018756900005], [29.153650447000075, 69.58802403300007], [28.896657488000073, 69.04263701800005]]], [[[20.550044352000043, 60.09613029800005], [20.13647573000003, 60.035488343000054], [19.548032742000032, 60.22368577300006], [19.63239387400006, 60.320015786000056], [20.13647573000003, 60.337274412000056], [20.40088986300003, 60.31362786400007], [20.550044352000043, 60.09613029800005]]], [[[22.156175102000077, 59.79489577500004], [21.943653838000046, 59.68855885900007], [21.847044104000076, 59.841927257000066], [21.764877659000035, 59.97236686700006], [22.074478382000052, 60.00043692200006], [22.156175102000077, 59.79489577500004]]], [[[21.10616484600007, 60.46518109300007], [21.059481283000025, 60.26933112800003], [20.709228550000034, 60.29829274100007], [20.879106636000074, 60.55943368700008], [21.10616484600007, 60.46518109300007]]]]}}, {"type": "Feature", "properties": {"NUTS_ID": "FR", "LEVL_CODE": 0, "CNTR_CODE": "FR", "NAME_LATN": "France", "NUTS_NAME": "France", "MOUNT_TYPE": 0, "URBN_TYPE": 0, "COAST_TYPE": 0, "NAME_ENGL": "France", "NAME_FREN": "France", "ISO3_CODE": "FRA", "SVRG_UN": "UN Member State", "CAPT": "Paris", "EU_STAT": "T", "EFTA_STAT": "F", "CC_STAT": "F", "NAME_GERM": "Frankreich"}, "geometry": {"type": "MultiPolygon", "coordinates": [[[[2.863276, 50.70834349900008], [2.870144, 50.70289999900007], [2.886391175000028, 50.705703569000036], [2.900403, 50.69327149900005], [2.909228494000047, 50.69446625100005], [2.911644598000066, 50.703099605000034], [2.922303, 50.70279299900005], [2.930049451000059, 50.71166088500007], [2.930551593000075, 50.72624624600007], [2.93715, 50.73003749900005], [2.944161434000023, 50.732037020000064], [2.937994250000031, 50.740194227000075], [2.940103, 50.74534999900004], [2.95662197200005, 50.75293834100006], [2.96415931000007, 50.74995773100005], [2.972211145000074, 50.75021143500004], [2.983272, 50.75717149900004], [3.005893542000024, 50.766080343000056], [3.011207669000044, 50.770200155000055], [3.014893250000057, 50.77357667000007], [3.018708500000059, 50.773532999000054], [3.098481, 50.77901899900007], [3.245294, 50.713009499000066], [3.389730291000035, 50.54527837100005], [3.615081500000031, 50.490398999000035], [3.65551, 50.46173549900004], [3.740666119000025, 50.35804457100005], [4.027774500000021, 50.35833049900003], [4.140853, 49.97875999900003], [4.233133, 49.95782849900007], [4.432494, 49.94161599900008], [4.792791636000061, 50.14700057600004], [4.969431, 49.80182599900007], [5.153738500000031, 49.717925999000045], [5.393511, 49.61711099900003], [5.470883, 49.49723799900005], [5.734556, 49.545690499000045], [5.818117, 49.54631049900007], [5.893386, 49.49694449900005], [6.367107500000031, 49.46950699900003], [6.556986, 49.419208499000035], [6.723465500000032, 49.21882899900004], [7.101069, 49.15599799900008], [7.264279993000059, 49.133797568000034], [7.36875550000002, 49.16145799900005], [7.635651, 49.05395049900005], [7.910654500000021, 49.04516349900007], [8.068407500000035, 48.99931649900003], [8.232633, 48.966571499000054], [7.95963050000006, 48.71858099900004], [7.680713, 48.25726699900008], [7.577919500000064, 48.12139199900008], [7.577291, 48.11565499900007], [7.581396899000026, 47.914534220000064], [7.545990500000073, 47.743573999000034], [7.589039, 47.589877999000066], [7.555159500000059, 47.56456399900003], [7.510905500000035, 47.50258249900003], [7.380894, 47.43189249900007], [7.130353, 47.503040499000065], [6.939186, 47.433704499000044], [6.858361992000027, 47.167234972000074], [6.860184, 47.16545999900006], [6.462968871000044, 46.851131113000065], [6.138106, 46.55766699900005], [6.064003, 46.416228999000055], [6.125608, 46.31722999900006], [5.956067, 46.13209549900006], [6.177574940000056, 46.18160657900006], [6.24136, 46.343582499000036], [6.462968871000044, 46.432012333000046], [6.821064, 46.42715449900004], [7.044886, 45.92241299900007], [6.802368500000057, 45.77856199900003], [7.104723, 45.468454499000075], [7.131083476000072, 45.26707165000005], [6.630051, 45.109856499000045], [7.065755, 44.713464499000054], [6.948443, 44.654741999000066], [6.887428, 44.36128699900007], [7.714236500000027, 44.06151349900006], [7.529827, 43.78400799900004], [7.439249, 43.74901949900004], [7.437358, 43.75163249900004], [7.412929674000054, 43.732782273000055], [7.410282962000053, 43.72934965800005], [7.414657701000067, 43.72657069300004], [6.931325500000071, 43.48025799900006], [6.462968871000044, 43.156684057000064], [5.671879500000045, 43.179268999000044], [4.230280500000049, 43.46018349900004], [4.101083500000072, 43.55470549900008], [3.563086626000029, 43.34100026900006], [3.407007876000023, 43.279002055000035], [3.240516, 43.212867499000026], [3.04340650000006, 42.83817249900005], [3.052319864000026, 42.68926112200006], [3.174804, 42.43537499900003], [1.731011, 42.49240099900004], [1.725801, 42.50440199900004], [1.786098500000037, 42.573657999000034], [1.442566, 42.60366799900004], [1.329800956000042, 42.69991677400003], [0.858215, 42.82574099900006], [0.745306729000049, 42.74891283900007], [0.660127, 42.69095249900005], [0.477755500000058, 42.70001999900006], [-0.313342, 42.849364999000045], [-0.724501, 42.92015849900008], [-1.438879990999965, 43.257941233000054], [-1.728903, 43.29608899900006], [-1.769396164999932, 43.33467722900008], [-1.785978, 43.350478999000075], [-1.524757499999964, 43.52959499900004], [-1.254086, 44.46763849900003], [-1.139331532999961, 45.41314198900005], [-0.714825499999961, 45.328369999000074], [-1.143827026999929, 45.79546971800005], [-1.16251516799997, 46.32417761500005], [-1.785876667999958, 46.52788584900003], [-1.893272127999978, 46.64648137700004], [-2.015835430999971, 46.781826573000046], [-1.980464499999925, 47.02872199900003], [-2.458476, 47.448004999000034], [-2.786280659999932, 47.56363179300007], [-3.091564905999974, 47.44370816400004], [-3.373935246999963, 47.70906261300007], [-3.523001499999964, 47.84914599900003], [-4.325126342999965, 47.88132097500005], [-4.36427729299993, 48.15801133400004], [-4.659266466999952, 48.39327458900004], [-4.434180996999942, 48.62037902900005], [-3.659154, 48.65942399900007], [-3.373935246999963, 48.73068432400004], [-3.122082482999929, 48.79360834300007], [-2.786280659999932, 48.58492114200004], [-1.948051, 48.53891949900003], [-1.5711, 48.62650099900003], [-1.761348991999967, 49.51601051100005], [-1.410084403999974, 49.60937026700003], [-1.119587499999966, 49.32226699900008], [0.297221500000035, 49.429903499000034], [0.644300500000043, 49.44309349900004], [0.691081581000049, 49.50731422000007], [0.745306729000049, 49.51833522600003], [0.745306729000049, 49.52087889300003], [0.745306729000049, 49.52342256000003], [0.116714108000053, 49.539058012000055], [0.271748979000051, 49.730704194000054], [0.745306729000049, 49.870850707000045], [1.37964, 50.065120499000045], [1.644737, 50.35041299900007], [1.578478379000046, 50.58945765100003], [1.647184465000066, 50.86308939300005], [2.067691500000024, 51.00662649900005], [2.546011, 51.08938199900007], [2.607036, 50.91268949900007], [2.863276, 50.70834349900008]]], [[[-52.52920030299998, 2.588017768000043], [-52.96597262999995, 2.212344056000063], [-53.73916946799994, 2.29556995400003], [-54.18044438499999, 2.13785359700006], [-54.587887, 2.32207150000005], [-54.326036518999956, 2.588017768000043], [-54.016317096999956, 3.559276149000027], [-54.43528802599997, 4.386040129000037], [-54.29803316099998, 5.236288694000052], [-54.00564749999995, 5.602542], [-53.85174487699993, 5.694940990000021], [-53.06599051799998, 5.474531364000029], [-52.72186806199994, 5.236288694000052], [-51.847495554999966, 4.61648586900003], [-51.655462, 4.055989500000067], [-52.52920030299998, 2.588017768000043]]], [[[9.34966924500003, 41.73313085400008], [9.241020637000076, 41.47347595700006], [8.987180871000021, 41.513647639000055], [8.893410673000062, 41.73313085400008], [8.734136143000057, 42.10593678300006], [8.61996431700004, 42.37317306800003], [9.411850805000029, 42.797035306000055], [9.402197500000057, 41.85866599900004], [9.34966924500003, 41.73313085400008]]], [[[55.84982838800005, -21.185779218999983], [55.78581326700004, -21.375651992999963], [55.33043010600005, -21.287589982999975], [55.20195397600003, -21.035040884999944], [55.44708861400005, -20.859654902999978], [55.65292073300003, -20.90558804899996], [55.84982838800005, -21.185779218999983]]], [[[-61.56380773999996, 16.151770876000057], [-61.72210123199994, 15.960906455000043], [-61.84072546099998, 16.27874061500006], [-61.54347778799996, 16.389799563000054], [-61.45636706099998, 16.549878799000055], [-61.288913380999986, 16.294209281000064], [-61.56380773999996, 16.151770876000057]]], [[[-60.797707267999954, 14.505273058000057], [-60.94846626999998, 14.433239376000074], [-61.195721023999965, 14.774542653000026], [-60.869583225999975, 14.798365921000027], [-60.797707267999954, 14.505273058000057]]], [[[45.339217860000076, -12.714287019999972], [45.239220955000064, -13.05346334099994], [45.022270294000066, -12.922895475999951], [45.10905758800004, -12.680841820999945], [45.339217860000076, -12.714287019999972]]], [[[-61.07494717999998, 15.950117418000048], [-61.29683548099996, 15.75205556900005], [-61.45563290399997, 15.950117418000048], [-61.28904949399998, 16.133616140000072], [-61.07494717999998, 15.950117418000048]]]]}}, {"type": "Feature", "properties": {"NUTS_ID": "HR", "LEVL_CODE": 0, "CNTR_CODE": "HR", "NAME_LATN": "Hrvatska", "NUTS_NAME": "Hrvatska", "MOUNT_TYPE": 0, "URBN_TYPE": 0, "COAST_TYPE": 0, "NAME_ENGL": "Croatia", "NAME_FREN": "Croatie", "ISO3_CODE": "HRV", "SVRG_UN": "UN Member State", "CAPT": "Zagreb", "EU_STAT": "T", "EFTA_STAT": "F", "CC_STAT": "F", "NAME_GERM": "Kroatien"}, "geometry": {"type": "MultiPolygon", "coordinates": [[[[17.651499, 45.84783549900004], [17.912089500000036, 45.79078049900005], [18.821306, 45.914382999000054], [18.889734, 45.92118049900006], [19.033942, 45.48682149900003], [19.005262, 45.434630499000036], [19.07709045400003, 45.34049466700003], [19.425167500000043, 45.167692499000054], [19.137281039000072, 45.11871904100008], [19.022069500000043, 44.855353999000044], [18.83366219000004, 44.87012004500008], [18.740760523000063, 45.02065020900005], [18.529673, 45.08750899900008], [18.018983909000042, 45.12936343800004], [17.833910527000057, 45.06152968400005], [17.443305887000065, 45.15970145000006], [17.141193, 45.16328799900003], [16.253725941000027, 45.06755523700008], [15.840023, 45.22447199900006], [15.736722, 44.93563099900007], [16.132175, 44.454533999000034], [16.172449047000043, 44.20921792000007], [16.438383613000042, 44.042466277000074], [16.544348, 43.97417849900006], [17.45084550000007, 43.17686849900008], [18.153923263000024, 42.68926112200006], [18.438104, 42.555704999000056], [18.525213, 42.42046299900005], [17.936362716000076, 42.68776071000008], [17.64915650000006, 42.88892349900004], [17.581335, 42.93842299900007], [17.35605350000003, 43.08416099900006], [16.938919756000075, 43.333422391000056], [16.016526, 43.50190999900008], [15.53919271600006, 43.85784638000007], [15.324405303000049, 43.94734322900007], [15.324405303000049, 43.913561849000075], [15.324405303000049, 43.90942100900003], [15.324405303000049, 43.87622356400004], [15.324405303000049, 43.87201059100005], [15.324405303000049, 43.86651550600004], [15.324405303000049, 43.84879667300004], [15.324405303000049, 43.81848959100006], [15.324405303000049, 43.79126976800006], [15.222384558000044, 43.87138152000006], [15.038770438000029, 44.13567205100003], [15.27862428700007, 44.36606234200008], [14.953977919000067, 44.54950237700007], [14.902514241000063, 44.690154445000076], [14.881276, 45.03114699900004], [14.526115048000065, 44.92654015000005], [14.226404, 45.15378049900005], [13.845343886000023, 44.888340079000045], [13.542985952000038, 45.34049466700003], [13.651296, 45.45405499900005], [14.111284500000068, 45.482335499000044], [14.118196500000067, 45.48123899900003], [14.390910012000063, 45.503422053000065], [14.570012500000075, 45.67294449900004], [15.226437500000031, 45.42708799900004], [15.331290500000023, 45.76285499900007], [15.404425, 45.79271699900005], [15.706407500000068, 45.975261999000054], [15.627262, 46.08595349900003], [15.791475500000047, 46.25932749900005], [15.87349450000005, 46.27931949900005], [16.301549, 46.378287999000065], [16.24214850000004, 46.490075499000056], [16.596805, 46.47590249900003], [16.854755, 46.35044099900006], [16.876043500000037, 46.320602499000074], [17.294325, 45.98854449900006], [17.443305887000065, 45.94959190700007], [17.651499, 45.84783549900004]]], [[[15.88543372600003, 42.96766863700003], [15.658199338000031, 42.908042256000044], [15.456493690000059, 42.992020610000054], [15.55227870400006, 43.05116695100003], [15.874764442000071, 43.14998150200006], [16.023566353000035, 43.099935576000064], [15.88543372600003, 42.96766863700003]]], [[[16.630787632000022, 42.29349502900004], [16.33049711900003, 42.27159992800006], [16.123312227000042, 42.39385833700004], [16.257483060000027, 42.49146069300008], [16.512489664000043, 42.46608225500006], [16.630787632000022, 42.29349502900004]]], [[[17.329428278000023, 42.967203710000035], [17.281339624000054, 42.85793547800006], [16.981831414000055, 42.86449649300005], [16.924776060000056, 42.95631496300007], [17.034399477000022, 43.08436708000005], [17.214540483000064, 43.09354507300003], [17.329428278000023, 42.967203710000035]]]]}}, {"type": "Feature", "properties": {"NUTS_ID": "HU", "LEVL_CODE": 0, "CNTR_CODE": "HU", "NAME_LATN": "Magyarország", "NUTS_NAME": "Magyarország", "MOUNT_TYPE": 0, "URBN_TYPE": 0, "COAST_TYPE": 0, "NAME_ENGL": "Hungary", "NAME_FREN": "Hongrie", "ISO3_CODE": "HUN", "SVRG_UN": "UN Member State", "CAPT": "Budapest", "EU_STAT": "T", "EFTA_STAT": "F", "CC_STAT": "F", "NAME_GERM": "Ungarn"}, "geometry": {"type": "MultiPolygon", "coordinates": [[[[21.410606333000032, 48.54970043600008], [22.12107750000007, 48.37831149900006], [22.155306, 48.40339649900005], [22.89627050000007, 47.954120499000055], [22.180837500000052, 47.60009449900008], [22.12832, 47.598089499000025], [21.658955, 47.02213149900007], [21.441398, 46.651466999000036], [21.14747118200006, 46.33588539600004], [20.7756, 46.27590999900008], [20.70530350000007, 46.160937499000056], [20.264296, 46.12637349900007], [20.13647573000003, 46.13405125100007], [19.86539, 46.15033449900005], [19.698099, 46.18793099900006], [19.30270950000005, 45.99155049900003], [18.889734, 45.92118049900006], [18.821306, 45.914382999000054], [17.912089500000036, 45.79078049900005], [17.651499, 45.84783549900004], [17.443305887000065, 45.94959190700007], [17.294325, 45.98854449900006], [16.876043500000037, 46.320602499000074], [16.854755, 46.35044099900006], [16.596805, 46.47590249900003], [16.370793500000048, 46.72224349900006], [16.113849, 46.86906799900004], [16.459442042000035, 47.04411389400008], [16.43376150000006, 47.352918499000054], [16.64622, 47.446596999000064], [16.421542500000044, 47.665297999000074], [16.99140403000007, 47.720036450000066], [17.160797500000058, 48.00665649900003], [17.24742750000007, 48.012008999000045], [17.705436500000076, 47.758992499000044], [17.893923, 47.739456999000026], [18.848478, 47.818227999000044], [18.760178861000043, 47.914534220000064], [18.928392, 48.05683249900005], [19.01432250000005, 48.077736499000025], [20.051879, 48.167703999000025], [20.463937, 48.463966999000036], [21.410606333000032, 48.54970043600008]]]]}}, {"type": "Feature", "properties": {"NUTS_ID": "IE", "LEVL_CODE": 0, "CNTR_CODE": "IE", "NAME_LATN": "Éire/Ireland", "NUTS_NAME": "Éire/Ireland", "MOUNT_TYPE": 0, "URBN_TYPE": 0, "COAST_TYPE": 0, "NAME_ENGL": "Ireland", "NAME_FREN": "Irlande", "ISO3_CODE": "IRL", "SVRG_UN": "UN Member State", "CAPT": "Dublin", "EU_STAT": "T", "EFTA_STAT": "F", "CC_STAT": "F", "NAME_GERM": "Irland"}, "geometry": {"type": "MultiPolygon", "coordinates": [[[[-7.841137676999949, 54.334889211000075], [-7.42910780099993, 54.18289061100006], [-7.18851049999995, 54.33768099900004], [-6.864229499999965, 54.33016549900003], [-6.643909, 54.18001949900008], [-6.594991, 54.044673999000054], [-6.268015499999933, 54.102336999000045], [-6.214899499999945, 53.633406999000044], [-6.084344380999937, 53.48417601700004], [-6.102773, 53.21077299900003], [-6.144516499999952, 52.73769649900004], [-6.48423792899996, 52.22184711300008], [-7.842156, 51.954218499000035], [-9.611633777999941, 51.509566336000034], [-10.219265353999958, 51.76774707700008], [-10.149746436999976, 52.247651907000034], [-9.375538042999949, 52.58776593300007], [-9.404355067999973, 52.96867051500004], [-9.009308499999975, 53.140817499000036], [-9.873386847999939, 53.33292946500006], [-10.157242613999927, 53.575088547000064], [-10.036813300999938, 53.77827293400003], [-10.169734364999954, 54.01522399800007], [-9.907282222999982, 54.26431928400007], [-9.132258499999978, 54.162360499000044], [-8.400369373999979, 54.47972078500004], [-8.642284280999945, 54.682402023000066], [-8.251290518999951, 55.13174212900003], [-7.313814863999937, 55.311004257000036], [-7.256068499999969, 55.06703499900004], [-7.655125649999945, 54.772940067000036], [-7.570156014999952, 54.64264636900003], [-7.841137676999949, 54.334889211000075]]]]}}, {"type": "Feature", "properties": {"NUTS_ID": "IS", "LEVL_CODE": 0, "CNTR_CODE": "IS", "NAME_LATN": "Ísland", "NUTS_NAME": "Ísland", "MOUNT_TYPE": 0, "URBN_TYPE": 0, "COAST_TYPE": 0, "NAME_ENGL": "Iceland", "NAME_FREN": "Islande", "ISO3_CODE": "ISL", "SVRG_UN": "UN Member State", "CAPT": "Reykjavík", "EU_STAT": "F", "EFTA_STAT": "T", "CC_STAT": "F", "NAME_GERM": "Island"}, "geometry": {"type": "MultiPolygon", "coordinates": [[[[-13.979477475999943, 65.57657735100008], [-13.758301203999963, 65.24119130400004], [-13.95504860099993, 64.85986389600004], [-14.990959566999948, 64.29254036700007], [-18.232518309999932, 63.49083709900003], [-20.13267234099993, 63.548213503000056], [-21.967726676999973, 63.88299575700006], [-22.125507, 64.04059899900005], [-21.75694446999995, 64.32557287100008], [-21.37004749999994, 64.38032599900004], [-22.10388931999995, 64.43237777400003], [-22.977057412999955, 64.80237082100007], [-22.54792770399996, 65.44710762500006], [-23.63342640199994, 65.47037132900005], [-23.95542217999997, 65.68350796800007], [-22.70108448299993, 66.28383639700007], [-21.899393906999933, 66.13888782100008], [-20.973001755999974, 65.52515863700006], [-20.08982243899993, 65.95051293100005], [-17.47180678999996, 66.06036646600006], [-16.01540597099995, 66.42118247400003], [-14.854869274999942, 66.06845247200005], [-13.979477475999943, 65.57657735100008]]]]}}, {"type": "Feature", "properties": {"NUTS_ID": "IT", "LEVL_CODE": 0, "CNTR_CODE": "IT", "NAME_LATN": "Italia", "NUTS_NAME": "Italia", "MOUNT_TYPE": 0, "URBN_TYPE": 0, "COAST_TYPE": 0, "NAME_ENGL": "Italy", "NAME_FREN": "Italie", "ISO3_CODE": "ITA", "SVRG_UN": "UN Member State", "CAPT": "Rome", "EU_STAT": "T", "EFTA_STAT": "F", "CC_STAT": "F", "NAME_GERM": "Italien"}, "geometry": {"type": "MultiPolygon", "coordinates": [[[[12.24074550000006, 47.06916849900006], [12.211668725000038, 46.89676780100007], [12.477924, 46.679835499000035], [12.690635, 46.65697199900006], [12.731393, 46.63428799900004], [13.504249500000071, 46.56630399900007], [13.714185, 46.522703499000045], [13.684032, 46.43747249900008], [13.511025224000036, 46.34837122500005], [13.496939, 46.05133499900006], [13.597145, 45.81952249900007], [13.596243, 45.80793749900005], [13.784653225000056, 45.74277965500005], [13.903210664000028, 45.63576203100007], [13.835956643000031, 45.58751506100003], [13.722140357000058, 45.59496424900004], [13.579783, 45.786951499000054], [13.450255538000022, 45.70403216900007], [13.352477088000057, 45.73543730800003], [13.098785500000076, 45.644532999000035], [12.227708760000041, 45.325536612000064], [12.330572, 45.16055049900007], [12.399056500000029, 44.79261549900008], [12.269892, 44.630007499000044], [12.384282, 44.22472649900004], [12.450349, 44.16218949900008], [12.750684840000076, 43.96966888000003], [13.172615, 43.75034599900005], [13.642096500000036, 43.47414249900004], [13.74297050000007, 43.29414699900008], [13.746218500000055, 43.28881449900007], [13.752142, 43.27773349900008], [13.757502500000044, 43.26730649900003], [13.764212, 43.25547399900006], [13.767507, 43.25015599900007], [13.774242, 43.23993149900008], [13.777659, 43.23518399900007], [13.790693, 43.19894149900006], [13.803945534000036, 43.17165298300006], [13.810803846000056, 43.16312968300008], [13.817920772000036, 43.14509115200008], [13.82911, 43.12681299900004], [13.841848, 43.10317299900004], [13.845545414000071, 43.09443713700006], [13.846695, 43.08013249900006], [13.849453, 43.066659499000025], [13.91573150000005, 42.89457699900004], [14.015448166000056, 42.68926112200006], [14.146906500000057, 42.53059649900007], [14.253960500000062, 42.44479849900006], [14.779647, 42.07002149900006], [15.138178500000038, 41.92700749900007], [16.04912143100006, 41.90555105100003], [16.040362149000032, 41.73313085400008], [16.02473850000007, 41.425590499000066], [16.542302500000062, 41.229440999000076], [17.388981, 40.89186349900007], [17.900555653000026, 40.68185267900003], [18.097453, 40.515377999000066], [18.434346683000058, 40.183919280000055], [18.328061327000057, 39.88036092700003], [18.10199420300006, 39.93697328500008], [17.763504500000067, 40.295506999000054], [16.867264, 40.39784549900003], [16.644317, 40.11909599900008], [16.53989359700006, 39.72145527400005], [17.025064500000042, 39.48357849900003], [17.10997376000006, 39.04929248500008], [16.890732, 38.92712849900005], [16.74761821100003, 38.882349368000064], [16.572390021000047, 38.71034925400005], [16.582084500000065, 38.469790499000055], [15.832685301000026, 37.93095797600006], [15.652846016000069, 38.14239827000006], [15.918956, 38.50676149900005], [16.213753500000053, 38.81043999900004], [16.093153, 39.04874299900007], [15.755958500000077, 39.92349599900007], [15.644945500000063, 40.042790499000034], [15.094044914000051, 40.17877942400003], [14.776223794000032, 40.56976392300004], [14.48127136000005, 40.64257258500004], [14.03213050000005, 40.89883899900008], [13.760795500000029, 41.223167999000054], [12.773321500000065, 41.41626399900008], [12.308676921000028, 41.73313085400008], [11.733844, 42.15805899900005], [11.44993850000003, 42.37767049900003], [10.705672500000048, 42.941864499000076], [10.299847, 43.58192899900007], [10.258118, 43.815146999000035], [10.143476, 43.97542049900005], [10.018769500000076, 44.04453599900006], [9.511344, 44.216675499000075], [8.63301, 44.37980349900005], [8.135351, 43.93894049900007], [7.529827, 43.78400799900004], [7.714236500000027, 44.06151349900006], [6.887428, 44.36128699900007], [6.948443, 44.654741999000066], [7.065755, 44.713464499000054], [6.630051, 45.109856499000045], [7.131083476000072, 45.26707165000005], [7.104723, 45.468454499000075], [6.802368500000057, 45.77856199900003], [7.044886, 45.92241299900007], [7.864076500000067, 45.916750499000045], [7.87713750000006, 45.92695499900003], [8.384717, 46.45215849900006], [8.713936, 46.09727199900004], [8.912147, 45.830444999000065], [9.159377500000062, 46.16960099900007], [9.24853150000007, 46.233767999000065], [9.347472248000031, 46.47198247800003], [10.050687629000038, 46.33497281700005], [10.173912125000072, 46.57977326500003], [10.452801, 46.53068299900008], [10.469651500000055, 46.85490899900003], [10.981675044000042, 46.80738071500008], [11.164281500000072, 46.96572249900004], [11.627199500000074, 47.01329899900003], [11.85717350300007, 47.00382740400005], [12.136014, 47.08066749900007], [12.24074550000006, 47.06916849900006]], [[12.362367999000071, 41.88427904900004], [12.391143416000034, 41.86899705500008], [12.51864517200005, 41.878445604000035], [12.48974965900004, 41.95472927900005], [12.432672808000063, 41.94016773200008], [12.362367999000071, 41.88427904900004]], [[12.453021363000062, 43.894454180000025], [12.462405500000045, 43.89375299900007], [12.468817374000025, 43.89657762600007], [12.487415500000054, 43.89645099900008], [12.493068692000065, 43.90686270000003], [12.470004063000033, 43.97302341300008], [12.45035729600005, 43.89718562500008], [12.453021363000062, 43.894454180000025]]], [[[13.226489313000059, 38.19325603200008], [14.183486, 38.01939649900004], [15.343181135000066, 38.16479951500003], [15.258082500000057, 37.80722399900003], [15.091499, 37.35770849900007], [15.24788267100007, 37.074689199000034], [15.000358, 36.70284749900003], [14.573211109000056, 36.769636426000034], [14.337594500000023, 37.00197999900007], [14.036207, 37.10602799900005], [12.896496, 37.57711849900005], [12.64469047800003, 37.63879268000005], [12.55030273500006, 37.93025941900004], [12.977262500000052, 38.04020599900008], [13.226489313000059, 38.19325603200008]]], [[[9.520695020000062, 39.18146579100005], [8.612392, 38.95778799900006], [8.365756641000075, 39.06930673200003], [8.393, 39.446529499000064], [8.50225450000005, 39.71300699900007], [8.466637817000048, 40.198438786000054], [8.399809, 40.407568499000035], [8.231552306000026, 40.79501511600006], [8.802688500000045, 40.93104799900004], [9.380432781000025, 41.19597028900006], [9.74937, 40.658096999000065], [9.628014116000031, 40.198438786000054], [9.651118500000052, 39.54932399900008], [9.520695020000062, 39.18146579100005]]], [[[12.193682625000065, 36.824554947000024], [11.994392939000022, 36.61044851200006], [11.760010962000024, 36.88156337400005], [11.855980742000042, 36.963585085000034], [12.193682625000065, 36.824554947000024]]]]}}, {"type": "Feature", "properties": {"NUTS_ID": "LI", "LEVL_CODE": 0, "CNTR_CODE": "LI", "NAME_LATN": "Liechtenstein", "NUTS_NAME": "Liechtenstein", "MOUNT_TYPE": 0, "URBN_TYPE": 0, "COAST_TYPE": 0, "NAME_ENGL": "Liechtenstein", "NAME_FREN": "Liechtenstein", "ISO3_CODE": "LIE", "SVRG_UN": "UN Member State", "CAPT": "Vaduz", "EU_STAT": "F", "EFTA_STAT": "T", "CC_STAT": "F", "NAME_GERM": "Liechtenstein"}, "geometry": {"type": "MultiPolygon", "coordinates": [[[[9.620580500000074, 47.15164549900004], [9.607078, 47.06077449900005], [9.47604750000005, 47.05179749900003], [9.530749, 47.27058099900006], [9.620580500000074, 47.15164549900004]]]]}}, {"type": "Feature", "properties": {"NUTS_ID": "LT", "LEVL_CODE": 0, "CNTR_CODE": "LT", "NAME_LATN": "Lietuva", "NUTS_NAME": "Lietuva", "MOUNT_TYPE": 0, "URBN_TYPE": 0, "COAST_TYPE": 0, "NAME_ENGL": "Lithuania", "NAME_FREN": "Lituanie", "ISO3_CODE": "LTU", "SVRG_UN": "UN Member State", "CAPT": "Vilnius", "EU_STAT": "T", "EFTA_STAT": "F", "CC_STAT": "F", "NAME_GERM": "Litauen"}, "geometry": {"type": "MultiPolygon", "coordinates": [[[[22.920517, 56.39914299900005], [23.15540158600004, 56.328836659000046], [24.1518, 56.253348499000026], [24.848476523000045, 56.367646163000074], [25.821386500000074, 56.052178999000034], [26.046154500000057, 55.944105999000044], [26.630365, 55.68066699900004], [26.740409726000053, 55.26386461800007], [26.64465487900003, 55.16078447600006], [26.31109615400004, 55.13246737000003], [26.19321291500006, 55.00339731400004], [25.957809577000035, 54.950648115000035], [25.770783811000058, 54.794297304000054], [25.76096562300006, 54.579093371000056], [25.669675681000058, 54.19496965600007], [24.835949500000027, 54.149027499000056], [24.475421535000066, 53.930931971000064], [23.51465, 53.956559999000035], [23.321498500000075, 54.253325999000026], [22.792095500000073, 54.36335899900007], [22.821521349000022, 54.82638323400005], [22.588968, 55.07025149900005], [21.651071, 55.17998349900006], [21.390285922000032, 55.26944694200006], [21.273511168000027, 55.245652247000066], [21.04997823900004, 55.91145201900008], [21.064238, 56.06913699900008], [21.978209, 56.38514299900004], [22.635563500000046, 56.368167999000036], [22.920517, 56.39914299900005]]]]}}, {"type": "Feature", "properties": {"NUTS_ID": "LU", "LEVL_CODE": 0, "CNTR_CODE": "LU", "NAME_LATN": "Luxembourg", "NUTS_NAME": "Luxembourg", "MOUNT_TYPE": 0, "URBN_TYPE": 0, "COAST_TYPE": 0, "NAME_ENGL": "Luxembourg", "NAME_FREN": "Luxembourg", "ISO3_CODE": "LUX", "SVRG_UN": "UN Member State", "CAPT": "Luxembourg", "EU_STAT": "T", "EFTA_STAT": "F", "CC_STAT": "F", "NAME_GERM": "Luxemburg"}, "geometry": {"type": "MultiPolygon", "coordinates": [[[[6.137662500000033, 50.12995149900007], [6.474962500000061, 49.82127499900008], [6.380052500000033, 49.551104999000074], [6.367107500000031, 49.46950699900003], [5.893386, 49.49694449900005], [5.818117, 49.54631049900007], [5.746319, 49.85359499900005], [6.02489950000006, 50.18277949900005], [6.137662500000033, 50.12995149900007]]]]}}, {"type": "Feature", "properties": {"NUTS_ID": "LV", "LEVL_CODE": 0, "CNTR_CODE": "LV", "NAME_LATN": "Latvija", "NUTS_NAME": "Latvija", "MOUNT_TYPE": 0, "URBN_TYPE": 0, "COAST_TYPE": 0, "NAME_ENGL": "Latvia", "NAME_FREN": "Lettonie", "ISO3_CODE": "LVA", "SVRG_UN": "UN Member State", "CAPT": "Riga", "EU_STAT": "T", "EFTA_STAT": "F", "CC_STAT": "F", "NAME_GERM": "Lettland"}, "geometry": {"type": "MultiPolygon", "coordinates": [[[[27.690777, 57.37056099900008], [28.154555500000072, 56.16984349900008], [27.63123994700004, 55.87369024800006], [26.630365, 55.68066699900004], [26.046154500000057, 55.944105999000044], [25.821386500000074, 56.052178999000034], [24.848476523000045, 56.367646163000074], [24.1518, 56.253348499000026], [23.15540158600004, 56.328836659000046], [22.920517, 56.39914299900005], [22.635563500000046, 56.368167999000036], [21.978209, 56.38514299900004], [21.064238, 56.06913699900008], [21.07296143700006, 56.78427341000008], [21.713220886000045, 57.540006625000046], [22.491761718000078, 57.70454687900008], [23.14689050000004, 57.31625799900007], [23.477038665000066, 57.045218359000046], [23.934532500000046, 57.00637049900007], [24.11920250000003, 57.08628999900003], [24.381934082000043, 57.316695680000066], [24.35281750000007, 57.87655649900006], [24.834082500000022, 57.97277949900007], [25.046307, 58.04014599900006], [26.454869908000035, 57.55492747900007], [27.351579, 57.51823699900007], [27.690777, 57.37056099900008]]]]}}, {"type": "Feature", "properties": {"NUTS_ID": "ME", "LEVL_CODE": 0, "CNTR_CODE": "ME", "NAME_LATN": "Crna Gora", "NUTS_NAME": "Црна Гора", "MOUNT_TYPE": 0, "URBN_TYPE": 0, "COAST_TYPE": 0, "NAME_ENGL": "Montenegro", "NAME_FREN": "Monténégro", "ISO3_CODE": "MNE", "SVRG_UN": "UN Member State", "CAPT": "Podgorica", "EU_STAT": "F", "EFTA_STAT": "F", "CC_STAT": "T", "NAME_GERM": "Montenegro"}, "geometry": {"type": "MultiPolygon", "coordinates": [[[[20.063936500000068, 43.00682399900006], [20.352928500000075, 42.83338149900004], [20.0763, 42.55582349900004], [19.830997500000024, 42.46644549900003], [19.66233844900006, 42.54691659700006], [19.488027806000048, 42.39292650400006], [19.392414045000066, 42.29562070900005], [19.384059026000045, 42.10593678300006], [19.372528, 41.84414799900003], [18.525213, 42.42046299900005], [18.438104, 42.555704999000056], [18.706683458000043, 43.15535400400006], [19.224069, 43.52754099900005], [20.063936500000068, 43.00682399900006]]]]}}, {"type": "Feature", "properties": {"NUTS_ID": "MK", "LEVL_CODE": 0, "CNTR_CODE": "MK", "NAME_LATN": "Severna Makedonija", "NUTS_NAME": "Северна Македонија", "MOUNT_TYPE": 0, "URBN_TYPE": 0, "COAST_TYPE": 0, "NAME_ENGL": "North Macedonia", "NAME_FREN": "Macédoine du Nord", "ISO3_CODE": "MKD", "SVRG_UN": "UN Member State", "CAPT": "Skopje", "EU_STAT": "F", "EFTA_STAT": "F", "CC_STAT": "T", "NAME_GERM": "Nordmazedonien"}, "geometry": {"type": "MultiPolygon", "coordinates": [[[[22.968327500000044, 41.51983549900007], [22.927591500000062, 41.338539499000035], [22.879178500000023, 41.34065299900004], [22.332052, 41.120272499000066], [22.216216, 41.170457499000065], [21.929438, 41.10035049900006], [21.787378, 40.931125499000075], [20.98020450000007, 40.855664999000055], [20.837823, 40.92768299900007], [20.597745, 41.092033499000024], [20.50166, 41.31715399900003], [20.557774, 41.58187049900005], [20.560691989000077, 41.73313085400008], [20.562872, 41.84613649900007], [20.594286, 41.877327499000046], [20.922294573000045, 42.108677741000065], [21.212697500000047, 42.11070099900007], [21.443017068000074, 42.23489828600003], [21.586946500000067, 42.26281749900005], [22.36020650000006, 42.31115699900005], [22.510412, 42.15515849900004], [22.642500889000075, 42.10593678300006], [22.867214, 42.02219949900007], [22.92539639900008, 41.73313085400008], [22.968327500000044, 41.51983549900007]]]]}}, {"type": "Feature", "properties": {"NUTS_ID": "MT", "LEVL_CODE": 0, "CNTR_CODE": "MT", "NAME_LATN": "Malta", "NUTS_NAME": "Malta", "MOUNT_TYPE": 0, "URBN_TYPE": 0, "COAST_TYPE": 0, "NAME_ENGL": "Malta", "NAME_FREN": "Malte", "ISO3_CODE": "MLT", "SVRG_UN": "UN Member State", "CAPT": "Valletta", "EU_STAT": "T", "EFTA_STAT": "F", "CC_STAT": "F", "NAME_GERM": "Malta"}, "geometry": {"type": "MultiPolygon", "coordinates": [[[[14.645876287000021, 35.93330163200005], [14.433356592000052, 35.716981959000066], [14.23399478500005, 35.881468572000074], [14.41194850200003, 36.066949159000046], [14.645876287000021, 35.93330163200005]]], [[[14.348187835000033, 36.030810845000076], [14.262219725000023, 36.00672006000008], [14.172654973000022, 36.06905079400008], [14.230711133000057, 36.087891669000044], [14.348187835000033, 36.030810845000076]]]]}}, {"type": "Feature", "properties": {"NUTS_ID": "SE", "LEVL_CODE": 0, "CNTR_CODE": "SE", "NAME_LATN": "Sverige", "NUTS_NAME": "Sverige", "MOUNT_TYPE": 0, "URBN_TYPE": 0, "COAST_TYPE": 0, "NAME_ENGL": "Sweden", "NAME_FREN": "Suède", "ISO3_CODE": "SWE", "SVRG_UN": "UN Member State", "CAPT": "Stockholm", "EU_STAT": "T", "EFTA_STAT": "F", "CC_STAT": "F", "NAME_GERM": "Schweden"}, "geometry": {"type": "MultiPolygon", "coordinates": [[[[20.548636500000043, 69.05996849900004], [23.40780632600007, 68.02300861700007], [23.845309275000034, 66.83698800200006], [23.765562130000035, 66.27389239800004], [24.155129, 65.81602699900003], [24.162340320000055, 65.69310629100005], [22.921952056000066, 65.67426415400007], [22.39807390900006, 65.38935410600004], [22.098288583000055, 65.44201802200007], [21.54360450000007, 65.06305899900008], [21.152661008000052, 64.76977668000006], [21.28988299400004, 64.54695307100008], [21.220530474000043, 64.22619345200008], [20.13647573000003, 63.63283229900003], [19.286468, 63.469719499000064], [18.42354943600003, 63.01270651100003], [18.381069104000062, 62.84915758100004], [17.462934499000028, 62.356096742000034], [17.489299500000072, 62.13695049900008], [17.345052185000043, 61.83997293400006], [17.484231002000058, 61.67908527000003], [17.173917561000053, 61.17234681100007], [17.372614230000067, 60.65425593200007], [18.690254008000068, 60.23117060100003], [19.024507174000064, 59.70636543000006], [18.590407181000046, 59.049036483000066], [17.912951667000073, 58.805490847000044], [17.572396, 58.950852499000064], [17.389562433000037, 58.71206519600008], [16.75598715800004, 58.626540489000035], [16.956906168000046, 58.16949950900005], [16.666683500000033, 57.99607649900008], [16.72782843400006, 57.54762009800004], [16.500711350000074, 57.11496548200006], [16.76760341800002, 56.79146944200005], [16.507240892000027, 56.361734573000035], [16.284598239000047, 56.57339477700003], [16.04987150000005, 56.32188849900007], [15.78262914000004, 56.10533372800006], [14.546399500000064, 56.06131749900004], [14.155420057000072, 55.44928057000004], [13.175370938000071, 55.39377098500006], [12.663496382000062, 56.04093159200005], [12.899313, 56.44900449900007], [11.922900500000026, 57.56222299900003], [11.49766149100003, 57.98402653900007], [11.194966140000076, 58.65202101800003], [11.214194517000067, 58.97256029200008], [11.456293106000032, 58.99003427900004], [11.622032552000064, 58.929603314000076], [11.716704274000051, 59.049036483000066], [11.826196500000037, 59.23784999900005], [11.926970500000039, 59.79047599900008], [11.839729, 59.84076699900004], [12.149506941000027, 59.88822680700008], [12.438050007000072, 60.07823781500008], [12.56846422700005, 60.43470681600007], [12.294974122000042, 60.986899048000055], [12.670176500000025, 61.05597649900005], [12.693323305000035, 61.42594322600007], [12.182376674000068, 61.76715319900006], [12.29937, 62.26749399900007], [12.25465950000006, 62.33102449900008], [12.052455500000065, 63.183444499000075], [12.149506941000027, 63.41824941800007], [12.205748750000055, 63.61881959800007], [12.52213210900004, 63.850870592000035], [13.14894692300004, 64.07482882800008], [14.013628492000066, 64.07335018800006], [14.109218917000021, 64.38296240500006], [13.838097015000073, 64.54695307100008], [13.730256673000042, 64.61218132900007], [14.325985, 65.11891599900008], [14.627344443000027, 66.06389820800007], [15.453994500000022, 66.34523349900007], [15.415274297000053, 66.50450012300007], [16.342528019000042, 67.06415142700007], [16.167988669000067, 67.42887684400006], [16.72042231000006, 67.88741076200006], [17.26614568800005, 68.09132058500006], [17.684947561000058, 68.03245812800003], [18.07055247200003, 68.13721175800003], [18.125925, 68.53651599900007], [19.922091367000064, 68.38448789400007], [20.334571065000034, 69.01862856000008], [20.548636500000043, 69.05996849900004]]], [[[18.758777673000054, 57.279428850000045], [18.202508368000053, 56.97121928300004], [18.220937554000045, 57.14169492100007], [18.097303294000028, 57.263769506000074], [18.19111424400006, 57.38634404600003], [18.110903361000055, 57.53361279600006], [18.461365858000022, 57.81634830400003], [18.73539738100004, 57.92492477600007], [19.097868307000056, 57.93665418900008], [19.01051360300005, 57.74222807700005], [18.807547084000078, 57.65236880200007], [18.758777673000054, 57.279428850000045]]]]}}, {"type": "Feature", "properties": {"NUTS_ID": "SI", "LEVL_CODE": 0, "CNTR_CODE": "SI", "NAME_LATN": "Slovenija", "NUTS_NAME": "Slovenija", "MOUNT_TYPE": 0, "URBN_TYPE": 0, "COAST_TYPE": 0, "NAME_ENGL": "Slovenia", "NAME_FREN": "Slovénie", "ISO3_CODE": "SVN", "SVRG_UN": "UN Member State", "CAPT": "Ljubljana", "EU_STAT": "T", "EFTA_STAT": "F", "CC_STAT": "F", "NAME_GERM": "Slowenien"}, "geometry": {"type": "MultiPolygon", "coordinates": [[[[16.370793500000048, 46.72224349900006], [16.596805, 46.47590249900003], [16.24214850000004, 46.490075499000056], [16.301549, 46.378287999000065], [15.87349450000005, 46.27931949900005], [15.791475500000047, 46.25932749900005], [15.627262, 46.08595349900003], [15.706407500000068, 45.975261999000054], [15.404425, 45.79271699900005], [15.331290500000023, 45.76285499900007], [15.226437500000031, 45.42708799900004], [14.570012500000075, 45.67294449900004], [14.390910012000063, 45.503422053000065], [14.118196500000067, 45.48123899900003], [14.111284500000068, 45.482335499000044], [13.651296, 45.45405499900005], [13.722140357000058, 45.59496424900004], [13.835956643000031, 45.58751506100003], [13.903210664000028, 45.63576203100007], [13.784653225000056, 45.74277965500005], [13.596243, 45.80793749900005], [13.597145, 45.81952249900007], [13.496939, 46.05133499900006], [13.511025224000036, 46.34837122500005], [13.684032, 46.43747249900008], [13.714185, 46.522703499000045], [14.43450050000007, 46.44294349900008], [14.565175500000066, 46.37245349900007], [14.674580500000047, 46.450687499000026], [15.065120500000035, 46.652112499000054], [15.401979500000039, 46.65354849900007], [15.649988, 46.70575699900007], [15.786422, 46.70746949900007], [15.996236, 46.835398499000064], [16.113849, 46.86906799900004], [16.370793500000048, 46.72224349900006]]]]}}, {"type": "Feature", "properties": {"NUTS_ID": "SK", "LEVL_CODE": 0, "CNTR_CODE": "SK", "NAME_LATN": "Slovensko", "NUTS_NAME": "Slovensko", "MOUNT_TYPE": 0, "URBN_TYPE": 0, "COAST_TYPE": 0, "NAME_ENGL": "Slovakia", "NAME_FREN": "Slovaquie", "ISO3_CODE": "SVK", "SVRG_UN": "UN Member State", "CAPT": "Bratislava", "EU_STAT": "T", "EFTA_STAT": "F", "CC_STAT": "F", "NAME_GERM": "Slowakei"}, "geometry": {"type": "MultiPolygon", "coordinates": [[[[19.467386500000032, 49.61376699900006], [19.883929500000022, 49.204176999000026], [20.13647573000003, 49.277989966000064], [20.614939500000048, 49.41783299900004], [21.39771250000007, 49.433793999000045], [22.56684, 49.088377499000046], [22.382817500000044, 48.86226399900005], [22.333613769000067, 48.70160413200006], [22.175807831000043, 48.57435933100004], [22.155306, 48.40339649900005], [22.12107750000007, 48.37831149900006], [21.410606333000032, 48.54970043600008], [20.463937, 48.463966999000036], [20.051879, 48.167703999000025], [19.01432250000005, 48.077736499000025], [18.928392, 48.05683249900005], [18.760178861000043, 47.914534220000064], [18.848478, 47.818227999000044], [17.893923, 47.739456999000026], [17.705436500000076, 47.758992499000044], [17.24742750000007, 48.012008999000045], [17.160797500000058, 48.00665649900003], [17.066741, 48.11868149900005], [16.976203, 48.172244499000044], [16.851106, 48.438634999000044], [16.949778, 48.535791999000025], [16.940278, 48.617245499000035], [17.39672550000006, 48.81334999900008], [17.64693, 48.85426599900006], [18.322436, 49.31505899900003], [18.40359550000005, 49.396745499000076], [18.851551, 49.51718899900004], [19.123691262000023, 49.42007847100007], [19.467386500000032, 49.61376699900006]]]]}}, {"type": "Feature", "properties": {"NUTS_ID": "TR", "LEVL_CODE": 0, "CNTR_CODE": "TR", "NAME_LATN": "Türkiye", "NUTS_NAME": "Türkiye", "MOUNT_TYPE": 0, "URBN_TYPE": 0, "COAST_TYPE": 0, "NAME_ENGL": "Türkiye", "NAME_FREN": "Turquie", "ISO3_CODE": "TUR", "SVRG_UN": "UN Member State", "CAPT": "Ankara", "EU_STAT": "F", "EFTA_STAT": "F", "CC_STAT": "T", "NAME_GERM": "Türkei"}, "geometry": {"type": "MultiPolygon", "coordinates": [[[[35.002837181000075, 42.01214725900007], [35.38176162000008, 41.73313085400008], [35.51369950000003, 41.63597999900003], [35.94943879500005, 41.699549252000054], [36.33435304000005, 41.31770914100008], [36.780602773000055, 41.34137817000004], [37.15234850000007, 41.14841349900007], [38.10999250000003, 40.95851799900004], [39.17930850000005, 41.074095999000065], [40.328287500000044, 40.98788349900008], [41.2519, 41.32993349900005], [41.54713350000003, 41.52037549900007], [42.515175, 41.438282499000024], [42.814985473000036, 41.55547053300006], [43.473827, 41.123297499000046], [43.469638, 41.057344999000065], [43.701760558000046, 40.77733099000005], [43.653923, 40.130377499000076], [44.37517437200006, 40.00097217100006], [44.768335500000035, 39.71414949900003], [44.812042500000075, 39.63174349900004], [44.50209950000004, 39.71699349900007], [44.37288464900007, 39.45196053900003], [44.049956, 39.36281549900008], [44.41420122400007, 38.29716897600008], [44.284743684000034, 37.931436329000064], [44.462859, 37.80957099900007], [44.64848885600003, 37.427147415000036], [44.793147, 37.17628299900008], [44.31747697700007, 37.042579448000026], [44.129757694000034, 37.27900287400007], [43.424563, 37.27533449900005], [42.87183790300003, 37.370003164000025], [42.35568550000005, 37.10803949900003], [42.15962607500006, 37.23294176500008], [41.663342, 37.102903499000035], [40.762823070000024, 37.09602958900007], [40.226033, 36.901373499000044], [39.21611308300004, 36.67494685500003], [38.04758950000007, 36.84555449900006], [37.58551650000004, 36.703768499000034], [37.16003586000005, 36.67668991200003], [36.678777500000024, 36.83266099900004], [36.660010500000055, 36.83323149900008], [36.61682939600007, 36.26351028900007], [36.20137372700003, 35.87677830600006], [35.916811712000026, 35.92852273900007], [35.84330434200007, 36.31976689900006], [36.178018836000035, 36.69183057600003], [35.963087346000066, 36.90299853800008], [35.467806977000066, 36.57773753200007], [34.899245, 36.73828099900004], [34.326134618000026, 36.60993399500006], [33.61425564600006, 36.15450059200003], [32.57634, 36.093232999000065], [31.843457691000026, 36.59086609000008], [30.84972249200007, 36.86269764900004], [30.638217084000075, 36.80791756700006], [30.37612556700003, 36.30646875200006], [29.781129312000076, 36.17053106900005], [29.26056150000005, 36.30439899900006], [28.514896701000055, 36.809076041000026], [27.934602049000034, 36.69586189200004], [27.956082808000076, 36.93644190200007], [27.419385284000043, 37.06714115900007], [27.41067599300004, 37.427147415000036], [27.25000262800006, 37.50283564400007], [27.264569, 37.87504849900006], [26.45882537600005, 38.29492019400004], [26.849873056000035, 38.79057952000005], [26.763921, 39.17520999900006], [26.79780223800003, 39.504975795000064], [26.618685, 39.54787949900003], [26.256315097000027, 39.49124211600008], [26.128420307000056, 39.62730921700006], [26.106305149000036, 39.92885874000007], [26.373324199000024, 40.346775044000026], [27.50628050000006, 40.304677999000035], [28.164779, 40.395612999000036], [28.848407189000056, 40.381270382000025], [28.991232500000024, 40.46627349900007], [28.99064110100005, 40.590228274000026], [29.54088669500004, 40.70245072100005], [29.342517500000042, 40.80765749900007], [28.934302633000073, 40.94183450100007], [29.137327382000024, 41.24469791400003], [29.865624500000024, 41.14344749900005], [30.35468650000007, 41.18419449900006], [30.982055500000058, 41.07260249900003], [31.295656500000064, 41.11631999900004], [32.062578, 41.580305999000075], [32.44564497400006, 41.73313085400008], [32.73610350000007, 41.84900949900003], [33.36980086900007, 42.00731781200005], [34.228878500000064, 41.95495899900004], [35.002837181000075, 42.01214725900007]]], [[[28.848407189000056, 41.284864611000046], [28.848407189000056, 40.97006765500004], [27.991102500000068, 41.01834499900008], [27.565717178000057, 40.96085508700003], [26.968651500000078, 40.55336899900004], [26.734886500000073, 40.64293299900004], [26.032758, 40.73025699900006], [26.59229596800003, 41.42012134000004], [26.357879, 41.711104499000044], [26.561544500000025, 41.92627349900005], [26.94922850000006, 42.00021349900004], [27.059650500000032, 42.088336999000035], [28.03551250000004, 41.98307949900004], [28.10816248200007, 41.73313085400008], [28.152973, 41.578962499000056], [28.181659500000023, 41.56405899900005], [28.848407189000056, 41.284864611000046]]], [[[26.073625348000064, 40.13243045100006], [25.796172573000035, 40.02142014700007], [25.617860302000054, 40.152740519000076], [26.025266188000046, 40.329916284000035], [26.073625348000064, 40.13243045100006]]]]}}, {"type": "Feature", "properties": {"NUTS_ID": "UK", "LEVL_CODE": 0, "CNTR_CODE": "UK", "NAME_LATN": "United Kingdom", "NUTS_NAME": "United Kingdom", "MOUNT_TYPE": 0, "URBN_TYPE": 0, "COAST_TYPE": 0, "NAME_ENGL": "United Kingdom", "NAME_FREN": "Royaume-Uni", "ISO3_CODE": "GBR", "SVRG_UN": "UN Member State", "CAPT": "London", "EU_STAT": "F", "EFTA_STAT": "F", "CC_STAT": "F", "NAME_GERM": "Vereinigtes Königreich"}, "geometry": {"type": "MultiPolygon", "coordinates": [[[[-0.128365499999973, 51.48505799900005], [-0.110187, 51.50960149900004], [-0.024711499999967, 51.485648999000034], [0.217437, 51.480071999000074], [0.230949340000052, 51.47318553300005], [0.239779, 51.46868499900006], [0.244095316000028, 51.46701751200004], [0.255695, 51.46253599900007], [0.277613500000029, 51.453487249000034], [0.283532125000022, 51.45386749700003], [0.293103635000023, 51.45572131100005], [0.309375406000072, 51.46608116600004], [0.315464, 51.46499649900005], [0.329118813000036, 51.45083888100004], [0.339730831000054, 51.447529201000066], [0.355974500000059, 51.44579299900005], [0.369749500000069, 51.44522499900006], [0.406608500000061, 51.44329049900006], [0.428469, 51.446765999000036], [0.433579, 51.44741449900005], [0.437819500000046, 51.44735699900008], [0.443151, 51.449996999000064], [0.458900500000027, 51.45493699900004], [0.592971556000066, 51.466104898000026], [0.626894500000049, 51.37520999900005], [0.745306729000049, 51.364423016000046], [0.950297500000033, 51.34574899900008], [1.268866137000032, 51.34186402000006], [1.346472431000052, 51.22854853800004], [0.964017641000055, 50.92671395800005], [0.854784, 50.92370999900004], [0.745306729000049, 50.90848223800003], [-0.038176499999963, 50.79950349900008], [-0.216009, 50.82756399900006], [-0.941293649999977, 50.82518212800005], [-1.040413987999955, 50.80494379600003], [-1.209795678999967, 50.80643360800008], [-1.365159499999947, 50.88006949900006], [-1.398295123999958, 50.88960340700004], [-1.692049499999939, 50.73662549900007], [-1.74072549999994, 50.721538499000076], [-1.785876667999958, 50.72033264800007], [-1.893272127999978, 50.71746444000007], [-1.964210432999948, 50.715569893000065], [-2.786280659999932, 50.71785791000008], [-2.947815, 50.71830749900005], [-3.373935246999963, 50.61499787100007], [-3.509030499999938, 50.51651399900004], [-3.495252166999933, 50.432374621000065], [-3.56031687199993, 50.38557360800007], [-3.785278328999937, 50.258000957000036], [-4.069258291999972, 50.354061612000066], [-4.162205211999947, 50.37621938400008], [-4.157572439999967, 50.43290643900008], [-4.218628499999966, 50.47520449900003], [-5.134254534999968, 50.06244357000003], [-5.456878299999971, 50.143135709000035], [-4.545959499999981, 50.92835249900003], [-3.720778499999938, 51.23309349900006], [-3.373935246999963, 51.208334136000076], [-3.236741079999945, 51.19854054700005], [-2.992948, 51.32031999900005], [-2.712638241999969, 51.50406618300008], [-2.673813499999937, 51.54443099900004], [-2.534685499999966, 51.67727049900003], [-2.666091, 51.63939649900004], [-2.786280659999932, 51.599730452000074], [-3.082688, 51.501907499000026], [-3.373935246999963, 51.391382383000064], [-3.637855499999944, 51.46984099900004], [-3.88623, 51.61738599900008], [-4.05255, 51.70328149900007], [-4.971376663999933, 51.63582672800004], [-5.201029172999938, 51.797316038000076], [-3.931013499999949, 52.553611999000054], [-4.364353853999944, 52.983518192000076], [-4.007376, 53.24692899900003], [-3.373935246999963, 53.339181851000035], [-3.084193, 53.25612249900007], [-3.110706, 53.29631799900005], [-3.089935310999977, 53.40349720700004], [-2.928556499999956, 53.30827699900004], [-2.786280659999932, 53.313442], [-2.826677, 53.331672499000035], [-2.832207197999935, 53.336011633000055], [-3.008742, 53.43841149900004], [-3.067228326999953, 53.56719798900008], [-2.956203, 53.69752899900004], [-2.786280659999932, 53.726456029000076], [-2.94254, 53.85083399900003], [-2.87536476799994, 53.973907506000046], [-2.86947, 54.176738499000066], [-3.145344186999978, 54.095489470000075], [-3.556150956999943, 54.55538375300006], [-3.378768974999957, 54.82318608500003], [-3.11915, 54.927886999000066], [-3.057370499999934, 54.98689649900007], [-3.373935246999963, 54.93339780100007], [-4.549848404999977, 54.73467124300004], [-5.076373797999963, 54.852461480000045], [-5.041215014999977, 54.99891571900008], [-4.844366315999935, 55.325830816000064], [-4.658272499999953, 55.57028949900007], [-4.870774470999947, 55.699250293000034], [-4.888966499999981, 55.87478999900003], [-4.789246696999953, 55.95213926500003], [-4.549848404999977, 55.92328344300006], [-4.549848404999977, 55.935578658000054], [-4.691556795999929, 56.00016162400004], [-4.74865099799996, 56.20332850700004], [-5.235815449999961, 55.55035729900004], [-5.750118455999939, 55.37132004100005], [-5.664958822999949, 56.26921763900003], [-6.156141900999955, 56.53570906400006], [-5.880703043999972, 56.706309944000054], [-5.714641450999977, 57.22967823700003], [-5.504436, 57.36693949900007], [-5.56623721699998, 57.78519811600006], [-5.071163288999969, 58.32849407700007], [-3.839071185999956, 58.39930617500005], [-4.432052499999941, 57.494353999000055], [-3.373935246999963, 57.624720885000045], [-2.801509, 57.69524749900006], [-1.91584781399996, 57.45223721700006], [-2.425346, 56.75518799900004], [-2.511604639999973, 56.64084708200005], [-2.678875668999979, 56.518152791000034], [-3.051892499999951, 56.45849999900008], [-3.276975499999935, 56.35053249900005], [-2.952809667999929, 56.30969414500004], [-2.93585468699996, 56.30457478400007], [-2.921514578999961, 56.29437709800004], [-2.911232896999934, 56.28009709500003], [-2.906109963999938, 56.26326299200008], [-2.906694026999958, 56.245676339000056], [-2.912922579999929, 56.229219225000065], [-2.924129056999959, 56.21565285600008], [-2.939177481999934, 56.20631374700008], [-3.374717799999928, 56.02934959100003], [-3.385416274999955, 56.02565170000008], [-3.394083287999933, 56.02709199600008], [-3.399878097999931, 56.02479701100003], [-3.388862267999968, 56.02241761600004], [-3.390415499999961, 56.01723099900005], [-3.388251565999951, 56.01210924000003], [-3.390876981999952, 56.006602298000075], [-3.395828040999959, 56.00953577400003], [-3.403552329999968, 56.01005279200007], [-3.408359884999925, 56.01427494300003], [-3.414063803999966, 56.017076788000054], [-3.441530494999938, 56.02276326100008], [-3.44657962499997, 56.02113494100007], [-3.448470794999935, 56.01943384800006], [-3.454397788999927, 56.02165261000005], [-3.458353347999946, 56.02737707300008], [-3.486081246999959, 56.034414208000044], [-3.50413890699997, 56.03422499900006], [-3.518629188999967, 56.04135122100007], [-3.529825863999974, 56.039814060000026], [-3.545555209999975, 56.04068024000003], [-3.554838923999966, 56.044244707000075], [-3.560215760999938, 56.05038484200003], [-3.576488316999928, 56.05883682800004], [-3.589553208999973, 56.05922043500004], [-3.586289751999971, 56.054899155000044], [-3.587097051999933, 56.05031226400007], [-3.589658312999973, 56.04743606200003], [-3.594806990999928, 56.04601401100007], [-3.607418682999935, 56.046562693000055], [-3.614075969999931, 56.05431791400008], [-3.61809343699997, 56.05571562100005], [-3.650163457999952, 56.052866986000026], [-3.670053334999977, 56.04658259800004], [-3.685171464999939, 56.04806696500003], [-3.706821558999934, 56.05570460000007], [-3.72563217499993, 56.06966810600005], [-3.739637310999967, 56.078062903000045], [-3.749379741999974, 56.08005856700004], [-3.757577106999975, 56.08259660700003], [-3.761849358999939, 56.08391930100004], [-3.775874499999929, 56.09371199900005], [-3.792418539999971, 56.10550370000004], [-3.80413380799996, 56.110442868000064], [-3.81972789799994, 56.110894227000074], [-3.829421471999979, 56.10284297700008], [-3.831122390999951, 56.10473430300004], [-3.83282331099997, 56.106625629000064], [-3.827070869999943, 56.10989977400004], [-3.827732849999961, 56.11426943500004], [-3.835030763999953, 56.11808243000007], [-3.848924919999945, 56.122198119000075], [-3.856968949999953, 56.12035108900005], [-3.858207045999961, 56.117997106000075], [-3.858800941999959, 56.11010412700006], [-3.863971600999946, 56.10720325400007], [-3.859051367999939, 56.10757281800005], [-3.856645356999934, 56.10875368500007], [-3.854078584999968, 56.112050718000035], [-3.855668908999974, 56.11816473700003], [-3.848550581999973, 56.11712457700003], [-3.838197081999965, 56.11492938400005], [-3.840854472999979, 56.107039591000046], [-3.837532959999976, 56.10152496300003], [-3.832020352999962, 56.09922045600007], [-3.820153, 56.099117499000045], [-3.694625282999937, 56.02385097400003], [-3.515724, 56.00225849900005], [-3.425330499999973, 55.99402999900008], [-3.07764549999996, 55.94689549900005], [-2.366623499999946, 55.946113499000035], [-2.034329, 55.81116499900003], [-1.893272127999978, 55.711723617000075], [-1.785876667999958, 55.63601264400006], [-1.628093540999942, 55.523144380000076], [-1.557332595999981, 55.30743342800008], [-1.461693, 55.07439049900006], [-1.36390149999994, 54.944183499000076], [-1.347372499999949, 54.86069099900004], [-1.242229499999951, 54.72259499900008], [-1.208942596999975, 54.580479679000064], [-0.790906499999949, 54.55948249900007], [-0.214331845999936, 54.15399152400005], [-0.195688555999936, 53.973907506000046], [-0.049111078999942, 53.765405040000076], [-0.296306195999932, 53.765405040000076], [-0.419136499999979, 53.71961999900003], [-0.698366, 53.684653999000034], [-0.401402345999941, 53.69211131000003], [0.017378, 53.525367499000026], [0.276338086000067, 53.230833973000074], [0.116675405000024, 52.90943617600004], [0.26596, 52.81011599900006], [0.745306729000049, 52.918025166000064], [0.946309087000031, 52.96327424300006], [1.33006307200003, 52.91574955200008], [1.675478, 52.74269099900005], [1.740543500000058, 52.53210049900008], [1.520042860000046, 52.094322885000054], [1.05638, 51.95149249900004], [0.946309087000031, 51.73431398100007], [0.745306729000049, 51.675707834000036], [0.590769500000022, 51.63064949900007], [0.606865390000053, 51.51763090900005], [0.51370350000002, 51.53118499900006], [0.381466730000056, 51.459209859000055], [0.210514, 51.49003599900004], [0.096999500000038, 51.515670999000065], [0.00941750000004, 51.50709899900005], [-0.07944649999996, 51.50780499900003], [-0.110187, 51.50960149900004], [-0.112603599999943, 51.51039540600004], [-0.149948499999937, 51.48551549900003], [-0.244502, 51.48870099900006], [-0.222829, 51.471816999000055], [-0.128365499999973, 51.48505799900005]]], [[[-7.256068499999969, 55.06703499900004], [-7.149065499999949, 55.04338049900008], [-6.936642211999981, 55.17025440000003], [-6.209195600999976, 55.27315475000006], [-5.976527499999975, 55.056598499000074], [-5.868339499999934, 54.68877049900004], [-5.905161159999977, 54.655345476000036], [-5.813513439999952, 54.655345476000036], [-5.549280252999949, 54.655345476000036], [-5.462450018999959, 54.41687192200004], [-5.519048681999948, 54.361193393000065], [-5.619085684999959, 54.458769817000075], [-5.610085258999959, 54.30888076700006], [-5.968094802999929, 54.06189449700008], [-6.268015499999933, 54.102336999000045], [-6.594991, 54.044673999000054], [-6.643909, 54.18001949900008], [-6.864229499999965, 54.33016549900003], [-7.18851049999995, 54.33768099900004], [-7.42910780099993, 54.18289061100006], [-7.841137676999949, 54.334889211000075], [-7.570156014999952, 54.64264636900003], [-7.655125649999945, 54.772940067000036], [-7.256068499999969, 55.06703499900004]]], [[[-7.21132079399996, 57.59216579900004], [-7.168242015999965, 57.49615014900007], [-7.350844510999934, 57.09301045500007], [-7.451733183999977, 57.119805049000036], [-7.367170816999931, 57.40361180300005], [-7.451733183999977, 57.67111192100003], [-7.081225887999949, 57.81332671100006], [-7.158923953999931, 58.01633389600005], [-6.964223937999975, 58.25071788200006], [-6.309192369999948, 58.46756084600008], [-6.203339650999965, 58.29499898300003], [-6.373372073999974, 58.01633389600005], [-6.874217617999932, 57.798244314000044], [-7.21132079399996, 57.59216579900004]]], [[[-6.761488666999981, 57.42559788400007], [-6.419907942999941, 57.55706539900007], [-6.300990525999964, 57.738581433000036], [-5.950629592999974, 57.31748451400006], [-5.993059666999955, 57.02474587800003], [-6.159008804999928, 57.08516574300006], [-6.32006499299996, 56.85997735500007], [-6.476055342999928, 56.983841072000075], [-6.224494239999956, 57.21171909700007], [-6.355410176999953, 57.31748451400006], [-6.710287978999929, 57.31748451400006], [-6.761488666999981, 57.42559788400007]]], [[[-1.436892383999975, 60.42360051000003], [-1.335060496999972, 60.54310062800005], [-1.15005121799993, 60.47349222200006], [-1.149835355999926, 60.74295122900003], [-0.87059432999996, 60.74295122900003], [-1.166868275999946, 60.240999946000045], [-1.321347182999943, 60.114516449000064], [-1.436892383999975, 60.42360051000003]]], [[[-2.95539170099994, 59.31397415500004], [-2.78288570899997, 59.16525318600003], [-3.172448396999926, 58.814899670000045], [-3.37534515599998, 58.91675317900007], [-3.317931721999969, 59.07366618400005], [-2.95539170099994, 59.31397415500004]]], [[[-6.04087842499996, 55.68442179500005], [-6.166708803999938, 55.63373658000006], [-6.454822350999962, 55.797348628000066], [-6.351849479999942, 55.88317957100003], [-5.987014378999959, 55.95156205300003], [-5.987014378999959, 55.79469190900005], [-6.04087842499996, 55.68442179500005]]], [[[-4.622793801999933, 53.339750335000076], [-4.279788885999949, 53.437856999000076], [-4.150563791999957, 53.244955907000076], [-4.354235001999939, 53.102135403000034], [-4.622793801999933, 53.339750335000076]]], [[[-1.532236375999958, 59.88565985000008], [-1.442319205999979, 60.01972125000003], [-1.071651815999928, 59.884211693000054], [-1.285645130999967, 59.71577028400003], [-1.442319205999979, 59.80146213800003], [-1.532236375999958, 59.88565985000008]]], [[[-1.481410990999962, 50.695104023000056], [-1.379387437999981, 50.805025974000046], [-1.128525754999941, 50.77074391100007], [-1.127759477999973, 50.549118168000064], [-1.375013839999951, 50.549627635000036], [-1.481410990999962, 50.695104023000056]]], [[[-7.871760844999926, 58.278387749000046], [-7.377509749999945, 58.424268202000064], [-7.46204417499996, 58.16229348400003], [-7.797954987999958, 58.18887777500004], [-7.871760844999926, 58.278387749000046]]], [[[-8.838147211999967, 57.91776439600005], [-8.337695675999953, 57.82009408400006], [-8.425372076999963, 57.64630032100007], [-8.767599903999951, 57.75092540900005], [-8.838147211999967, 57.91776439600005]]], [[[-2.78288570899997, 59.16525318600003], [-2.788827277999928, 59.18058711200007], [-2.60626844199993, 59.32407664500005], [-2.514327371999968, 59.11087798700004], [-2.711754129999974, 59.01220160500003], [-2.78288570899997, 59.16525318600003]]], [[[-3.099605832999941, 53.73852142700008], [-3.095232438999972, 53.828640851000046], [-3.009870916999944, 53.93596619900006], [-2.944011658999955, 53.75669657700007], [-3.099605832999941, 53.73852142700008]]], [[[0.622180216000061, 51.540463283000065], [0.636020237000025, 51.57640729800005], [0.745306729000049, 51.55959433700008], [0.787976527000069, 51.553029888000026], [0.790201882000019, 51.52234788100003], [0.745306729000049, 51.52718829100007], [0.622180216000061, 51.540463283000065]]]]}}, {"type": "Feature", "properties": {"NUTS_ID": "NL", "LEVL_CODE": 0, "CNTR_CODE": "NL", "NAME_LATN": "Nederland", "NUTS_NAME": "Nederland", "MOUNT_TYPE": 0, "URBN_TYPE": 0, "COAST_TYPE": 0, "NAME_ENGL": "Netherlands", "NAME_FREN": "Pays-Bas", "ISO3_CODE": "NLD", "SVRG_UN": "UN Member State", "CAPT": "Amsterdam", "EU_STAT": "T", "EFTA_STAT": "F", "CC_STAT": "F", "NAME_GERM": "Niederlande"}, "geometry": {"type": "MultiPolygon", "coordinates": [[[[7.202794500000039, 53.11328149900004], [7.092692, 52.83820099900004], [7.006229500000074, 52.63876299900005], [6.70973250000003, 52.627823499000044], [6.697865500000034, 52.486285999000074], [7.004076894000036, 52.39960571700004], [7.065685, 52.24137299900008], [6.760465, 52.118569499000046], [6.681671345000041, 51.932420025000056], [6.407779500000061, 51.82809199900004], [6.167766, 51.90080449900006], [5.953192, 51.74784599900005], [6.224405, 51.36497899900007], [6.072657, 51.24258749900008], [6.174812, 51.18451349900005], [5.877085, 51.03210099900008], [6.086947500000065, 50.91313499900008], [6.020999, 50.75429549900008], [5.819052, 50.71455749900008], [5.687622, 50.811923999000044], [5.766125500000044, 51.00871549900006], [5.798274, 51.05985349900004], [5.566283500000054, 51.22083649900003], [5.237716500000033, 51.26160049900005], [5.10218, 51.42900499900003], [4.759926, 51.50246449900004], [4.669544, 51.42638399900005], [4.279565, 51.376017499000056], [4.243669500000067, 51.37472949900007], [3.687433279000061, 51.516717862000064], [3.839083, 51.75829699900004], [4.127788500000065, 52.00054249900006], [4.198018500000046, 52.054144499000074], [4.374232500000062, 52.18708999900008], [4.493847500000072, 52.32825999900007], [4.560596500000031, 52.43742599900003], [4.609676500000035, 52.57340099900006], [4.649071, 52.756177499000046], [4.763908454000045, 53.207360004000066], [5.164383500000042, 53.00091049900004], [5.41122850000005, 53.15172449900007], [5.519872557000042, 53.25501734100004], [5.877018665000037, 53.382145929000046], [6.191301500000066, 53.410937999000055], [6.449189670000067, 53.42288800500006], [6.874905, 53.40801299900005], [7.09814906400004, 53.25501734100004], [7.208935, 53.24306449900007], [7.202794500000039, 53.11328149900004]]], [[[3.977666500000055, 51.22513199900004], [3.856339500000047, 51.21105599900005], [3.380661, 51.27429949900005], [3.365787500000067, 51.36983549900003], [4.234817500000077, 51.348253999000065], [3.977666500000055, 51.22513199900004]]]]}}, {"type": "Feature", "properties": {"NUTS_ID": "PL", "LEVL_CODE": 0, "CNTR_CODE": "PL", "NAME_LATN": "Polska", "NUTS_NAME": "Polska", "MOUNT_TYPE": 0, "URBN_TYPE": 0, "COAST_TYPE": 0, "NAME_ENGL": "Poland", "NAME_FREN": "Pologne", "ISO3_CODE": "POL", "SVRG_UN": "UN Member State", "CAPT": "Warsaw", "EU_STAT": "T", "EFTA_STAT": "F", "CC_STAT": "F", "NAME_GERM": "Polen"}, "geometry": {"type": "MultiPolygon", "coordinates": [[[[18.54172650000004, 54.58447999900005], [18.950029500000028, 54.35831049900003], [19.638898038000036, 54.45822865200006], [19.645147354000073, 54.45160935200005], [19.331494374000044, 54.35225906900007], [19.256953, 54.27846049900006], [19.803768500000047, 54.44241049900006], [20.13647573000003, 54.41616613300005], [20.313503, 54.402201999000056], [21.559322, 54.32250399900005], [22.792095500000073, 54.36335899900007], [23.321498500000075, 54.253325999000026], [23.51465, 53.956559999000035], [23.588702, 53.69592849900005], [23.811610419000033, 53.25501734100004], [23.916239, 52.90481199900006], [23.861594181000044, 52.707330987000034], [23.178338, 52.28314099900007], [23.645522732000074, 52.055267049000065], [23.54767705100005, 51.69138008600004], [23.617443, 51.509536999000034], [23.709221, 51.277648499000065], [24.096009139000046, 50.61227767500003], [23.547642, 50.25160199900006], [22.686149500000056, 49.57316549900003], [22.708766756000045, 49.20222834700007], [22.56684, 49.088377499000046], [21.39771250000007, 49.433793999000045], [20.614939500000048, 49.41783299900004], [20.13647573000003, 49.277989966000064], [19.883929500000022, 49.204176999000026], [19.467386500000032, 49.61376699900006], [19.123691262000023, 49.42007847100007], [18.851551, 49.51718899900004], [18.575724, 49.91042299900005], [18.035061, 50.06577199900005], [17.429605, 50.25451299900004], [16.907924500000036, 50.44945399900007], [16.86327, 50.19812299900008], [16.58029, 50.14278799900006], [16.332549979000078, 50.592461342000036], [16.107318, 50.66207299900003], [15.535267500000032, 50.77937599900008], [15.181559008000022, 50.95741298300004], [14.823362, 50.870550499000046], [14.974183, 51.363949999000056], [14.729862, 51.581776999000056], [14.716716, 52.00118799900008], [14.755227, 52.070024999000054], [14.600891500000046, 52.27205199900004], [14.534362, 52.39500799900003], [14.565063, 52.62449699900003], [14.436438, 52.67990049900004], [14.156692, 52.895590999000035], [14.143658, 52.96136849900006], [14.412157, 53.32963599900006], [14.267542, 53.69780649900008], [15.388074500000073, 54.15890699900007], [16.699085, 54.56924699900003], [17.666607, 54.78323149900007], [18.289636140000027, 54.80684147000005], [18.54172650000004, 54.58447999900005]]]]}}, {"type": "Feature", "properties": {"NUTS_ID": "PT", "LEVL_CODE": 0, "CNTR_CODE": "PT", "NAME_LATN": "Portugal", "NUTS_NAME": "Portugal", "MOUNT_TYPE": 0, "URBN_TYPE": 0, "COAST_TYPE": 0, "NAME_ENGL": "Portugal", "NAME_FREN": "Portugal", "ISO3_CODE": "PRT", "SVRG_UN": "UN Member State", "CAPT": "Lisbon", "EU_STAT": "T", "EFTA_STAT": "F", "CC_STAT": "F", "NAME_GERM": "Portugal"}, "geometry": {"type": "MultiPolygon", "coordinates": [[[[-8.199000499999954, 42.15441899900003], [-8.165075499999944, 41.81830199900003], [-8.05186249999997, 41.820613999000045], [-7.200464499999953, 41.87974949900007], [-6.985800499999925, 41.97144699900008], [-6.637460935999968, 41.89837996800003], [-6.300772837999943, 41.59238494900006], [-6.479713, 41.29437999900006], [-6.689786, 41.20524149900007], [-6.929903499999966, 41.02946649900008], [-6.802239095999937, 40.528793036000025], [-6.865144, 40.27069449900006], [-6.95129849999995, 40.257445999000026], [-7.010638565999955, 39.73634547700004], [-7.542929, 39.662814999000034], [-7.231467, 39.27843099900008], [-7.020894824999971, 39.01271171500008], [-7.203135, 38.751017499000056], [-7.275830141999961, 38.45387634900004], [-7.107952499999953, 38.18812149900003], [-6.931738499999938, 38.20837799900005], [-7.445669996999925, 37.69404028300005], [-7.51269149999996, 37.526256499000056], [-7.40191649999997, 37.17482749900006], [-8.074127630999953, 37.05298349200007], [-8.857930923999959, 37.14154945200005], [-8.796321499999976, 37.44294799900007], [-8.792428701999938, 37.69404028300005], [-8.735063, 38.51567249900006], [-9.17469608999994, 38.46649497900006], [-9.445223491999968, 38.76320960100003], [-9.416455, 39.05469699900004], [-9.040260499999931, 39.741422999000065], [-8.894933, 40.045502999000064], [-8.774888499999975, 40.51448649900004], [-8.653119499999946, 40.96477849900003], [-8.776428, 41.47197149900006], [-8.81157449999995, 41.611567499000046], [-8.863186, 41.87206649900003], [-8.199000499999954, 42.15441899900003]]], [[[-28.299549893999938, 38.50067761500003], [-28.375797060999957, 38.41572109100008], [-28.78587766499993, 38.46117988100008], [-28.95919063699995, 38.619393659000025], [-28.71300469399995, 38.709664573000055], [-28.299549893999938, 38.50067761500003]]], [[[-15.650032324999927, 30.128248701000075], [-15.784233925999956, 30.00832386600007], [-16.05977550999995, 30.07685234300004], [-16.053454813999963, 30.213831792000065], [-15.921290879999958, 30.33811716200006], [-15.650032324999927, 30.128248701000075]]], [[[-31.02496204399995, 39.48954701200006], [-31.139206428999955, 39.285164148000035], [-31.30792642499995, 39.28701802100005], [-31.354236681999964, 39.46419190000006], [-31.279311064999945, 39.624987987000054], [-31.02496204399995, 39.48954701200006]]], [[[-27.02585486099997, 38.83459439100005], [-26.986343273999978, 38.59086638200006], [-27.326765244999933, 38.60628342000007], [-27.430316799999957, 38.73672587500005], [-27.02585486099997, 38.83459439100005]]], [[[-25.125874129999943, 37.73135782300005], [-25.550678652999977, 37.687498721000054], [-25.622874038999953, 37.76888108600008], [-25.52341988099994, 37.862324268000066], [-25.098973212999965, 37.866739540000026], [-25.125874129999943, 37.73135782300005]]], [[[-16.65424423299993, 32.72891572800006], [-16.97029577099994, 32.588657357000045], [-17.177497048999953, 32.76067633500003], [-16.85209354799997, 32.85908206200003], [-16.65424423299993, 32.72891572800006]]], [[[-25.602902549999953, 37.816279035000036], [-25.746237346999976, 37.70503372100006], [-25.94893858499995, 37.87879061000007], [-25.802395666999928, 37.98382991400007], [-25.602902549999953, 37.816279035000036]]]]}}, {"type": "Feature", "properties": {"NUTS_ID": "RO", "LEVL_CODE": 0, "CNTR_CODE": "RO", "NAME_LATN": "România", "NUTS_NAME": "România", "MOUNT_TYPE": 0, "URBN_TYPE": 0, "COAST_TYPE": 0, "NAME_ENGL": "Romania", "NAME_FREN": "Roumanie", "ISO3_CODE": "ROU", "SVRG_UN": "UN Member State", "CAPT": "Bucharest", "EU_STAT": "T", "EFTA_STAT": "F", "CC_STAT": "F", "NAME_GERM": "Rumänien"}, "geometry": {"type": "MultiPolygon", "coordinates": [[[[27.19255785200005, 47.904379679000044], [27.391166500000054, 47.58939749900003], [28.11380550000007, 46.838410999000075], [28.228308241000036, 46.43802513900005], [28.115802, 46.10782699900005], [28.21136, 45.46727999900003], [28.65190928800007, 45.25105495400004], [29.297649376000038, 45.411151450000034], [29.667044857000064, 45.31191186600006], [29.679639500000064, 45.21183799900007], [29.556938296000055, 44.873975004000044], [28.994085, 44.67962549900005], [28.71224277600004, 44.37740413500006], [28.578884, 43.73873899900008], [27.69541, 43.98734299900008], [27.271340500000065, 44.12633549900005], [26.381823, 44.03861199900007], [26.358182, 44.03716049900004], [25.672201, 43.68814849900008], [25.54453950000004, 43.64284549900003], [25.296372500000075, 43.65541899900006], [24.654779500000075, 43.72358649900008], [24.323522500000024, 43.69768599900004], [24.112043500000027, 43.69994599900008], [23.630393, 43.79104999900005], [23.15540158600004, 43.81228186900006], [22.997171, 43.807867499000054], [22.966369, 44.098288499000034], [22.67516150000006, 44.215662999000074], [22.499677231000078, 44.611749048000036], [22.016132500000026, 44.59920249900006], [22.012350500000025, 44.602318499000035], [21.35847, 44.82161199900003], [21.479178500000046, 45.19302749900004], [21.016575, 45.32462749900003], [20.662833, 45.79411599900004], [20.264296, 46.12637349900007], [20.70530350000007, 46.160937499000056], [20.7756, 46.27590999900008], [21.14747118200006, 46.33588539600004], [21.441398, 46.651466999000036], [21.658955, 47.02213149900007], [22.12832, 47.598089499000025], [22.180837500000052, 47.60009449900008], [22.89627050000007, 47.954120499000055], [23.15540158600004, 48.11272745600007], [23.493605, 47.96781149900005], [24.560793045000025, 47.93394991300005], [24.947100500000033, 47.72912399900008], [26.098827500000027, 47.978795999000056], [26.63056, 48.259749999000064], [27.19255785200005, 47.904379679000044]]]]}}, {"type": "Feature", "properties": {"NUTS_ID": "AL", "LEVL_CODE": 0, "CNTR_CODE": "AL", "NAME_LATN": "Shqipëria", "NUTS_NAME": "Shqipëria", "MOUNT_TYPE": 0, "URBN_TYPE": 0, "COAST_TYPE": 0, "NAME_ENGL": "Albania", "NAME_FREN": "Albanie", "ISO3_CODE": "ALB", "SVRG_UN": "UN Member State", "CAPT": "Tirana", "EU_STAT": "F", "EFTA_STAT": "F", "CC_STAT": "T", "NAME_GERM": "Albanien"}, "geometry": {"type": "MultiPolygon", "coordinates": [[[[20.0763, 42.55582349900004], [20.264858074000074, 42.39292650400006], [20.470120502000043, 42.21559847000003], [20.518055452000056, 42.10593678300006], [20.594286, 41.877327499000046], [20.562872, 41.84613649900007], [20.560691989000077, 41.73313085400008], [20.557774, 41.58187049900005], [20.50166, 41.31715399900003], [20.597745, 41.092033499000024], [20.837823, 40.92768299900007], [20.98020450000007, 40.855664999000055], [21.056068500000038, 40.61669549900006], [20.778501, 40.34878899900008], [20.612876500000027, 40.079653499000074], [20.38332248300003, 39.98271712900004], [20.391308, 39.78848349900005], [20.302345, 39.81274299900008], [20.010015795000072, 39.691761341000074], [19.98236373700007, 39.70354863800003], [19.995675856000048, 39.851892441000075], [19.885012717000052, 40.00393773800005], [19.571512421000023, 40.17470479100007], [19.318752, 40.64498099900004], [19.442483, 41.00052549900005], [19.51779750000003, 41.26865599900003], [19.557328, 41.57767399900007], [19.535273266000047, 41.73313085400008], [19.52006750000004, 41.84031149900005], [19.372528, 41.84414799900003], [19.384059026000045, 42.10593678300006], [19.392414045000066, 42.29562070900005], [19.488027806000048, 42.39292650400006], [19.66233844900006, 42.54691659700006], [19.830997500000024, 42.46644549900003], [20.0763, 42.55582349900004]]]]}}, {"type": "Feature", "properties": {"NUTS_ID": "AT", "LEVL_CODE": 0, "CNTR_CODE": "AT", "NAME_LATN": "Österreich", "NUTS_NAME": "Österreich", "MOUNT_TYPE": 0, "URBN_TYPE": 0, "COAST_TYPE": 0, "NAME_ENGL": "Austria", "NAME_FREN": "Autriche", "ISO3_CODE": "AUT", "SVRG_UN": "UN Member State", "CAPT": "Vienna", "EU_STAT": "T", "EFTA_STAT": "F", "CC_STAT": "F", "NAME_GERM": "Österreich"}, "geometry": {"type": "MultiPolygon", "coordinates": [[[[16.940278, 48.617245499000035], [16.949778, 48.535791999000025], [16.851106, 48.438634999000044], [16.976203, 48.172244499000044], [17.066741, 48.11868149900005], [17.160797500000058, 48.00665649900003], [16.99140403000007, 47.720036450000066], [16.421542500000044, 47.665297999000074], [16.64622, 47.446596999000064], [16.43376150000006, 47.352918499000054], [16.459442042000035, 47.04411389400008], [16.113849, 46.86906799900004], [15.996236, 46.835398499000064], [15.786422, 46.70746949900007], [15.649988, 46.70575699900007], [15.401979500000039, 46.65354849900007], [15.065120500000035, 46.652112499000054], [14.674580500000047, 46.450687499000026], [14.565175500000066, 46.37245349900007], [14.43450050000007, 46.44294349900008], [13.714185, 46.522703499000045], [13.504249500000071, 46.56630399900007], [12.731393, 46.63428799900004], [12.690635, 46.65697199900006], [12.477924, 46.679835499000035], [12.211668725000038, 46.89676780100007], [12.24074550000006, 47.06916849900006], [12.136014, 47.08066749900007], [11.85717350300007, 47.00382740400005], [11.627199500000074, 47.01329899900003], [11.164281500000072, 46.96572249900004], [10.981675044000042, 46.80738071500008], [10.469651500000055, 46.85490899900003], [10.144974500000046, 46.85100949900004], [9.607078, 47.06077449900005], [9.620580500000074, 47.15164549900004], [9.530749, 47.27058099900006], [9.55872050000005, 47.54189299900003], [9.967813500000034, 47.54624049900008], [9.999526, 47.48301699900003], [10.178353, 47.270113999000046], [10.418974814000023, 47.38813692000008], [10.454439, 47.55579699900005], [10.886199, 47.53684799900003], [10.991202500000043, 47.396130999000036], [11.016500500000063, 47.39636799900006], [11.42142750000005, 47.444851999000036], [11.410219, 47.49532399900005], [11.632883, 47.59244599900006], [11.85717350300007, 47.602004615000055], [12.060662, 47.61874349900006], [12.338045500000021, 47.69708749900008], [12.575026500000035, 47.63231599900007], [12.695795500000031, 47.68222299900003], [13.046055500000023, 47.52050249900003], [12.959252680000077, 47.87540091900007], [12.875785500000063, 47.962608999000054], [12.860181500000067, 47.99663999900008], [12.751555, 48.112810499000034], [12.94468450000005, 48.20669249900004], [13.177043, 48.29438999900003], [13.456416582000031, 48.55879995200007], [13.463268977000041, 48.55444195600006], [13.47508, 48.55598649900003], [13.476535485000056, 48.56334849000007], [13.485506292000025, 48.562386934000074], [13.491615651000075, 48.56480773100003], [13.493781196000043, 48.56920341500006], [13.504165877000048, 48.57301172800004], [13.506267826000055, 48.576509574000056], [13.503116567000063, 48.583691962000046], [13.506593976000033, 48.58956176400005], [13.509728916000029, 48.58995070700007], [13.727090500000031, 48.51301949900005], [13.796107, 48.71360049900005], [13.839507, 48.77160499900003], [14.691014, 48.58430199900005], [15.040345050000042, 48.96677243400006], [15.542449500000032, 48.90769699900005], [15.753633500000035, 48.85217849900005], [16.940278, 48.617245499000035]]]]}}, {"type": "Feature", "properties": {"NUTS_ID": "BE", "LEVL_CODE": 0, "CNTR_CODE": "BE", "NAME_LATN": "Belgique/België", "NUTS_NAME": "Belgique/België", "MOUNT_TYPE": 0, "URBN_TYPE": 0, "COAST_TYPE": 0, "NAME_ENGL": "Belgium", "NAME_FREN": "Belgique", "ISO3_CODE": "BEL", "SVRG_UN": "UN Member State", "CAPT": "Brussels", "EU_STAT": "T", "EFTA_STAT": "F", "CC_STAT": "F", "NAME_GERM": "Belgien"}, "geometry": {"type": "MultiPolygon", "coordinates": [[[[5.566283500000054, 51.22083649900003], [5.798274, 51.05985349900004], [5.766125500000044, 51.00871549900006], [5.687622, 50.811923999000044], [5.819052, 50.71455749900008], [6.020999, 50.75429549900008], [6.315556, 50.49704249900003], [6.405028500000071, 50.32330849900006], [6.137662500000033, 50.12995149900007], [6.02489950000006, 50.18277949900005], [5.746319, 49.85359499900005], [5.818117, 49.54631049900007], [5.734556, 49.545690499000045], [5.470883, 49.49723799900005], [5.393511, 49.61711099900003], [5.153738500000031, 49.717925999000045], [4.969431, 49.80182599900007], [4.792791636000061, 50.14700057600004], [4.432494, 49.94161599900008], [4.233133, 49.95782849900007], [4.140853, 49.97875999900003], [4.027774500000021, 50.35833049900003], [3.740666119000025, 50.35804457100005], [3.65551, 50.46173549900004], [3.615081500000031, 50.490398999000035], [3.389730291000035, 50.54527837100005], [3.245294, 50.713009499000066], [3.098481, 50.77901899900007], [3.018708500000059, 50.773532999000054], [3.014893250000057, 50.77357667000007], [3.011207669000044, 50.770200155000055], [3.005893542000024, 50.766080343000056], [2.983272, 50.75717149900004], [2.972211145000074, 50.75021143500004], [2.96415931000007, 50.74995773100005], [2.95662197200005, 50.75293834100006], [2.940103, 50.74534999900004], [2.937994250000031, 50.740194227000075], [2.944161434000023, 50.732037020000064], [2.93715, 50.73003749900005], [2.930551593000075, 50.72624624600007], [2.930049451000059, 50.71166088500007], [2.922303, 50.70279299900005], [2.911644598000066, 50.703099605000034], [2.909228494000047, 50.69446625100005], [2.900403, 50.69327149900005], [2.886391175000028, 50.705703569000036], [2.870144, 50.70289999900007], [2.863276, 50.70834349900008], [2.607036, 50.91268949900007], [2.546011, 51.08938199900007], [2.749051500000064, 51.16176999900006], [3.110688500000037, 51.31225949900005], [3.365787500000067, 51.36983549900003], [3.380661, 51.27429949900005], [3.856339500000047, 51.21105599900005], [3.977666500000055, 51.22513199900004], [4.234817500000077, 51.348253999000065], [4.242049, 51.35396699900008], [4.243669500000067, 51.37472949900007], [4.279565, 51.376017499000056], [4.669544, 51.42638399900005], [4.759926, 51.50246449900004], [5.10218, 51.42900499900003], [5.237716500000033, 51.26160049900005], [5.566283500000054, 51.22083649900003]]]]}}, {"type": "Feature", "properties": {"NUTS_ID": "BG", "LEVL_CODE": 0, "CNTR_CODE": "BG", "NAME_LATN": "Bulgaria", "NUTS_NAME": "България", "MOUNT_TYPE": 0, "URBN_TYPE": 0, "COAST_TYPE": 0, "NAME_ENGL": "Bulgaria", "NAME_FREN": "Bulgarie", "ISO3_CODE": "BGR", "SVRG_UN": "UN Member State", "CAPT": "Sofia", "EU_STAT": "T", "EFTA_STAT": "F", "CC_STAT": "F", "NAME_GERM": "Bulgarien"}, "geometry": {"type": "MultiPolygon", "coordinates": [[[[22.966369, 44.098288499000034], [22.997171, 43.807867499000054], [23.15540158600004, 43.81228186900006], [23.630393, 43.79104999900005], [24.112043500000027, 43.69994599900008], [24.323522500000024, 43.69768599900004], [24.654779500000075, 43.72358649900008], [25.296372500000075, 43.65541899900006], [25.54453950000004, 43.64284549900003], [25.672201, 43.68814849900008], [26.358182, 44.03716049900004], [26.381823, 44.03861199900007], [27.271340500000065, 44.12633549900005], [27.69541, 43.98734299900008], [28.578884, 43.73873899900008], [28.497984577000068, 43.43410308800003], [28.060180500000058, 43.316444999000055], [27.88262, 42.83841349900007], [27.720450319000065, 42.39292650400006], [27.941068272000052, 42.10593678300006], [28.03551250000004, 41.98307949900004], [27.059650500000032, 42.088336999000035], [26.94922850000006, 42.00021349900004], [26.561544500000025, 41.92627349900005], [26.357879, 41.711104499000044], [25.948626, 41.32034199900005], [25.906437500000038, 41.30757499900005], [25.224698500000045, 41.264630999000076], [25.17937550000005, 41.31018799900005], [24.783956, 41.36018899900006], [24.49168271600007, 41.54361542600003], [24.059744, 41.52211199900006], [23.624223, 41.37572749900005], [23.460443663000035, 41.40248849300008], [22.927591500000062, 41.338539499000035], [22.968327500000044, 41.51983549900007], [22.92539639900008, 41.73313085400008], [22.867214, 42.02219949900007], [22.642500889000075, 42.10593678300006], [22.510412, 42.15515849900004], [22.36020650000006, 42.31115699900005], [22.461472, 42.64849049900005], [22.442821500000036, 42.82545649900004], [22.51551050000006, 42.86853849900007], [22.748399500000062, 42.88978749900008], [23.00621, 43.192878499000074], [22.747454, 43.38661299900008], [22.666975500000035, 43.40274749900004], [22.406865148000065, 43.75165390700005], [22.536145, 44.04551149900004], [22.67516150000006, 44.215662999000074], [22.966369, 44.098288499000034]]]]}}, {"type": "Feature", "properties": {"NUTS_ID": "CH", "LEVL_CODE": 0, "CNTR_CODE": "CH", "NAME_LATN": "Schweiz/Suisse/Svizzera", "NUTS_NAME": "Schweiz/Suisse/Svizzera", "MOUNT_TYPE": 0, "URBN_TYPE": 0, "COAST_TYPE": 0, "NAME_ENGL": "Switzerland", "NAME_FREN": "Suisse", "ISO3_CODE": "CHE", "SVRG_UN": "UN Member State", "CAPT": "Bern", "EU_STAT": "F", "EFTA_STAT": "T", "CC_STAT": "F", "NAME_GERM": "Schweiz"}, "geometry": {"type": "MultiPolygon", "coordinates": [[[[9.182192, 47.655890499000066], [9.495604, 47.55145499900004], [9.55872050000005, 47.54189299900003], [9.530749, 47.27058099900006], [9.47604750000005, 47.05179749900003], [9.607078, 47.06077449900005], [10.144974500000046, 46.85100949900004], [10.469651500000055, 46.85490899900003], [10.452801, 46.53068299900008], [10.173912125000072, 46.57977326500003], [10.050687629000038, 46.33497281700005], [9.347472248000031, 46.47198247800003], [9.24853150000007, 46.233767999000065], [9.159377500000062, 46.16960099900007], [8.912147, 45.830444999000065], [8.713936, 46.09727199900004], [8.384717, 46.45215849900006], [7.87713750000006, 45.92695499900003], [7.864076500000067, 45.916750499000045], [7.044886, 45.92241299900007], [6.821064, 46.42715449900004], [6.462968871000044, 46.432012333000046], [6.24136, 46.343582499000036], [6.177574940000056, 46.18160657900006], [5.956067, 46.13209549900006], [6.125608, 46.31722999900006], [6.064003, 46.416228999000055], [6.138106, 46.55766699900005], [6.462968871000044, 46.851131113000065], [6.860184, 47.16545999900006], [6.858361992000027, 47.167234972000074], [6.939186, 47.433704499000044], [7.130353, 47.503040499000065], [7.380894, 47.43189249900007], [7.510905500000035, 47.50258249900003], [7.555159500000059, 47.56456399900003], [7.589039, 47.589877999000066], [7.634097, 47.561113499000044], [7.713784500000031, 47.539404999000055], [7.894107500000075, 47.58637499900004], [8.426434500000028, 47.56754899900005], [8.51487082500006, 47.627210295000054], [8.510115, 47.77619049900005], [8.61383150000006, 47.801078999000026], [8.663354, 47.68589249900003], [8.670461, 47.684862499000076], [9.182192, 47.655890499000066]]]]}}, {"type": "Feature", "properties": {"NUTS_ID": "CY", "LEVL_CODE": 0, "CNTR_CODE": "CY", "NAME_LATN": "Kýpros", "NUTS_NAME": "Κύπρος", "MOUNT_TYPE": 0, "URBN_TYPE": 0, "COAST_TYPE": 0, "NAME_ENGL": "Cyprus", "NAME_FREN": "Chypre", "ISO3_CODE": "CYP", "SVRG_UN": "UN Member State", "CAPT": "Nicosia", "EU_STAT": "T", "EFTA_STAT": "F", "CC_STAT": "F", "NAME_GERM": "Zypern"}, "geometry": {"type": "MultiPolygon", "coordinates": [[[[33.62514294400006, 34.851088735000076], [32.94167698100006, 34.64175307800008], [32.55899801100003, 34.68747713600004], [32.369396436000045, 34.851088735000076], [32.44351434500004, 35.077769620000026], [33.017171534000056, 35.333777560000044], [34.007186328000046, 35.43172470300004], [34.17077892400005, 35.55765793000006], [34.543003405000036, 35.68085262200003], [34.558094991000075, 35.640987575000054], [34.06093903000004, 35.32692824700007], [33.96281194000005, 35.31958068100005], [33.92985761400007, 35.06002596600007], [33.62514294400006, 34.851088735000076]]]]}}, {"type": "Feature", "properties": {"NUTS_ID": "CZ", "LEVL_CODE": 0, "CNTR_CODE": "CZ", "NAME_LATN": "Česko", "NUTS_NAME": "Česko", "MOUNT_TYPE": 0, "URBN_TYPE": 0, "COAST_TYPE": 0, "NAME_ENGL": "Czechia", "NAME_FREN": "Tchéquie", "ISO3_CODE": "CZE", "SVRG_UN": "UN Member State", "CAPT": "Prague", "EU_STAT": "T", "EFTA_STAT": "F", "CC_STAT": "F", "NAME_GERM": "Tschechien"}, "geometry": {"type": "MultiPolygon", "coordinates": [[[[14.491221, 51.04353049900004], [14.6188, 50.85780449900005], [14.823362, 50.870550499000046], [15.181559008000022, 50.95741298300004], [15.535267500000032, 50.77937599900008], [16.107318, 50.66207299900003], [16.332549979000078, 50.592461342000036], [16.58029, 50.14278799900006], [16.86327, 50.19812299900008], [16.907924500000036, 50.44945399900007], [17.429605, 50.25451299900004], [18.035061, 50.06577199900005], [18.575724, 49.91042299900005], [18.851551, 49.51718899900004], [18.40359550000005, 49.396745499000076], [18.322436, 49.31505899900003], [17.64693, 48.85426599900006], [17.39672550000006, 48.81334999900008], [16.940278, 48.617245499000035], [15.753633500000035, 48.85217849900005], [15.542449500000032, 48.90769699900005], [15.040345050000042, 48.96677243400006], [14.691014, 48.58430199900005], [13.839507, 48.77160499900003], [13.551578500000062, 48.96778749900005], [13.416651500000057, 48.98003549900005], [13.170908, 49.17357949900003], [12.633763500000043, 49.47619499900003], [12.593778500000042, 49.54219149900007], [12.401524, 49.75837299900007], [12.550988500000074, 49.905087999000045], [12.260799, 50.05815649900006], [12.160679, 50.21984899900008], [12.100900500000023, 50.31802799900004], [12.58377850000005, 50.40707899900008], [12.948144500000069, 50.40431149900007], [13.501846, 50.633642999000074], [13.652174, 50.73035999900003], [14.151195229000052, 50.851571257000046], [14.317873500000076, 51.05469899900004], [14.491221, 51.04353049900004]]]]}}, {"type": "Feature", "properties": {"NUTS_ID": "DE", "LEVL_CODE": 0, "CNTR_CODE": "DE", "NAME_LATN": "Deutschland", "NUTS_NAME": "Deutschland", "MOUNT_TYPE": 0, "URBN_TYPE": 0, "COAST_TYPE": 0, "NAME_ENGL": "Germany", "NAME_FREN": "Allemagne", "ISO3_CODE": "DEU", "SVRG_UN": "UN Member State", "CAPT": "Berlin", "EU_STAT": "T", "EFTA_STAT": "F", "CC_STAT": "F", "NAME_GERM": "Deutschland"}, "geometry": {"type": "MultiPolygon", "coordinates": [[[[9.113097, 54.873601499000074], [9.273634572000049, 54.81168988700006], [9.422194997000076, 54.83203333800003], [9.468529196000077, 54.817231709000055], [9.491949500000032, 54.82263549900006], [9.778117247000068, 54.72773912800005], [9.794372014000032, 54.562467206000065], [10.168517, 54.432844999000054], [10.174162, 54.34574549900003], [10.71375050000006, 54.30507249900006], [11.006397567000022, 54.32319432700007], [10.841326454000068, 53.99193534300008], [10.903661500000055, 53.956821999000056], [11.56177850000006, 54.028088499000035], [11.998484500000075, 54.17496999900004], [12.201068, 54.244695499000045], [12.28553050000005, 54.27495199900005], [13.253091324000025, 54.56839420700004], [13.54798631400007, 54.43625385900003], [13.319396, 54.19350599900008], [14.226302, 53.928652999000064], [14.213077500000054, 53.866479499000036], [14.098224138000035, 53.765405040000076], [14.267542, 53.69780649900008], [14.412157, 53.32963599900006], [14.143658, 52.96136849900006], [14.156692, 52.895590999000035], [14.436438, 52.67990049900004], [14.565063, 52.62449699900003], [14.534362, 52.39500799900003], [14.600891500000046, 52.27205199900004], [14.755227, 52.070024999000054], [14.716716, 52.00118799900008], [14.729862, 51.581776999000056], [14.974183, 51.363949999000056], [14.823362, 50.870550499000046], [14.6188, 50.85780449900005], [14.491221, 51.04353049900004], [14.317873500000076, 51.05469899900004], [14.151195229000052, 50.851571257000046], [13.652174, 50.73035999900003], [13.501846, 50.633642999000074], [12.948144500000069, 50.40431149900007], [12.58377850000005, 50.40707899900008], [12.100900500000023, 50.31802799900004], [12.160679, 50.21984899900008], [12.260799, 50.05815649900006], [12.550988500000074, 49.905087999000045], [12.401524, 49.75837299900007], [12.593778500000042, 49.54219149900007], [12.633763500000043, 49.47619499900003], [13.170908, 49.17357949900003], [13.416651500000057, 48.98003549900005], [13.551578500000062, 48.96778749900005], [13.839507, 48.77160499900003], [13.796107, 48.71360049900005], [13.727090500000031, 48.51301949900005], [13.509728916000029, 48.58995070700007], [13.506593976000033, 48.58956176400005], [13.503116567000063, 48.583691962000046], [13.506267826000055, 48.576509574000056], [13.504165877000048, 48.57301172800004], [13.493781196000043, 48.56920341500006], [13.491615651000075, 48.56480773100003], [13.485506292000025, 48.562386934000074], [13.476535485000056, 48.56334849000007], [13.47508, 48.55598649900003], [13.463268977000041, 48.55444195600006], [13.456416582000031, 48.55879995200007], [13.177043, 48.29438999900003], [12.94468450000005, 48.20669249900004], [12.751555, 48.112810499000034], [12.860181500000067, 47.99663999900008], [12.875785500000063, 47.962608999000054], [12.959252680000077, 47.87540091900007], [13.046055500000023, 47.52050249900003], [12.695795500000031, 47.68222299900003], [12.575026500000035, 47.63231599900007], [12.338045500000021, 47.69708749900008], [12.060662, 47.61874349900006], [11.85717350300007, 47.602004615000055], [11.632883, 47.59244599900006], [11.410219, 47.49532399900005], [11.42142750000005, 47.444851999000036], [11.016500500000063, 47.39636799900006], [10.991202500000043, 47.396130999000036], [10.886199, 47.53684799900003], [10.454439, 47.55579699900005], [10.418974814000023, 47.38813692000008], [10.178353, 47.270113999000046], [9.999526, 47.48301699900003], [9.967813500000034, 47.54624049900008], [9.55872050000005, 47.54189299900003], [9.495604, 47.55145499900004], [9.182192, 47.655890499000066], [8.670461, 47.684862499000076], [8.663354, 47.68589249900003], [8.61383150000006, 47.801078999000026], [8.510115, 47.77619049900005], [8.51487082500006, 47.627210295000054], [8.426434500000028, 47.56754899900005], [7.894107500000075, 47.58637499900004], [7.713784500000031, 47.539404999000055], [7.634097, 47.561113499000044], [7.589039, 47.589877999000066], [7.545990500000073, 47.743573999000034], [7.581396899000026, 47.914534220000064], [7.577291, 48.11565499900007], [7.577919500000064, 48.12139199900008], [7.680713, 48.25726699900008], [7.95963050000006, 48.71858099900004], [8.232633, 48.966571499000054], [8.068407500000035, 48.99931649900003], [7.910654500000021, 49.04516349900007], [7.635651, 49.05395049900005], [7.36875550000002, 49.16145799900005], [7.264279993000059, 49.133797568000034], [7.101069, 49.15599799900008], [6.723465500000032, 49.21882899900004], [6.556986, 49.419208499000035], [6.367107500000031, 49.46950699900003], [6.380052500000033, 49.551104999000074], [6.474962500000061, 49.82127499900008], [6.137662500000033, 50.12995149900007], [6.405028500000071, 50.32330849900006], [6.315556, 50.49704249900003], [6.020999, 50.75429549900008], [6.086947500000065, 50.91313499900008], [5.877085, 51.03210099900008], [6.174812, 51.18451349900005], [6.072657, 51.24258749900008], [6.224405, 51.36497899900007], [5.953192, 51.74784599900005], [6.167766, 51.90080449900006], [6.407779500000061, 51.82809199900004], [6.681671345000041, 51.932420025000056], [6.760465, 52.118569499000046], [7.065685, 52.24137299900008], [7.004076894000036, 52.39960571700004], [6.697865500000034, 52.486285999000074], [6.70973250000003, 52.627823499000044], [7.006229500000074, 52.63876299900005], [7.092692, 52.83820099900004], [7.202794500000039, 53.11328149900004], [7.208935, 53.24306449900007], [7.2643, 53.325526499000034], [7.092746016000035, 53.37251383800003], [7.491739052000071, 53.68003486200007], [7.809895500000039, 53.70766199900004], [8.091291, 53.63810899900005], [8.142206153000075, 53.555025228000034], [8.061327, 53.505956999000034], [8.195555, 53.40917149900008], [8.554898, 53.525130999000055], [8.520410500000025, 53.606204999000056], [8.61333398100004, 53.765405040000076], [8.687172500000031, 53.89190799900007], [8.889034335000076, 53.85714114500007], [9.018512500000043, 53.83484099900005], [9.273634572000049, 53.86742491600006], [9.199751, 53.880104499000026], [8.832592, 54.023929499000076], [8.844804500000066, 54.26632849900005], [8.635926, 54.91168299900005], [8.889034335000076, 54.89148322800003], [9.113097, 54.873601499000074]]], [[[8.054720193000037, 54.25083931300003], [7.982673657000021, 53.99245803000008], [7.635770839000031, 54.26773969100003], [7.898156254000071, 54.34257920200008], [8.054720193000037, 54.25083931300003]]], [[[8.707664012000066, 53.94049247600003], [8.478108599000052, 53.81048481000005], [8.324632955000027, 53.83764173600008], [8.476317963000042, 54.05270750900007], [8.707664012000066, 53.94049247600003]]]]}}, {"type": "Feature", "properties": {"NUTS_ID": "NO", "LEVL_CODE": 0, "CNTR_CODE": "NO", "NAME_LATN": "Norge", "NUTS_NAME": "Norge", "MOUNT_TYPE": 0, "URBN_TYPE": 0, "COAST_TYPE": 0, "NAME_ENGL": "Norway", "NAME_FREN": "Norvège", "ISO3_CODE": "NOR", "SVRG_UN": "UN Member State", "CAPT": "Oslo", "EU_STAT": "F", "EFTA_STAT": "T", "CC_STAT": "F", "NAME_GERM": "Norwegen"}, "geometry": {"type": "MultiPolygon", "coordinates": [[[[27.860229153000034, 70.98478361700006], [28.465374504000067, 70.71867713800003], [29.24549115700006, 70.76133877700005], [30.32772966700003, 70.51978264800005], [30.496650403000046, 70.28849257700006], [30.145544206000068, 69.93024346400006], [30.86536, 69.75959449900006], [30.929705091000073, 69.61947466400005], [30.84260981500006, 69.54219790000008], [30.261668137000072, 69.64165752800005], [30.075293343000055, 69.47173898700004], [29.645268472000055, 69.34741462300008], [28.896657488000073, 69.04263701800005], [29.153650447000075, 69.58802403300007], [27.747210623000058, 70.06018756900005], [26.076315848000036, 69.72561131500004], [25.63800956600005, 68.96323131700007], [25.01195971900006, 68.64287037700007], [24.028901794000035, 68.78015797500007], [23.075685084000042, 68.67564241600007], [21.983611500000052, 69.07289349900003], [21.69185318800004, 69.23480532600007], [21.588840693000066, 69.27858431300007], [21.310315850000052, 69.30653751100004], [21.03324826900007, 69.23480532600007], [20.548636500000043, 69.05996849900004], [20.334571065000034, 69.01862856000008], [19.922091367000064, 68.38448789400007], [18.125925, 68.53651599900007], [18.07055247200003, 68.13721175800003], [17.684947561000058, 68.03245812800003], [17.26614568800005, 68.09132058500006], [16.72042231000006, 67.88741076200006], [16.167988669000067, 67.42887684400006], [16.342528019000042, 67.06415142700007], [15.415274297000053, 66.50450012300007], [15.453994500000022, 66.34523349900007], [14.627344443000027, 66.06389820800007], [14.325985, 65.11891599900008], [13.730256673000042, 64.61218132900007], [13.838097015000073, 64.54695307100008], [14.109218917000021, 64.38296240500006], [14.013628492000066, 64.07335018800006], [13.14894692300004, 64.07482882800008], [12.52213210900004, 63.850870592000035], [12.205748750000055, 63.61881959800007], [12.149506941000027, 63.41824941800007], [12.052455500000065, 63.183444499000075], [12.25465950000006, 62.33102449900008], [12.29937, 62.26749399900007], [12.182376674000068, 61.76715319900006], [12.693323305000035, 61.42594322600007], [12.670176500000025, 61.05597649900005], [12.294974122000042, 60.986899048000055], [12.56846422700005, 60.43470681600007], [12.438050007000072, 60.07823781500008], [12.149506941000027, 59.88822680700008], [11.839729, 59.84076699900004], [11.926970500000039, 59.79047599900008], [11.826196500000037, 59.23784999900005], [11.716704274000051, 59.049036483000066], [11.622032552000064, 58.929603314000076], [11.456293106000032, 58.99003427900004], [11.408527607000053, 59.049036483000066], [10.911098163000077, 59.049881655000036], [10.669662730000027, 59.44797894800007], [10.501983002000031, 59.781628356000056], [10.530081702000075, 59.579388839000046], [10.324119133000067, 59.691045161000034], [10.446967934000043, 59.43347610500007], [10.44890682600004, 59.12924599100006], [10.205065152000032, 59.00377120600007], [9.839197, 59.04417899900005], [9.292107728000076, 58.78230614600005], [8.889034335000076, 58.47336556400006], [8.185152, 58.142941499000074], [7.28850168200006, 57.99887946400003], [6.438414023000064, 58.29072668100008], [5.555610118000061, 58.75078916100006], [5.511515624000026, 59.00629653400006], [5.75630600300002, 59.26678655400008], [5.67473482500003, 59.57397639100003], [5.852256570000065, 59.62924523600003], [5.605324318000044, 59.769758015000036], [5.535590556000045, 59.46765322200008], [5.542881197000042, 59.33588722600007], [5.268187793000038, 59.163896005000026], [5.243171158000052, 59.46765322200008], [4.958823325000026, 60.37444692100007], [5.126030316000026, 60.83165688200006], [4.627811768000072, 60.90616927500008], [4.847591365000028, 61.22950631300006], [4.892775766000057, 61.71541093700006], [5.150939873000027, 61.897468426000046], [5.109244403000048, 62.140525936000074], [5.479565960000059, 61.98426860300003], [5.436420159000022, 62.17978035200008], [5.729493222000031, 62.17121196000005], [6.245624702000043, 62.62685926900008], [7.004038210000033, 62.95341778300008], [7.682432336000034, 62.992412098000045], [7.880913030000045, 63.40794882700004], [8.623515205000047, 63.38512004200004], [8.329581013000052, 63.53383479200005], [8.380052681000052, 63.66552110600003], [8.889034335000076, 63.632347922000065], [9.046491333000063, 63.52448274400007], [9.704646740000044, 63.65770762500006], [9.928423692000024, 64.02151141100006], [10.72949071100004, 64.41340227700005], [11.052667815000063, 64.60679518300003], [11.077328314000056, 64.95741112800005], [12.13961774300003, 65.02029180400007], [12.026450337000028, 65.64886949700008], [12.330704084000047, 66.14443938800008], [12.802643725000053, 66.49136508700008], [13.066833631000065, 66.41013331900007], [13.206591912000022, 66.74600437200007], [13.630171765000057, 67.00228311100005], [14.192696578000039, 67.17086167800005], [14.790103773000055, 67.81938808400008], [15.767472607000059, 68.14317053600007], [15.618232919000036, 68.31873340600004], [14.549514393000038, 68.28302105200004], [14.638808414000039, 68.71300902100006], [15.824664133000056, 69.15151370300003], [15.976778655000032, 68.79250284200003], [16.47666407500003, 68.95132579700004], [17.17205016500003, 68.74457425100007], [17.008565646000022, 69.32033893100004], [18.513130094000076, 69.72777514900008], [18.88964382300003, 70.08798598000004], [19.75813028300007, 70.08220810000006], [19.866455006000024, 69.82994318500005], [20.459544519000076, 69.78862161100005], [20.675268236000022, 70.05727135200004], [21.130376769000065, 69.95016797800008], [21.489003423000042, 70.18705597700006], [22.341764385000033, 70.25291055900004], [22.962804748000053, 70.68467927600005], [23.74094569600004, 70.62947251000003], [25.55742059000005, 70.96474718800005], [25.63350029700007, 70.55600892300004], [27.860229153000034, 70.98478361700006]]], [[[17.88143675400005, 79.75051132600004], [17.837218438000036, 79.47341974800008], [18.39546001900004, 79.60378584400007], [18.761616400000037, 79.49052335900006], [18.98955671300007, 79.18284787000005], [20.488635084000066, 79.12346409500003], [20.932493199000078, 78.87805541400007], [21.572759002000055, 78.81522018400005], [21.517588991000025, 78.65197711900004], [22.059951443000045, 78.53294068100007], [22.28729542800005, 78.23318649500004], [22.96637687200007, 78.22909120500003], [23.24205813900005, 78.02184630000005], [24.143057229000078, 77.76378983900008], [24.011482245000025, 77.60293627900006], [23.24205813900005, 77.39430747800003], [22.806841398000074, 77.31131476500008], [22.63717704000004, 77.57941590100006], [22.46590766500003, 77.61485522100008], [21.903601485000024, 77.50958087500004], [20.966591050000034, 77.44770062500004], [20.929482563000022, 77.54364462500007], [21.38771181100003, 77.90829142100006], [20.61052027100004, 78.34190484700008], [20.488635084000066, 78.63837908100004], [19.061547295000025, 78.43284633900004], [19.014223540000046, 78.10802791700007], [18.47333728600006, 77.97757564200003], [18.222649755000077, 77.50958087500004], [17.684508492000077, 77.46055621800008], [17.118742756000074, 76.68026087200008], [16.610285074000046, 76.59295512900007], [14.351951574000054, 77.20722883200006], [13.974891674000048, 77.50958087500004], [14.418175489000078, 77.60779989100007], [14.413572473000045, 77.71381595700007], [13.78393141600003, 77.79694504300005], [13.650573679000047, 78.04899040700008], [14.946663277000027, 78.11410305800007], [16.343949680000037, 78.36878551300003], [16.37788164500006, 78.59251998700006], [15.60924007400007, 78.46701904000008], [14.946663277000027, 78.59250641500006], [13.503126504000022, 78.19815223800003], [12.97661191800006, 78.22923407100006], [12.264176753000072, 78.57316382500005], [11.696064056000068, 78.77624356100006], [11.737990086000025, 79.15325546200006], [11.193472339000039, 79.15544431800004], [10.80609735400003, 79.57379019800004], [11.411681977000057, 79.84787924900007], [12.264176753000072, 79.66055191700008], [12.264176753000072, 79.83888728200003], [13.57793706700005, 79.84471524300005], [13.604970587000025, 79.74407599300008], [13.373898062000023, 79.61164666300004], [13.389598957000032, 79.51213940000008], [13.925499589000026, 79.39936186400007], [13.940521017000037, 79.54137380400005], [14.526181233000045, 79.76711532800005], [14.946663277000027, 79.72328334400004], [15.981056423000041, 79.12557053900008], [16.052293890000044, 79.20292773200003], [15.703489184000034, 79.70595861100009], [15.966795044000037, 79.94916390400005], [16.403730324000037, 80.04782303700006], [17.684508492000077, 79.85307097500004], [17.88143675400005, 79.75051132600004]]], [[[20.041086808000045, 80.52594397800004], [21.717864083000052, 80.16621058400005], [22.24398894500007, 80.03741433300007], [22.39842065600004, 80.11622096300005], [22.51961109000007, 80.37501422100007], [23.24778458800006, 80.44638267700003], [23.294027465000056, 80.17697056200007], [23.845352546000072, 80.20546113300009], [24.151636970000027, 80.44735958700005], [26.889675080000075, 80.04243654300006], [26.901582133000034, 79.93880872600005], [26.359138073000054, 79.72489692400006], [25.288291334000064, 79.36255136500006], [23.24778458800006, 79.25115273000006], [20.065106152000055, 79.46979400900005], [19.85877834200005, 79.56427017800007], [19.975976179000043, 79.63226677500006], [20.489293547000045, 79.57492267400005], [20.457912388000068, 79.77127361700008], [18.77765528200007, 79.72455938500008], [17.938741245000074, 80.16621058400005], [18.282022478000044, 80.36310733000005], [18.506204326000045, 80.33558952500005], [18.634378432000062, 80.16621058400005], [19.086459666000053, 80.13128834000008], [19.07144018300005, 80.32962772600007], [19.502581949000046, 80.23195642400003], [19.738810932000035, 80.47164519100005], [20.041086808000045, 80.52594397800004]]], [[[11.327820681000048, 78.51626384600007], [11.038149430000033, 78.47003343000006], [10.49504055500006, 78.80240184200005], [10.479334344000051, 78.90362323000005], [11.023257143000023, 78.83498778500007], [11.198386793000054, 78.73811040600003], [11.327820681000048, 78.51626384600007]]], [[[14.020592134000026, 68.19480950400003], [13.492483055000037, 68.04358594600006], [13.364378498000065, 68.11875625800008], [13.920395295000048, 68.36578261700004], [14.020592134000026, 68.19480950400003]]], [[[19.29312512300004, 74.45697683100008], [19.06539508000003, 74.27627936200008], [18.791527346000066, 74.45391176600003], [19.115133678000063, 74.56616724000008], [19.29312512300004, 74.45697683100008]]], [[[13.233071162000044, 68.00200973300008], [13.028888102000053, 67.79843004300005], [12.836307228000067, 67.89513472900006], [13.092708988000027, 68.18171972100004], [13.233071162000044, 68.00200973300008]]], [[[-7.859361522999961, 70.99552684900004], [-8.271505140999977, 70.94627110600004], [-8.335391215999948, 71.00989173000005], [-7.999343887999942, 71.24319606900008], [-7.859361522999961, 70.99552684900004]]], [[[12.140386608000028, 78.24184688800005], [11.861973379000062, 78.17939586300008], [11.61086825500007, 78.37947355600005], [11.882776814000067, 78.44830355000005], [12.140386608000028, 78.24184688800005]]], [[[26.68846687200005, 78.87713740300006], [26.71288922900004, 78.60293739000008], [26.368408550000026, 78.65058348100007], [26.326028766000036, 78.78293554600003], [26.68846687200005, 78.87713740300006]]], [[[9.197595055000022, 64.02784721500007], [9.057818694000048, 63.81968716800003], [8.658831368000051, 63.894522936000044], [8.736130364000076, 64.00968846300003], [9.197595055000022, 64.02784721500007]]], [[[28.16214757000006, 80.18997925500008], [28.076568976000033, 79.99102096400003], [27.656989258000067, 80.15607572700003], [27.764131150000026, 80.25759466000005], [28.16214757000006, 80.18997925500008]]], [[[24.354748968000024, 70.89505985100004], [24.067198391000034, 70.88865489400007], [24.017995859000052, 71.11366620700005], [24.28569296300003, 71.17815589000008], [24.354748968000024, 70.89505985100004]]], [[[20.789865735000035, 80.77780942100003], [20.79762937000004, 80.55414471100005], [20.381057939000073, 80.64074765400005], [20.46849239100004, 80.79910717900003], [20.789865735000035, 80.77780942100003]]]]}}]}