{"type": "FeatureCollection", "name": "NUTS_RG_60M_2021_3035", "crs": {"type": "name", "properties": {"name": "urn:ogc:def:crs:EPSG::3035"}}, "features": [{"type": "Feature", "properties": {"NUTS_ID": "BE31", "LEVL_CODE": 2, "CNTR_CODE": "BE", "NAME_LATN": "Prov. Brabant Wallon", "NUTS_NAME": "Prov. Brabant Wallon", "MOUNT_TYPE": 0, "URBN_TYPE": 0, "COAST_TYPE": 0, "NAME_ENGL": "Belgium", "NAME_FREN": "Belgique", "ISO3_CODE": "BEL", "SVRG_UN": "UN Member State", "CAPT": "Brussels", "EU_STAT": "T", "EFTA_STAT": "F", "CC_STAT": "F", "NAME_GERM": "Belgien"}, "geometry": {"type": "MultiPolygon", "coordinates": [[[[3969815.4625000004, 3082969.7423], [3966445.1066999994, 3071096.3114], [3937006.9835, 3062047.7117], [3914135.362299999, 3069805.2258], [3904759.061899999, 3082815.9409999996], [3940202.0856999997, 3086499.6657999996], [3969815.4625000004, 3082969.7423]]]]}}, {"type": "Feature", "properties": {"NUTS_ID": "BE32", "LEVL_CODE": 2, "CNTR_CODE": "BE", "NAME_LATN": "Prov. Hainaut", "NUTS_NAME": "Prov. Hainaut", "MOUNT_TYPE": 0, "URBN_TYPE": 0, "COAST_TYPE": 0, "NAME_ENGL": "Belgium", "NAME_FREN": "Belgique", "ISO3_CODE": "BEL", "SVRG_UN": "UN Member State", "CAPT": "Brussels", "EU_STAT": "T", "EFTA_STAT": "F", "CC_STAT": "F", "NAME_GERM": "Belgien"}, "geometry": {"type": "MultiPolygon", "coordinates": [[[[3860314.060799999, 3093300.2357], [3865687.0146999992, 3089223.4005999994], [3882297.8422, 3089365.112400001], [3885115.6599000003, 3089441.899599999], [3890599.4667000007, 3086994.191299999], [3904759.061899999, 3082815.9409999996], [3914135.362299999, 3069805.2258], [3937006.9835, 3062047.7117], [3935995.9952000007, 3037466.4749], [3927977.9253000002, 3038768.3517000005], [3921450.2009999994, 3025723.3178000003], [3921742.4297, 2996168.7018], [3907618.9147999994, 2999071.3099000007], [3901203.5385999996, 3001917.1602], [3896518.9996000007, 3044671.3225], [3876165.7367000002, 3046342.8936], [3871119.5032, 3058361.0966], [3868536.232000001, 3061788.467599999], [3853161.5405, 3069289.1185], [3844678.012599999, 3088813.8804], [3860314.060799999, 3093300.2357]]], [[[3826732.1295, 3095446.3819999993], [3825882.0142, 3094749.912900001], [3825314.076199999, 3094776.3259999994], [3824816.5967999995, 3095157.707699999], [3823576.295499999, 3094429.0299999993], [3823373.370100001, 3093872.069700001], [3823719.6410000008, 3092926.2487000003], [3823205.976399999, 3092752.3683], [3822702.193499999, 3092377.1894000005], [3822511.539000001, 3090764.4552999996], [3821872.7488, 3089834.652899999], [3821127.0906000007, 3089941.3904], [3820865.0940000005, 3089001.2928], [3820232.0768999998, 3088929.274599999], [3819380.580499999, 3090402.751], [3818208.9650999997, 3090203.6359], [3817784.9420999996, 3090853.9849999994], [3823509.7024000008, 3098720.5013999995], [3829124.514799999, 3097051.1959000006], [3828830.3148999996, 3096701.8082], [3828413.9506, 3096281.0318], [3826732.1295, 3095446.3819999993]]]]}}, {"type": "Feature", "properties": {"NUTS_ID": "BE33", "LEVL_CODE": 2, "CNTR_CODE": "BE", "NAME_LATN": "Prov. Liège", "NUTS_NAME": "Prov. Liège", "MOUNT_TYPE": 0, "URBN_TYPE": 0, "COAST_TYPE": 0, "NAME_ENGL": "Belgium", "NAME_FREN": "Belgique", "ISO3_CODE": "BEL", "SVRG_UN": "UN Member State", "CAPT": "Brussels", "EU_STAT": "T", "EFTA_STAT": "F", "CC_STAT": "F", "NAME_GERM": "Belgien"}, "geometry": {"type": "MultiPolygon", "coordinates": [[[[4017252.1834999993, 3086772.5351], [4025883.6818000004, 3075418.9510999992], [4040360.1849000007, 3079039.3890000004], [4059686.3597, 3049366.0593999997], [4065087.3355, 3029745.6953], [4044953.8672, 3009232.5731000006], [4037218.2765999995, 3015531.6271], [4034917.7799999993, 3032043.4624000005], [4016097.7787999995, 3025547.882099999], [4013536.1161, 3037570.4153000005], [3993546.6038000006, 3039999.5249000005], [3981614.4054000005, 3044994.2194], [3969230.7317999993, 3064947.673699999], [3966445.1066999994, 3071096.3114], [3969815.4625000004, 3082969.7423], [3975414.3343, 3077940.645199999], [3984946.9334999993, 3079341.1854999997], [3998616.4363, 3077635.5416], [4017252.1834999993, 3086772.5351]]]]}}, {"type": "Feature", "properties": {"NUTS_ID": "BE34", "LEVL_CODE": 2, "CNTR_CODE": "BE", "NAME_LATN": "Prov. Luxembourg (BE)", "NUTS_NAME": "Prov. Luxembourg (BE)", "MOUNT_TYPE": 0, "URBN_TYPE": 0, "COAST_TYPE": 0, "NAME_ENGL": "Belgium", "NAME_FREN": "Belgique", "ISO3_CODE": "BEL", "SVRG_UN": "UN Member State", "CAPT": "Brussels", "EU_STAT": "T", "EFTA_STAT": "F", "CC_STAT": "F", "NAME_GERM": "Belgien"}, "geometry": {"type": "MultiPolygon", "coordinates": [[[[4013536.1161, 3037570.4153000005], [4016097.7787999995, 3025547.882099999], [4034917.7799999993, 3032043.4624000005], [4037218.2765999995, 3015531.6271], [4015259.6960000005, 2980087.2218999993], [4018497.2259, 2945664.4036], [4012456.508300001, 2945942.9268999994], [3993083.8806999996, 2941704.5809000004], [3988312.6208999995, 2955361.1799], [3971752.4340000004, 2967666.1932999995], [3959123.5232999995, 2977871.6417999994], [3982383.7145000007, 3010513.6284999996], [3993546.6038000006, 3039999.5249000005], [4013536.1161, 3037570.4153000005]]]]}}, {"type": "Feature", "properties": {"NUTS_ID": "CH05", "LEVL_CODE": 2, "CNTR_CODE": "CH", "NAME_LATN": "Ostschweiz", "NUTS_NAME": "Ostschweiz", "MOUNT_TYPE": 0, "URBN_TYPE": 0, "COAST_TYPE": 0, "NAME_ENGL": "Switzerland", "NAME_FREN": "Suisse", "ISO3_CODE": "CHE", "SVRG_UN": "UN Member State", "CAPT": "Bern", "EU_STAT": "F", "EFTA_STAT": "T", "CC_STAT": "F", "NAME_GERM": "Schweiz"}, "geometry": {"type": "MultiPolygon", "coordinates": [[[[4285464.4256, 2684223.103700001], [4281155.7798, 2659947.7641000003], [4291125.0428, 2660883.3062999994], [4332066.8737, 2637515.7503999993], [4356848.7469999995, 2638051.4913], [4355774.3639, 2602036.5163000003], [4334343.9449000005, 2607397.545600001], [4324907.0221, 2580200.1414], [4270832.195599999, 2595632.4387], [4262968.432399999, 2569255.1774000004], [4256006.521, 2562205.0749999993], [4240866.975400001, 2606608.3729999997], [4219626.296800001, 2608218.7887999993], [4235228.9672, 2633945.9672], [4239817.135500001, 2645773.4124], [4245478.6928, 2673793.731899999], [4230632.750499999, 2679280.6511000004], [4241167.3868, 2696373.285599999], [4221123.476, 2731035.9192999993], [4259528.3868, 2727259.0359000005], [4283009.073799999, 2715444.941299999], [4287756.7698, 2714352.1854], [4285464.4256, 2684223.103700001]]], [[[4220591.664899999, 2731159.9717999995], [4209312.1808, 2724853.3637000006], [4209278.492900001, 2741411.866699999], [4217105.1602, 2744025.8792000003], [4220591.664899999, 2731159.9717999995]]]]}}, {"type": "Feature", "properties": {"NUTS_ID": "CH06", "LEVL_CODE": 2, "CNTR_CODE": "CH", "NAME_LATN": "Zentralschweiz", "NUTS_NAME": "Zentralschweiz", "MOUNT_TYPE": 0, "URBN_TYPE": 0, "COAST_TYPE": 0, "NAME_ENGL": "Switzerland", "NAME_FREN": "Suisse", "ISO3_CODE": "CHE", "SVRG_UN": "UN Member State", "CAPT": "Bern", "EU_STAT": "F", "EFTA_STAT": "T", "CC_STAT": "F", "NAME_GERM": "Schweiz"}, "geometry": {"type": "MultiPolygon", "coordinates": [[[[4189514.626, 2684169.7632], [4200463.715500001, 2670977.5923999995], [4200603.865700001, 2682897.3605000004], [4221786.1741, 2673104.0940000005], [4230632.750499999, 2679280.6511000004], [4245478.6928, 2673793.731899999], [4239817.135500001, 2645773.4124], [4235228.9672, 2633945.9672], [4219626.296800001, 2608218.7887999993], [4204089.6293, 2602786.3847000003], [4199212.2552000005, 2616819.7974999994], [4202414.681399999, 2629137.7764999997], [4171915.7764, 2632467.2206999995], [4157239.2227999996, 2682481.107999999], [4189514.626, 2684169.7632]]]]}}, {"type": "Feature", "properties": {"NUTS_ID": "CH07", "LEVL_CODE": 2, "CNTR_CODE": "CH", "NAME_LATN": "Ticino", "NUTS_NAME": "Ticino", "MOUNT_TYPE": 0, "URBN_TYPE": 0, "COAST_TYPE": 0, "NAME_ENGL": "Switzerland", "NAME_FREN": "Suisse", "ISO3_CODE": "CHE", "SVRG_UN": "UN Member State", "CAPT": "Bern", "EU_STAT": "F", "EFTA_STAT": "T", "CC_STAT": "F", "NAME_GERM": "Schweiz"}, "geometry": {"type": "MultiPolygon", "coordinates": [[[[4256006.521, 2562205.0749999993], [4236365.010399999, 2524805.7344000004], [4221436.720000001, 2554668.332800001], [4196776.6841, 2594561.0877], [4204089.6293, 2602786.3847000003], [4219626.296800001, 2608218.7887999993], [4240866.975400001, 2606608.3729999997], [4256006.521, 2562205.0749999993]]]]}}, {"type": "Feature", "properties": {"NUTS_ID": "CY00", "LEVL_CODE": 2, "CNTR_CODE": "CY", "NAME_LATN": "Kýpros", "NUTS_NAME": "Κύπρος", "MOUNT_TYPE": 0, "URBN_TYPE": 0, "COAST_TYPE": 0, "NAME_ENGL": "Cyprus", "NAME_FREN": "Chypre", "ISO3_CODE": "CYP", "SVRG_UN": "UN Member State", "CAPT": "Nicosia", "EU_STAT": "T", "EFTA_STAT": "F", "CC_STAT": "F", "NAME_GERM": "Zypern"}, "geometry": {"type": "MultiPolygon", "coordinates": [[[[6467380.1095, 1643361.669399999], [6413298.6548999995, 1602175.7146000005], [6378262.987199999, 1596714.9674999993], [6357016.418299999, 1609132.5381000005], [6357268.0932, 1635312.6093000006], [6400291.3407000005, 1678043.2155000009], [6483594.1481, 1715912.7596000005], [6494000.962099999, 1733947.296599999], [6522423.109999999, 1757697.7875999995], [6524943.458000001, 1753897.0940000005], [6491385.578199999, 1706285.4462000001], [6483077.263599999, 1702725.8991], [6487898.009400001, 1674175.9061999992], [6467380.1095, 1643361.669399999]]]]}}, {"type": "Feature", "properties": {"NUTS_ID": "CZ01", "LEVL_CODE": 2, "CNTR_CODE": "CZ", "NAME_LATN": "Praha", "NUTS_NAME": "Praha", "MOUNT_TYPE": 0, "URBN_TYPE": 0, "COAST_TYPE": 0, "NAME_ENGL": "Czechia", "NAME_FREN": "Tchéquie", "ISO3_CODE": "CZE", "SVRG_UN": "UN Member State", "CAPT": "Prague", "EU_STAT": "T", "EFTA_STAT": "F", "CC_STAT": "F", "NAME_GERM": "Tschechien"}, "geometry": {"type": "MultiPolygon", "coordinates": [[[[4625398.424699999, 3001300.7497000005], [4638591.044399999, 3020331.3960999995], [4653916.1993, 3013086.4517], [4652497.6094, 2999441.817500001], [4633808.749600001, 2986062.8994999994], [4625398.424699999, 3001300.7497000005]]]]}}, {"type": "Feature", "properties": {"NUTS_ID": "CZ02", "LEVL_CODE": 2, "CNTR_CODE": "CZ", "NAME_LATN": "Střední Čechy", "NUTS_NAME": "Střední Čechy", "MOUNT_TYPE": 0, "URBN_TYPE": 0, "COAST_TYPE": 0, "NAME_ENGL": "Czechia", "NAME_FREN": "Tchéquie", "ISO3_CODE": "CZE", "SVRG_UN": "UN Member State", "CAPT": "Prague", "EU_STAT": "T", "EFTA_STAT": "F", "CC_STAT": "F", "NAME_GERM": "Tschechien"}, "geometry": {"type": "MultiPolygon", "coordinates": [[[[4709591.6754, 3014139.0217000004], [4715869.727299999, 2986862.8714000005], [4677657.886700001, 2949338.3922000006], [4658942.5154, 2945820.8110000007], [4593602.8148, 2940446.0647], [4591561.303400001, 2983812.7436999995], [4564741.059900001, 3003138.0544000007], [4639068.7008, 3053424.8933000006], [4652255.0265999995, 3052061.6852], [4685657.698899999, 3058491.5413000006], [4709591.6754, 3014139.0217000004]], [[4625398.424699999, 3001300.7497000005], [4633808.749600001, 2986062.8994999994], [4652497.6094, 2999441.817500001], [4653916.1993, 3013086.4517], [4638591.044399999, 3020331.3960999995], [4625398.424699999, 3001300.7497000005]]]]}}, {"type": "Feature", "properties": {"NUTS_ID": "CZ03", "LEVL_CODE": 2, "CNTR_CODE": "CZ", "NAME_LATN": "Jihozápad", "NUTS_NAME": "Jihozápad", "MOUNT_TYPE": 0, "URBN_TYPE": 0, "COAST_TYPE": 0, "NAME_ENGL": "Czechia", "NAME_FREN": "Tchéquie", "ISO3_CODE": "CZE", "SVRG_UN": "UN Member State", "CAPT": "Prague", "EU_STAT": "T", "EFTA_STAT": "F", "CC_STAT": "F", "NAME_GERM": "Tschechien"}, "geometry": {"type": "MultiPolygon", "coordinates": [[[[4591561.303400001, 2983812.7436999995], [4593602.8148, 2940446.0647], [4658942.5154, 2945820.8110000007], [4677657.886700001, 2949338.3922000006], [4688971.8959, 2919506.7328999992], [4729896.0273, 2885955.4223999996], [4726983.6402, 2881333.1931999996], [4689833.4824, 2885245.5896000005], [4666960.763, 2841107.5930000003], [4603174.0754, 2858273.119000001], [4581003.231000001, 2879001.467], [4571071.8972, 2879894.6663000006], [4552189.4165, 2900592.4167], [4511863.501, 2932678.570699999], [4508712.424799999, 2939910.5363999996], [4494030.7502999995, 2963467.4614000004], [4504235.755100001, 2980138.6501], [4557136.6171, 3003906.5757], [4564741.059900001, 3003138.0544000007], [4591561.303400001, 2983812.7436999995]]]]}}, {"type": "Feature", "properties": {"NUTS_ID": "CZ04", "LEVL_CODE": 2, "CNTR_CODE": "CZ", "NAME_LATN": "Severozápad", "NUTS_NAME": "Severozápad", "MOUNT_TYPE": 0, "URBN_TYPE": 0, "COAST_TYPE": 0, "NAME_ENGL": "Czechia", "NAME_FREN": "Tchéquie", "ISO3_CODE": "CZE", "SVRG_UN": "UN Member State", "CAPT": "Prague", "EU_STAT": "T", "EFTA_STAT": "F", "CC_STAT": "F", "NAME_GERM": "Tschechien"}, "geometry": {"type": "MultiPolygon", "coordinates": [[[[4639068.7008, 3053424.8933000006], [4564741.059900001, 3003138.0544000007], [4557136.6171, 3003906.5757], [4504235.755100001, 2980138.6501], [4482881.8697, 2996472.522500001], [4475191.6471, 3014233.6904000007], [4470617.443499999, 3025026.0146999992], [4504645.4372000005, 3036024.5754000004], [4530540.3905, 3036694.340399999], [4568654.602399999, 3063911.0807000007], [4578743.5452, 3075177.8411], [4613160.545, 3090520.4581000004], [4623550.103499999, 3113763.4321], [4635755.0407, 3113254.6547], [4645979.160499999, 3093185.0231999997], [4629530.224099999, 3066448.906300001], [4639068.7008, 3053424.8933000006]]]]}}, {"type": "Feature", "properties": {"NUTS_ID": "CZ05", "LEVL_CODE": 2, "CNTR_CODE": "CZ", "NAME_LATN": "Severovýchod", "NUTS_NAME": "Severovýchod", "MOUNT_TYPE": 0, "URBN_TYPE": 0, "COAST_TYPE": 0, "NAME_ENGL": "Czechia", "NAME_FREN": "Tchéquie", "ISO3_CODE": "CZE", "SVRG_UN": "UN Member State", "CAPT": "Prague", "EU_STAT": "T", "EFTA_STAT": "F", "CC_STAT": "F", "NAME_GERM": "Tschechien"}, "geometry": {"type": "MultiPolygon", "coordinates": [[[[4768791.1215, 3072783.737299999], [4790698.883300001, 3024479.4278999995], [4810262.3573, 3032463.4832000006], [4812156.934800001, 2965655.6961000003], [4782782.2053, 2960974.9842000008], [4715869.727299999, 2986862.8714000005], [4709591.6754, 3014139.0217000004], [4685657.698899999, 3058491.5413000006], [4652255.0265999995, 3052061.6852], [4639068.7008, 3053424.8933000006], [4629530.224099999, 3066448.906300001], [4645979.160499999, 3093185.0231999997], [4660255.7794, 3095529.1428999994], [4684723.023800001, 3106894.619999999], [4710986.851, 3088955.8484000005], [4752267.583900001, 3079151.3924000002], [4768791.1215, 3072783.737299999]]]]}}, {"type": "Feature", "properties": {"NUTS_ID": "CZ06", "LEVL_CODE": 2, "CNTR_CODE": "CZ", "NAME_LATN": "Jihovýchod", "NUTS_NAME": "Jihovýchod", "MOUNT_TYPE": 0, "URBN_TYPE": 0, "COAST_TYPE": 0, "NAME_ENGL": "Czechia", "NAME_FREN": "Tchéquie", "ISO3_CODE": "CZE", "SVRG_UN": "UN Member State", "CAPT": "Prague", "EU_STAT": "T", "EFTA_STAT": "F", "CC_STAT": "F", "NAME_GERM": "Tschechien"}, "geometry": {"type": "MultiPolygon", "coordinates": [[[[4715869.727299999, 2986862.8714000005], [4782782.2053, 2960974.9842000008], [4812156.934800001, 2965655.6961000003], [4841157.679500001, 2932184.1238], [4851727.5089, 2908993.4125999995], [4881191.0218, 2889219.8411999997], [4863380.6556, 2882817.0767], [4832035.225400001, 2857836.831599999], [4742889.3682, 2876362.7248], [4726983.6402, 2881333.1931999996], [4729896.0273, 2885955.4223999996], [4688971.8959, 2919506.7328999992], [4677657.886700001, 2949338.3922000006], [4715869.727299999, 2986862.8714000005]]]]}}, {"type": "Feature", "properties": {"NUTS_ID": "CZ07", "LEVL_CODE": 2, "CNTR_CODE": "CZ", "NAME_LATN": "Střední Morava", "NUTS_NAME": "Střední Morava", "MOUNT_TYPE": 0, "URBN_TYPE": 0, "COAST_TYPE": 0, "NAME_ENGL": "Czechia", "NAME_FREN": "Tchéquie", "ISO3_CODE": "CZE", "SVRG_UN": "UN Member State", "CAPT": "Prague", "EU_STAT": "T", "EFTA_STAT": "F", "CC_STAT": "F", "NAME_GERM": "Tschechien"}, "geometry": {"type": "MultiPolygon", "coordinates": [[[[4835135.7446, 3007507.0693999995], [4840672.181, 2996544.5677000005], [4856277.770400001, 3000460.3033000007], [4892859.2356, 2966951.6262], [4929608.184, 2955255.7161], [4924768.599400001, 2945551.253799999], [4881191.0218, 2889219.8411999997], [4851727.5089, 2908993.4125999995], [4841157.679500001, 2932184.1238], [4812156.934800001, 2965655.6961000003], [4810262.3573, 3032463.4832000006], [4810829.4825, 3060614.4891999997], [4849853.547, 3042644.7591999993], [4835135.7446, 3007507.0693999995]]]]}}, {"type": "Feature", "properties": {"NUTS_ID": "CZ08", "LEVL_CODE": 2, "CNTR_CODE": "CZ", "NAME_LATN": "Moravskoslezsko", "NUTS_NAME": "Moravskoslezsko", "MOUNT_TYPE": 0, "URBN_TYPE": 0, "COAST_TYPE": 0, "NAME_ENGL": "Czechia", "NAME_FREN": "Tchéquie", "ISO3_CODE": "CZE", "SVRG_UN": "UN Member State", "CAPT": "Prague", "EU_STAT": "T", "EFTA_STAT": "F", "CC_STAT": "F", "NAME_GERM": "Tschechien"}, "geometry": {"type": "MultiPolygon", "coordinates": [[[[4895030.487, 3026304.2892000005], [4935450.206499999, 3013499.7408000007], [4960290.233100001, 2972378.4113999996], [4929608.184, 2955255.7161], [4892859.2356, 2966951.6262], [4856277.770400001, 3000460.3033000007], [4840672.181, 2996544.5677000005], [4835135.7446, 3007507.0693999995], [4849853.547, 3042644.7591999993], [4895030.487, 3026304.2892000005]]]]}}, {"type": "Feature", "properties": {"NUTS_ID": "DE11", "LEVL_CODE": 2, "CNTR_CODE": "DE", "NAME_LATN": "Stuttgart", "NUTS_NAME": "Stuttgart", "MOUNT_TYPE": 0, "URBN_TYPE": 0, "COAST_TYPE": 0, "NAME_ENGL": "Germany", "NAME_FREN": "Allemagne", "ISO3_CODE": "DEU", "SVRG_UN": "UN Member State", "CAPT": "Berlin", "EU_STAT": "T", "EFTA_STAT": "F", "CC_STAT": "F", "NAME_GERM": "Deutschland"}, "geometry": {"type": "MultiPolygon", "coordinates": [[[[4295703.5768, 2964380.6987999994], [4316898.3145, 2934408.6850000005], [4327060.3654, 2936754.229800001], [4329577.591700001, 2928930.2481999993], [4329131.1821, 2919115.5341999996], [4339770.546700001, 2882960.035700001], [4351011.508300001, 2873887.5337000005], [4352170.807, 2847997.2820999995], [4356881.909700001, 2842708.7718], [4341564.5315000005, 2822557.7907999996], [4338058.1513, 2821924.2716000006], [4316876.0099, 2835376.5581], [4290394.4658, 2824844.7918], [4290255.217800001, 2825033.7049000002], [4290190.8938, 2825298.9256999996], [4258381.2717, 2832656.1531000007], [4256750.7993, 2832365.1114000008], [4230028.1953, 2823916.0556000005], [4233086.2577, 2852320.739499999], [4242387.6961, 2862048.583799999], [4238795.908399999, 2880850.1875], [4238963.5857, 2883439.4141000006], [4234848.2129999995, 2898628.9272000007], [4251818.1884, 2909321.3915], [4280568.8871, 2916974.649], [4292253.7053, 2923819.9726], [4286119.6164, 2929108.7677999996], [4285406.5831, 2947155.3893], [4278464.989399999, 2950259.6339999996], [4282930.608899999, 2963150.3518000003], [4295703.5768, 2964380.6987999994]]]]}}, {"type": "Feature", "properties": {"NUTS_ID": "DE12", "LEVL_CODE": 2, "CNTR_CODE": "DE", "NAME_LATN": "Karlsruhe", "NUTS_NAME": "Karlsruhe", "MOUNT_TYPE": 0, "URBN_TYPE": 0, "COAST_TYPE": 0, "NAME_ENGL": "Germany", "NAME_FREN": "Allemagne", "ISO3_CODE": "DEU", "SVRG_UN": "UN Member State", "CAPT": "Berlin", "EU_STAT": "T", "EFTA_STAT": "F", "CC_STAT": "F", "NAME_GERM": "Deutschland"}, "geometry": {"type": "MultiPolygon", "coordinates": [[[[4286119.6164, 2929108.7677999996], [4292253.7053, 2923819.9726], [4280568.8871, 2916974.649], [4251818.1884, 2909321.3915], [4234848.2129999995, 2898628.9272000007], [4238963.5857, 2883439.4141000006], [4238795.908399999, 2880850.1875], [4242387.6961, 2862048.583799999], [4233086.2577, 2852320.739499999], [4230028.1953, 2823916.0556000005], [4229021.044600001, 2821965.0606999993], [4230218.4121, 2812177.3168], [4227417.454, 2807966.6147000007], [4195248.6143, 2805400.4726], [4189836.2237, 2833784.9053000007], [4170832.9875000007, 2847105.0318], [4191568.4299, 2874149.0747999996], [4193703.1273, 2875693.6634], [4194902.055500001, 2876668.8454], [4199706.8018, 2886591.1183], [4205446.5603, 2905334.1197999995], [4209447.0976, 2908937.1611], [4210938.595899999, 2909690.4781], [4209211.3783, 2912146.7809999995], [4211940.493899999, 2923163.1141999997], [4210213.2182, 2926776.3453], [4206858.979800001, 2937781.563100001], [4206908.4438000005, 2941381.1796000004], [4206911.1763, 2942403.6646], [4218269.2193, 2935097.5820000004], [4243570.766799999, 2929204.115700001], [4254631.4986000005, 2935221.401900001], [4256117.792099999, 2940915.8095999993], [4278464.989399999, 2950259.6339999996], [4285406.5831, 2947155.3893], [4286119.6164, 2929108.7677999996]]]]}}, {"type": "Feature", "properties": {"NUTS_ID": "DE13", "LEVL_CODE": 2, "CNTR_CODE": "DE", "NAME_LATN": "Freiburg", "NUTS_NAME": "Freiburg", "MOUNT_TYPE": 0, "URBN_TYPE": 0, "COAST_TYPE": 0, "NAME_ENGL": "Germany", "NAME_FREN": "Allemagne", "ISO3_CODE": "DEU", "SVRG_UN": "UN Member State", "CAPT": "Berlin", "EU_STAT": "T", "EFTA_STAT": "F", "CC_STAT": "F", "NAME_GERM": "Deutschland"}, "geometry": {"type": "MultiPolygon", "coordinates": [[[[4189836.2237, 2833784.9053000007], [4195248.6143, 2805400.4726], [4227417.454, 2807966.6147000007], [4228057.962200001, 2783673.6285999995], [4243049.8245, 2777631.7611], [4247145.476199999, 2758641.3060999997], [4255741.866699999, 2748519.2876999993], [4259528.3868, 2727259.0359000005], [4221123.476, 2731035.9192999993], [4220591.664899999, 2731159.9717999995], [4217105.1602, 2744025.8792000003], [4209278.492900001, 2741411.866699999], [4209312.1808, 2724853.3637000006], [4202525.681600001, 2718363.0526], [4162515.182499999, 2721450.2731999997], [4148792.7694000006, 2716636.1911999993], [4142867.4965000004, 2719235.8000000007], [4139577.4244, 2722539.9049999993], [4136889.5688000005, 2739716.5875000004], [4140149.0461, 2758618.4416000005], [4140555.6732, 2780969.7829], [4140622.8365, 2781605.5660999995], [4148737.4970999993, 2796455.1335000005], [4170832.9875000007, 2847105.0318], [4189836.2237, 2833784.9053000007]]]]}}, {"type": "Feature", "properties": {"NUTS_ID": "DE14", "LEVL_CODE": 2, "CNTR_CODE": "DE", "NAME_LATN": "Tübingen", "NUTS_NAME": "Tübingen", "MOUNT_TYPE": 0, "URBN_TYPE": 0, "COAST_TYPE": 0, "NAME_ENGL": "Germany", "NAME_FREN": "Allemagne", "ISO3_CODE": "DEU", "SVRG_UN": "UN Member State", "CAPT": "Berlin", "EU_STAT": "T", "EFTA_STAT": "F", "CC_STAT": "F", "NAME_GERM": "Deutschland"}, "geometry": {"type": "MultiPolygon", "coordinates": [[[[4316876.0099, 2835376.5581], [4338058.1513, 2821924.2716000006], [4330907.914799999, 2815721.9868], [4323419.196599999, 2815971.9656000007], [4320822.4813, 2804069.5506999996], [4328096.9592, 2783389.916200001], [4331166.8938, 2777220.4014], [4329587.0890999995, 2762525.6604999993], [4328784.542300001, 2762313.4350000005], [4329233.4891, 2758179.1466000006], [4330885.178099999, 2745173.2894], [4326811.799799999, 2725076.1328999996], [4297839.2886, 2721915.5976], [4287756.7698, 2714352.1854], [4283009.073799999, 2715444.941299999], [4259528.3868, 2727259.0359000005], [4255741.866699999, 2748519.2876999993], [4247145.476199999, 2758641.3060999997], [4243049.8245, 2777631.7611], [4228057.962200001, 2783673.6285999995], [4227417.454, 2807966.6147000007], [4230218.4121, 2812177.3168], [4229021.044600001, 2821965.0606999993], [4230028.1953, 2823916.0556000005], [4256750.7993, 2832365.1114000008], [4258381.2717, 2832656.1531000007], [4290190.8938, 2825298.9256999996], [4290255.217800001, 2825033.7049000002], [4290394.4658, 2824844.7918], [4316876.0099, 2835376.5581]]]]}}, {"type": "Feature", "properties": {"NUTS_ID": "DE21", "LEVL_CODE": 2, "CNTR_CODE": "DE", "NAME_LATN": "Oberbayern", "NUTS_NAME": "Oberbayern", "MOUNT_TYPE": 0, "URBN_TYPE": 0, "COAST_TYPE": 0, "NAME_ENGL": "Germany", "NAME_FREN": "Allemagne", "ISO3_CODE": "DEU", "SVRG_UN": "UN Member State", "CAPT": "Berlin", "EU_STAT": "T", "EFTA_STAT": "F", "CC_STAT": "F", "NAME_GERM": "Deutschland"}, "geometry": {"type": "MultiPolygon", "coordinates": [[[[4470312.333699999, 2815064.3808999993], [4487945.238, 2803483.2391], [4504846.367900001, 2816006.6762000006], [4514274.974300001, 2807873.9991999995], [4539906.565199999, 2792493.4747], [4525936.166999999, 2781511.587099999], [4534508.8895, 2768916.1735999994], [4535816.2831, 2765181.807], [4542424.854499999, 2755742.9772999994], [4550492.988700001, 2716598.8374000005], [4523482.837200001, 2733534.5822], [4514603.5298, 2727668.8101000004], [4496572.345000001, 2734271.410700001], [4475984.664100001, 2724949.8110000007], [4460729.270300001, 2722685.2793000005], [4443880.2947, 2721225.526799999], [4427326.055500001, 2710091.6841], [4428275.4441, 2704501.090399999], [4397789.8456999995, 2698611.856899999], [4395879.224099999, 2698559.6253999993], [4387765.814200001, 2714092.2085999995], [4392671.8333, 2722977.904100001], [4378449.063200001, 2748096.708799999], [4380722.846100001, 2777058.3145000003], [4388137.9132, 2791871.685799999], [4397946.316299999, 2787144.7294999994], [4403940.390799999, 2795622.774700001], [4418059.711100001, 2816286.8279], [4416813.8511, 2818744.101500001], [4396446.4462, 2834610.575099999], [4394889.979499999, 2857014.9957], [4389757.201400001, 2861549.4976000004], [4408843.8189, 2882204.810900001], [4422255.4278, 2886032.9310999997], [4431672.047900001, 2883994.992799999], [4438161.823799999, 2872192.1928000003], [4447390.3895, 2853589.6458], [4446874.361400001, 2835152.0557000004], [4461964.032199999, 2832028.8554999996], [4470312.333699999, 2815064.3808999993]]]]}}, {"type": "Feature", "properties": {"NUTS_ID": "DE22", "LEVL_CODE": 2, "CNTR_CODE": "DE", "NAME_LATN": "Niederbayern", "NUTS_NAME": "Niederbayern", "MOUNT_TYPE": 0, "URBN_TYPE": 0, "COAST_TYPE": 0, "NAME_ENGL": "Germany", "NAME_FREN": "Allemagne", "ISO3_CODE": "DEU", "SVRG_UN": "UN Member State", "CAPT": "Berlin", "EU_STAT": "T", "EFTA_STAT": "F", "CC_STAT": "F", "NAME_GERM": "Deutschland"}, "geometry": {"type": "MultiPolygon", "coordinates": [[[[4603174.0754, 2858273.119000001], [4600312.774800001, 2851666.636], [4596341.521500001, 2829133.7541000005], [4579900.4079, 2836889.7173999995], [4579671.3643, 2836835.5207], [4579445.3671, 2836171.4388999995], [4579714.7586, 2835384.8275000006], [4579577.8562, 2834988.9930000007], [4578831.8160999995, 2834529.6916000005], [4578694.752699999, 2834033.946799999], [4578256.6741, 2833743.7687999997], [4577590.199999999, 2833819.306399999], [4577520.554300001, 2832996.6304], [4576657.3144000005, 2832784.0842000004], [4576129.709899999, 2833244.352], [4556759.177300001, 2802949.1988999993], [4539906.565199999, 2792493.4747], [4514274.974300001, 2807873.9991999995], [4504846.367900001, 2816006.6762000006], [4487945.238, 2803483.2391], [4470312.333699999, 2815064.3808999993], [4461964.032199999, 2832028.8554999996], [4446874.361400001, 2835152.0557000004], [4447390.3895, 2853589.6458], [4438161.823799999, 2872192.1928000003], [4442432.706800001, 2879474.3861], [4475204.7268, 2853158.6110999994], [4478000.542300001, 2852562.6938000005], [4497996.0876, 2866253.0746], [4502289.892899999, 2882920.6336000003], [4523086.8785999995, 2892871.7949], [4552189.4165, 2900592.4167], [4571071.8972, 2879894.6663000006], [4581003.231000001, 2879001.467], [4603174.0754, 2858273.119000001]]]]}}, {"type": "Feature", "properties": {"NUTS_ID": "DE23", "LEVL_CODE": 2, "CNTR_CODE": "DE", "NAME_LATN": "Oberpfalz", "NUTS_NAME": "Oberpfalz", "MOUNT_TYPE": 0, "URBN_TYPE": 0, "COAST_TYPE": 0, "NAME_ENGL": "Germany", "NAME_FREN": "Allemagne", "ISO3_CODE": "DEU", "SVRG_UN": "UN Member State", "CAPT": "Berlin", "EU_STAT": "T", "EFTA_STAT": "F", "CC_STAT": "F", "NAME_GERM": "Deutschland"}, "geometry": {"type": "MultiPolygon", "coordinates": [[[[4502289.892899999, 2882920.6336000003], [4497996.0876, 2866253.0746], [4478000.542300001, 2852562.6938000005], [4475204.7268, 2853158.6110999994], [4442432.706800001, 2879474.3861], [4438161.823799999, 2872192.1928000003], [4431672.047900001, 2883994.992799999], [4422255.4278, 2886032.9310999997], [4411677.324200001, 2913255.6185999997], [4434037.8617, 2924101.762700001], [4433546.9135, 2956931.7480999995], [4438497.5055, 2962187.3522999994], [4454406.8551, 2972191.8978000004], [4457544.3628, 2986948.0252], [4482881.8697, 2996472.522500001], [4504235.755100001, 2980138.6501], [4494030.7502999995, 2963467.4614000004], [4508712.424799999, 2939910.5363999996], [4511863.501, 2932678.570699999], [4552189.4165, 2900592.4167], [4523086.8785999995, 2892871.7949], [4502289.892899999, 2882920.6336000003]]]]}}, {"type": "Feature", "properties": {"NUTS_ID": "DE24", "LEVL_CODE": 2, "CNTR_CODE": "DE", "NAME_LATN": "Oberfranken", "NUTS_NAME": "Oberfranken", "MOUNT_TYPE": 0, "URBN_TYPE": 0, "COAST_TYPE": 0, "NAME_ENGL": "Germany", "NAME_FREN": "Allemagne", "ISO3_CODE": "DEU", "SVRG_UN": "UN Member State", "CAPT": "Berlin", "EU_STAT": "T", "EFTA_STAT": "F", "CC_STAT": "F", "NAME_GERM": "Deutschland"}, "geometry": {"type": "MultiPolygon", "coordinates": [[[[4426266.5825, 3036581.0529999994], [4434992.7326, 3033109.2880000006], [4457382.0583999995, 3036536.161800001], [4470617.443499999, 3025026.0146999992], [4475191.6471, 3014233.6904000007], [4482881.8697, 2996472.522500001], [4457544.3628, 2986948.0252], [4454406.8551, 2972191.8978000004], [4438497.5055, 2962187.3522999994], [4433546.9135, 2956931.7480999995], [4419815.798800001, 2951365.312000001], [4413554.2205, 2944311.3377], [4400648.0679, 2945203.8638000004], [4387812.618799999, 2962178.866699999], [4368196.3725000005, 2956706.4998000003], [4360741.0374, 2960498.6762000006], [4353311.7234000005, 2967833.0527999997], [4357321.1873, 2973920.8105999995], [4382553.900699999, 2998079.5365999993], [4373034.312899999, 3013350.507200001], [4388261.3780000005, 3030928.3318000007], [4405835.591399999, 3018360.4021000005], [4410856.785800001, 3041609.9941000007], [4426266.5825, 3036581.0529999994]]]]}}, {"type": "Feature", "properties": {"NUTS_ID": "DE25", "LEVL_CODE": 2, "CNTR_CODE": "DE", "NAME_LATN": "Mittelfranken", "NUTS_NAME": "Mittelfranken", "MOUNT_TYPE": 0, "URBN_TYPE": 0, "COAST_TYPE": 0, "NAME_ENGL": "Germany", "NAME_FREN": "Allemagne", "ISO3_CODE": "DEU", "SVRG_UN": "UN Member State", "CAPT": "Berlin", "EU_STAT": "T", "EFTA_STAT": "F", "CC_STAT": "F", "NAME_GERM": "Deutschland"}, "geometry": {"type": "MultiPolygon", "coordinates": [[[[4387812.618799999, 2962178.866699999], [4400648.0679, 2945203.8638000004], [4413554.2205, 2944311.3377], [4419815.798800001, 2951365.312000001], [4433546.9135, 2956931.7480999995], [4434037.8617, 2924101.762700001], [4411677.324200001, 2913255.6185999997], [4422255.4278, 2886032.9310999997], [4408843.8189, 2882204.810900001], [4389757.201400001, 2861549.4976000004], [4367991.8452, 2878366.6642000005], [4351011.508300001, 2873887.5337000005], [4339770.546700001, 2882960.035700001], [4329131.1821, 2919115.5341999996], [4329577.591700001, 2928930.2481999993], [4327060.3654, 2936754.229800001], [4328972.478, 2945413.5097000003], [4360741.0374, 2960498.6762000006], [4368196.3725000005, 2956706.4998000003], [4387812.618799999, 2962178.866699999]]]]}}, {"type": "Feature", "properties": {"NUTS_ID": "DE26", "LEVL_CODE": 2, "CNTR_CODE": "DE", "NAME_LATN": "Unterfranken", "NUTS_NAME": "Unterfranken", "MOUNT_TYPE": 0, "URBN_TYPE": 0, "COAST_TYPE": 0, "NAME_ENGL": "Germany", "NAME_FREN": "Allemagne", "ISO3_CODE": "DEU", "SVRG_UN": "UN Member State", "CAPT": "Berlin", "EU_STAT": "T", "EFTA_STAT": "F", "CC_STAT": "F", "NAME_GERM": "Deutschland"}, "geometry": {"type": "MultiPolygon", "coordinates": [[[[4353033.0975, 3032305.0207], [4364538.604800001, 3013049.3050999995], [4373034.312899999, 3013350.507200001], [4382553.900699999, 2998079.5365999993], [4357321.1873, 2973920.8105999995], [4353311.7234000005, 2967833.0527999997], [4360741.0374, 2960498.6762000006], [4328972.478, 2945413.5097000003], [4327060.3654, 2936754.229800001], [4316898.3145, 2934408.6850000005], [4295703.5768, 2964380.6987999994], [4282930.608899999, 2963150.3518000003], [4278464.989399999, 2950259.6339999996], [4256117.792099999, 2940915.8095999993], [4251664.162699999, 2970894.7630000003], [4252699.2227, 2973084.6976999994], [4250439.3345, 2987020.4233999997], [4248723.2381, 2995472.5079999994], [4268152.2195, 3003454.7145000007], [4278413.751499999, 2997440.8773], [4294107.9322, 3013053.5261000004], [4301991.620999999, 3027156.9367999993], [4316426.716, 3034182.5712], [4323932.0865, 3044955.5941000003], [4353033.0975, 3032305.0207]]]]}}, {"type": "Feature", "properties": {"NUTS_ID": "DE27", "LEVL_CODE": 2, "CNTR_CODE": "DE", "NAME_LATN": "Schwaben", "NUTS_NAME": "Schwaben", "MOUNT_TYPE": 0, "URBN_TYPE": 0, "COAST_TYPE": 0, "NAME_ENGL": "Germany", "NAME_FREN": "Allemagne", "ISO3_CODE": "DEU", "SVRG_UN": "UN Member State", "CAPT": "Berlin", "EU_STAT": "T", "EFTA_STAT": "F", "CC_STAT": "F", "NAME_GERM": "Deutschland"}, "geometry": {"type": "MultiPolygon", "coordinates": [[[[4416813.8511, 2818744.101500001], [4418059.711100001, 2816286.8279], [4403940.390799999, 2795622.774700001], [4397946.316299999, 2787144.7294999994], [4388137.9132, 2791871.685799999], [4380722.846100001, 2777058.3145000003], [4378449.063200001, 2748096.708799999], [4392671.8333, 2722977.904100001], [4387765.814200001, 2714092.2085999995], [4355225.3652, 2715902.9925999995], [4352656.717800001, 2697259.9672999997], [4334506.5766, 2684074.9562], [4320964.2509, 2707711.6807000004], [4318575.4584, 2714736.6659999993], [4287756.7698, 2714352.1854], [4297839.2886, 2721915.5976], [4326811.799799999, 2725076.1328999996], [4330885.178099999, 2745173.2894], [4329233.4891, 2758179.1466000006], [4328784.542300001, 2762313.4350000005], [4329587.0890999995, 2762525.6604999993], [4331166.8938, 2777220.4014], [4328096.9592, 2783389.916200001], [4320822.4813, 2804069.5506999996], [4323419.196599999, 2815971.9656000007], [4330907.914799999, 2815721.9868], [4338058.1513, 2821924.2716000006], [4341564.5315000005, 2822557.7907999996], [4356881.909700001, 2842708.7718], [4352170.807, 2847997.2820999995], [4351011.508300001, 2873887.5337000005], [4367991.8452, 2878366.6642000005], [4389757.201400001, 2861549.4976000004], [4394889.979499999, 2857014.9957], [4396446.4462, 2834610.575099999], [4416813.8511, 2818744.101500001]]]]}}, {"type": "Feature", "properties": {"NUTS_ID": "DE30", "LEVL_CODE": 2, "CNTR_CODE": "DE", "NAME_LATN": "Berlin", "NUTS_NAME": "Berlin", "MOUNT_TYPE": 0, "URBN_TYPE": 0, "COAST_TYPE": 0, "NAME_ENGL": "Germany", "NAME_FREN": "Allemagne", "ISO3_CODE": "DEU", "SVRG_UN": "UN Member State", "CAPT": "Berlin", "EU_STAT": "T", "EFTA_STAT": "F", "CC_STAT": "F", "NAME_GERM": "Deutschland"}, "geometry": {"type": "MultiPolygon", "coordinates": [[[[4565854.8829, 3276635.620100001], [4570053.7798999995, 3269037.6789999995], [4572823.348999999, 3258448.2174999993], [4553875.3859, 3257338.2413], [4546340.8794, 3259545.0768999998], [4536436.5251, 3258557.022], [4535085.864700001, 3270478.4750999995], [4535330.4365, 3281303.397399999], [4550928.4684, 3287499.4212999996], [4565854.8829, 3276635.620100001]]]]}}, {"type": "Feature", "properties": {"NUTS_ID": "DE40", "LEVL_CODE": 2, "CNTR_CODE": "DE", "NAME_LATN": "Brandenburg", "NUTS_NAME": "Brandenburg", "MOUNT_TYPE": 0, "URBN_TYPE": 0, "COAST_TYPE": 0, "NAME_ENGL": "Germany", "NAME_FREN": "Allemagne", "ISO3_CODE": "DEU", "SVRG_UN": "UN Member State", "CAPT": "Berlin", "EU_STAT": "T", "EFTA_STAT": "F", "CC_STAT": "F", "NAME_GERM": "Deutschland"}, "geometry": {"type": "MultiPolygon", "coordinates": [[[[4614776.206, 3366892.3253000006], [4599281.9924, 3324914.319700001], [4600578.1602, 3317654.933700001], [4620842.0239, 3294804.2860000003], [4629911.4213, 3289187.701199999], [4629435.833000001, 3263563.6764], [4634821.9384, 3250189.340500001], [4646802.7424, 3228426.8564999998], [4644664.8412999995, 3220609.5798000004], [4648590.561000001, 3174085.7885], [4629350.4406, 3168446.2354000006], [4609662.673699999, 3167168.9530999996], [4587902.7784, 3147669.7345000003], [4577902.957699999, 3146844.5265999995], [4544296.3726, 3148677.8440000005], [4532107.862500001, 3175212.723200001], [4537996.311899999, 3199068.1853], [4511257.8675999995, 3211308.9679000005], [4483990.0326000005, 3217677.5808000006], [4476969.282299999, 3224010.7676999997], [4478495.880899999, 3263035.0746], [4468427.135500001, 3268540.7090000007], [4472708.3358, 3300460.1272], [4464133.2762, 3311150.4800000004], [4445937.5496, 3312754.6325000003], [4428178.2282, 3326451.125], [4405738.943299999, 3335586.670499999], [4475923.0085, 3359511.4246999994], [4476377.8166000005, 3359159.6324000005], [4520568.2213, 3343736.928099999], [4537382.718, 3351968.6477000006], [4567220.576199999, 3380884.9652999993], [4614776.206, 3366892.3253000006]], [[4535085.864700001, 3270478.4750999995], [4536436.5251, 3258557.022], [4546340.8794, 3259545.0768999998], [4553875.3859, 3257338.2413], [4572823.348999999, 3258448.2174999993], [4570053.7798999995, 3269037.6789999995], [4565854.8829, 3276635.620100001], [4550928.4684, 3287499.4212999996], [4535330.4365, 3281303.397399999], [4535085.864700001, 3270478.4750999995]]]]}}, {"type": "Feature", "properties": {"NUTS_ID": "DE50", "LEVL_CODE": 2, "CNTR_CODE": "DE", "NAME_LATN": "Bremen", "NUTS_NAME": "Bremen", "MOUNT_TYPE": 0, "URBN_TYPE": 0, "COAST_TYPE": 0, "NAME_ENGL": "Germany", "NAME_FREN": "Allemagne", "ISO3_CODE": "DEU", "SVRG_UN": "UN Member State", "CAPT": "Berlin", "EU_STAT": "T", "EFTA_STAT": "F", "CC_STAT": "F", "NAME_GERM": "Deutschland"}, "geometry": {"type": "MultiPolygon", "coordinates": [[[[4252997.6863, 3335779.2486000005], [4248229.0702, 3323043.884400001], [4234577.763900001, 3327007.404100001], [4230920.7842, 3334223.1306999996], [4219844.079399999, 3347603.877699999], [4252997.6863, 3335779.2486000005]]], [[[4229260.247300001, 3382599.7881000005], [4220906.2059, 3374886.1543000005], [4225157.210200001, 3380666.8516000006], [4223056.660599999, 3389733.5266999993], [4229260.247300001, 3382599.7881000005]]]]}}, {"type": "Feature", "properties": {"NUTS_ID": "DE60", "LEVL_CODE": 2, "CNTR_CODE": "DE", "NAME_LATN": "Hamburg", "NUTS_NAME": "Hamburg", "MOUNT_TYPE": 0, "URBN_TYPE": 0, "COAST_TYPE": 0, "NAME_ENGL": "Germany", "NAME_FREN": "Allemagne", "ISO3_CODE": "DEU", "SVRG_UN": "UN Member State", "CAPT": "Berlin", "EU_STAT": "T", "EFTA_STAT": "F", "CC_STAT": "F", "NAME_GERM": "Deutschland"}, "geometry": {"type": "MultiPolygon", "coordinates": [[[[4341469.7293, 3369525.0382000003], [4314597.9516, 3369359.6154999994], [4305662.0089, 3377527.073999999], [4303112.0996, 3383356.2509000003], [4317387.771299999, 3393934.8505000006], [4326001.2456, 3400557.9850999992], [4336708.861400001, 3376535.1194], [4341469.7293, 3369525.0382000003]]], [[[4236123.1843, 3426692.145199999], [4220740.653899999, 3412520.1379000004], [4210702.8399, 3415764.6764], [4221198.286699999, 3439472.8971999995], [4236123.1843, 3426692.145199999]]]]}}, {"type": "Feature", "properties": {"NUTS_ID": "DE71", "LEVL_CODE": 2, "CNTR_CODE": "DE", "NAME_LATN": "Darmstadt", "NUTS_NAME": "Darmstadt", "MOUNT_TYPE": 0, "URBN_TYPE": 0, "COAST_TYPE": 0, "NAME_ENGL": "Germany", "NAME_FREN": "Allemagne", "ISO3_CODE": "DEU", "SVRG_UN": "UN Member State", "CAPT": "Berlin", "EU_STAT": "T", "EFTA_STAT": "F", "CC_STAT": "F", "NAME_GERM": "Deutschland"}, "geometry": {"type": "MultiPolygon", "coordinates": [[[[4253056.0677000005, 3043343.2244000006], [4270324.9889, 3036394.9897000007], [4283995.119899999, 3036656.692500001], [4301991.620999999, 3027156.9367999993], [4294107.9322, 3013053.5261000004], [4278413.751499999, 2997440.8773], [4268152.2195, 3003454.7145000007], [4248723.2381, 2995472.5079999994], [4250439.3345, 2987020.4233999997], [4252699.2227, 2973084.6976999994], [4251664.162699999, 2970894.7630000003], [4256117.792099999, 2940915.8095999993], [4254631.4986000005, 2935221.401900001], [4243570.766799999, 2929204.115700001], [4218269.2193, 2935097.5820000004], [4206911.1763, 2942403.6646], [4206384.4662999995, 2943712.678099999], [4208936.184800001, 2958700.2425999995], [4209058.5528, 2958914.4233999997], [4209167.978599999, 2959144.514799999], [4205818.420700001, 2966931.2860000003], [4202052.8475, 2982236.3563], [4198260.7392, 2988400.6974], [4191329.383300001, 2993035.2079000007], [4190259.1007000003, 2992945.9571], [4171106.0220999997, 2987851.4814999998], [4161636.7204, 2997328.3943000007], [4187131.1447, 3020058.2782000005], [4203752.4081, 3021550.8421], [4212056.8137, 3034812.8102], [4215356.388800001, 3032998.4546000008], [4219897.099099999, 3034651.4353], [4253056.0677000005, 3043343.2244000006]]]]}}, {"type": "Feature", "properties": {"NUTS_ID": "DE72", "LEVL_CODE": 2, "CNTR_CODE": "DE", "NAME_LATN": "Gießen", "NUTS_NAME": "Gießen", "MOUNT_TYPE": 0, "URBN_TYPE": 0, "COAST_TYPE": 0, "NAME_ENGL": "Germany", "NAME_FREN": "Allemagne", "ISO3_CODE": "DEU", "SVRG_UN": "UN Member State", "CAPT": "Berlin", "EU_STAT": "T", "EFTA_STAT": "F", "CC_STAT": "F", "NAME_GERM": "Deutschland"}, "geometry": {"type": "MultiPolygon", "coordinates": [[[[4284308.825300001, 3053203.2848000005], [4283995.119899999, 3036656.692500001], [4270324.9889, 3036394.9897000007], [4253056.0677000005, 3043343.2244000006], [4219897.099099999, 3034651.4353], [4215356.388800001, 3032998.4546000008], [4212056.8137, 3034812.8102], [4203752.4081, 3021550.8421], [4187131.1447, 3020058.2782000005], [4176810.116800001, 3034687.0622000005], [4190141.560900001, 3055827.5045], [4188558.5787000004, 3065486.9448000006], [4205225.5647, 3084691.8396000005], [4214087.1405, 3096411.5272000004], [4248924.9625, 3092384.2358999997], [4261042.7838, 3080918.9048999995], [4281590.4197, 3076159.781300001], [4293570.0559, 3069389.0124999993], [4284308.825300001, 3053203.2848000005]]]]}}, {"type": "Feature", "properties": {"NUTS_ID": "DE73", "LEVL_CODE": 2, "CNTR_CODE": "DE", "NAME_LATN": "Kassel", "NUTS_NAME": "Kassel", "MOUNT_TYPE": 0, "URBN_TYPE": 0, "COAST_TYPE": 0, "NAME_ENGL": "Germany", "NAME_FREN": "Allemagne", "ISO3_CODE": "DEU", "SVRG_UN": "UN Member State", "CAPT": "Berlin", "EU_STAT": "T", "EFTA_STAT": "F", "CC_STAT": "F", "NAME_GERM": "Deutschland"}, "geometry": {"type": "MultiPolygon", "coordinates": [[[[4299188.570499999, 3163540.6723999996], [4298462.0502, 3133630.8358999994], [4316010.240800001, 3140497.266899999], [4335467.350400001, 3119972.4294000007], [4335696.8663, 3114792.5781999994], [4322513.615499999, 3097958.4123], [4315791.7147, 3072868.8969], [4326486.758400001, 3058434.242799999], [4323932.0865, 3044955.5941000003], [4316426.716, 3034182.5712], [4301991.620999999, 3027156.9367999993], [4283995.119899999, 3036656.692500001], [4284308.825300001, 3053203.2848000005], [4293570.0559, 3069389.0124999993], [4281590.4197, 3076159.781300001], [4261042.7838, 3080918.9048999995], [4248924.9625, 3092384.2358999997], [4214087.1405, 3096411.5272000004], [4219378.6282, 3111083.3653999995], [4249534.9833, 3155625.955600001], [4262279.1588, 3148330.3308000006], [4282273.5788, 3171249.814200001], [4299188.570499999, 3163540.6723999996]]]]}}, {"type": "Feature", "properties": {"NUTS_ID": "DE80", "LEVL_CODE": 2, "CNTR_CODE": "DE", "NAME_LATN": "Mecklenburg-Vorpommern", "NUTS_NAME": "Mecklenburg-Vorpommern", "MOUNT_TYPE": 0, "URBN_TYPE": 0, "COAST_TYPE": 0, "NAME_ENGL": "Germany", "NAME_FREN": "Allemagne", "ISO3_CODE": "DEU", "SVRG_UN": "UN Member State", "CAPT": "Berlin", "EU_STAT": "T", "EFTA_STAT": "F", "CC_STAT": "F", "NAME_GERM": "Deutschland"}, "geometry": {"type": "MultiPolygon", "coordinates": [[[[4602721.2754999995, 3407226.048800001], [4614776.206, 3366892.3253000006], [4567220.576199999, 3380884.9652999993], [4537382.718, 3351968.6477000006], [4520568.2213, 3343736.928099999], [4476377.8166000005, 3359159.6324000005], [4475923.0085, 3359511.4246999994], [4405738.943299999, 3335586.670499999], [4399392.257999999, 3339338.4222], [4390919.144099999, 3350157.4901], [4360616.3913, 3361935.1107], [4383955.1503, 3393756.4636000004], [4371265.0853, 3411806.030099999], [4380328.672700001, 3428122.1577000003], [4423356.629799999, 3436786.9388999995], [4451511.6183, 3453830.8413999993], [4464496.873, 3461970.9582], [4469893.0550999995, 3465507.3104999997], [4531387.9187, 3500546.8101000004], [4551177.835899999, 3486755.055299999], [4537621.657299999, 3459061.6147000007], [4598483.263599999, 3432717.9909000006], [4598024.352, 3425758.6513], [4591126.8651, 3414092.931500001], [4602721.2754999995, 3407226.048800001]]]]}}, {"type": "Feature", "properties": {"NUTS_ID": "DE91", "LEVL_CODE": 2, "CNTR_CODE": "DE", "NAME_LATN": "Braunschweig", "NUTS_NAME": "Braunschweig", "MOUNT_TYPE": 0, "URBN_TYPE": 0, "COAST_TYPE": 0, "NAME_ENGL": "Germany", "NAME_FREN": "Allemagne", "ISO3_CODE": "DEU", "SVRG_UN": "UN Member State", "CAPT": "Berlin", "EU_STAT": "T", "EFTA_STAT": "F", "CC_STAT": "F", "NAME_GERM": "Deutschland"}, "geometry": {"type": "MultiPolygon", "coordinates": [[[[4359540.0276, 3210600.778000001], [4369550.9746, 3170421.583799999], [4367887.4537, 3169981.7795], [4354869.3541, 3162801.6997999996], [4316010.240800001, 3140497.266899999], [4298462.0502, 3133630.8358999994], [4299188.570499999, 3163540.6723999996], [4282273.5788, 3171249.814200001], [4280669.340500001, 3170914.7212000005], [4313721.9986000005, 3199563.4683], [4325507.470000001, 3201919.6099999994], [4335055.391000001, 3210797.4933], [4334463.316400001, 3222586.1810999997], [4337010.018200001, 3228963.2083], [4338610.777000001, 3230395.8803000003], [4323352.182600001, 3241575.0955], [4340847.460899999, 3259878.2916], [4339585.742799999, 3266854.530200001], [4350964.3124, 3300864.2792000007], [4372219.352700001, 3298822.0715999994], [4389510.3927, 3265748.5569], [4384504.692500001, 3262904.8532], [4387148.2928, 3216740.2146000005], [4375984.5593, 3215642.853], [4359540.0276, 3210600.778000001]]]]}}, {"type": "Feature", "properties": {"NUTS_ID": "DE92", "LEVL_CODE": 2, "CNTR_CODE": "DE", "NAME_LATN": "Hannover", "NUTS_NAME": "Hannover", "MOUNT_TYPE": 0, "URBN_TYPE": 0, "COAST_TYPE": 0, "NAME_ENGL": "Germany", "NAME_FREN": "Allemagne", "ISO3_CODE": "DEU", "SVRG_UN": "UN Member State", "CAPT": "Berlin", "EU_STAT": "T", "EFTA_STAT": "F", "CC_STAT": "F", "NAME_GERM": "Deutschland"}, "geometry": {"type": "MultiPolygon", "coordinates": [[[[4339585.742799999, 3266854.530200001], [4340847.460899999, 3259878.2916], [4323352.182600001, 3241575.0955], [4338610.777000001, 3230395.8803000003], [4337010.018200001, 3228963.2083], [4334463.316400001, 3222586.1810999997], [4335055.391000001, 3210797.4933], [4325507.470000001, 3201919.6099999994], [4313721.9986000005, 3199563.4683], [4280669.340500001, 3170914.7212000005], [4274379.5054, 3194089.4772999994], [4273455.3356, 3201626.5788000003], [4263136.4603, 3221220.6196999997], [4251653.709899999, 3232135.4992999993], [4261477.954700001, 3256200.4047], [4232925.6339, 3266469.257200001], [4205259.567600001, 3262148.9739999995], [4206125.3696, 3266872.1186999995], [4217090.2158, 3300237.266899999], [4230807.9025, 3323098.8331000004], [4234577.763900001, 3327007.404100001], [4248229.0702, 3323043.884400001], [4261508.146500001, 3310169.132099999], [4275479.2685, 3295636.7902000006], [4289512.774700001, 3283547.8483000007], [4303034.4078, 3281058.069700001], [4339585.742799999, 3266854.530200001]]]]}}, {"type": "Feature", "properties": {"NUTS_ID": "DE93", "LEVL_CODE": 2, "CNTR_CODE": "DE", "NAME_LATN": "Lüneburg", "NUTS_NAME": "Lüneburg", "MOUNT_TYPE": 0, "URBN_TYPE": 0, "COAST_TYPE": 0, "NAME_ENGL": "Germany", "NAME_FREN": "Allemagne", "ISO3_CODE": "DEU", "SVRG_UN": "UN Member State", "CAPT": "Berlin", "EU_STAT": "T", "EFTA_STAT": "F", "CC_STAT": "F", "NAME_GERM": "Deutschland"}, "geometry": {"type": "MultiPolygon", "coordinates": [[[[4247889.5098, 3417219.763699999], [4256375.465500001, 3414615.2423], [4273209.700099999, 3418043.1238], [4287046.539899999, 3400145.1939000003], [4303112.0996, 3383356.2509000003], [4305662.0089, 3377527.073999999], [4314597.9516, 3369359.6154999994], [4341469.7293, 3369525.0382000003], [4352221.028100001, 3364312.532400001], [4360616.3913, 3361935.1107], [4390919.144099999, 3350157.4901], [4399392.257999999, 3339338.4222], [4405738.943299999, 3335586.670499999], [4428178.2282, 3326451.125], [4422177.787900001, 3315760.3845000006], [4377693.4977, 3305156.0545000006], [4372219.352700001, 3298822.0715999994], [4350964.3124, 3300864.2792000007], [4339585.742799999, 3266854.530200001], [4303034.4078, 3281058.069700001], [4289512.774700001, 3283547.8483000007], [4275479.2685, 3295636.7902000006], [4261508.146500001, 3310169.132099999], [4248229.0702, 3323043.884400001], [4252997.6863, 3335779.2486000005], [4219844.079399999, 3347603.877699999], [4221147.5427, 3363129.8959999997], [4220906.2059, 3374886.1543000005], [4229260.247300001, 3382599.7881000005], [4223056.660599999, 3389733.5266999993], [4229550.3774, 3407325.4558000006], [4234678.0746, 3421310.459899999], [4247889.5098, 3417219.763699999]]]]}}, {"type": "Feature", "properties": {"NUTS_ID": "DE94", "LEVL_CODE": 2, "CNTR_CODE": "DE", "NAME_LATN": "Weser-Ems", "NUTS_NAME": "Weser-Ems", "MOUNT_TYPE": 0, "URBN_TYPE": 0, "COAST_TYPE": 0, "NAME_ENGL": "Germany", "NAME_FREN": "Allemagne", "ISO3_CODE": "DEU", "SVRG_UN": "UN Member State", "CAPT": "Berlin", "EU_STAT": "T", "EFTA_STAT": "F", "CC_STAT": "F", "NAME_GERM": "Deutschland"}, "geometry": {"type": "MultiPolygon", "coordinates": [[[[4192372.5107000005, 3379297.522500001], [4201005.0361, 3368299.9952000007], [4225157.210200001, 3380666.8516000006], [4220906.2059, 3374886.1543000005], [4221147.5427, 3363129.8959999997], [4219844.079399999, 3347603.877699999], [4230920.7842, 3334223.1306999996], [4234577.763900001, 3327007.404100001], [4230807.9025, 3323098.8331000004], [4217090.2158, 3300237.266899999], [4206125.3696, 3266872.1186999995], [4205259.567600001, 3262148.9739999995], [4216298.169, 3240879.888699999], [4212132.138699999, 3223996.0774000008], [4190451.3589999992, 3218063.4341], [4176049.9254, 3221372.3960999995], [4175414.502699999, 3246352.7716000006], [4158496.5954, 3265415.138699999], [4137969.0372, 3244557.344900001], [4122915.3214, 3240990.451300001], [4120624.0736, 3240894.579399999], [4117146.8552, 3258660.1053], [4096766.4867000002, 3269198.322899999], [4098287.6952, 3284897.710999999], [4118393.6692999993, 3285247.0691], [4125134.6445000004, 3307187.4432999995], [4133736.155200001, 3337487.729699999], [4134707.5439999998, 3351905.1378000006], [4138750.3600999992, 3360935.3455999997], [4127540.2368, 3366604.9955], [4155275.4101, 3399818.1371999998], [4176382.6543000005, 3402209.9497999996], [4194751.966399999, 3393946.6743], [4197878.8917, 3384615.9682], [4192372.5107000005, 3379297.522500001]]]]}}, {"type": "Feature", "properties": {"NUTS_ID": "DEA1", "LEVL_CODE": 2, "CNTR_CODE": "DE", "NAME_LATN": "Düsseldorf", "NUTS_NAME": "Düsseldorf", "MOUNT_TYPE": 0, "URBN_TYPE": 0, "COAST_TYPE": 0, "NAME_ENGL": "Germany", "NAME_FREN": "Allemagne", "ISO3_CODE": "DEU", "SVRG_UN": "UN Member State", "CAPT": "Berlin", "EU_STAT": "T", "EFTA_STAT": "F", "CC_STAT": "F", "NAME_GERM": "Deutschland"}, "geometry": {"type": "MultiPolygon", "coordinates": [[[[4101555.763699999, 3167991.2368], [4107770.5045, 3158627.2509000003], [4112806.445800001, 3162398.2216999996], [4113603.0383, 3162257.2646999992], [4119892.5594999995, 3156272.7733999994], [4121861.3110000007, 3150044.9027999993], [4120385.409, 3145006.7718], [4123546.7894, 3137381.196900001], [4132956.2964999992, 3128782.6773000006], [4132059.281300001, 3125087.793299999], [4129882.7119999994, 3118517.9748], [4122798.3605000004, 3119710.1182000004], [4110847.5626999997, 3116182.6709000003], [4110228.554199999, 3113270.7534], [4110054.9603000004, 3111490.986300001], [4108933.3976000007, 3110756.1615999993], [4108290.1954999994, 3110879.7393999994], [4107890.987400001, 3111220.1293], [4107296.1489000004, 3111028.4429], [4106647.7863, 3111248.0744000003], [4106096.1186999995, 3111901.7964999992], [4105686.1295999996, 3112387.7301000003], [4105160.0954, 3112272.4003], [4103625.6587000005, 3110572.1765], [4100597.6999999993, 3112858.8517000005], [4094911.2412, 3110894.3749], [4073135.363399999, 3109285.692], [4071968.4276, 3114788.0963000003], [4061755.7797999997, 3124851.0942], [4053685.3247999996, 3126266.0513000004], [4046900.025699999, 3133097.6772000007], [4058181.026799999, 3146140.6393999998], [4041680.6645, 3189693.8340000007], [4057369.1633, 3205892.865700001], [4073465.7522, 3196970.059800001], [4077239.7558999993, 3194207.667300001], [4107720.0862000007, 3186265.9460000005], [4106606.5678000003, 3174015.5733000003], [4101555.763699999, 3167991.2368]]]]}}, {"type": "Feature", "properties": {"NUTS_ID": "DEA2", "LEVL_CODE": 2, "CNTR_CODE": "DE", "NAME_LATN": "Köln", "NUTS_NAME": "Köln", "MOUNT_TYPE": 0, "URBN_TYPE": 0, "COAST_TYPE": 0, "NAME_ENGL": "Germany", "NAME_FREN": "Allemagne", "ISO3_CODE": "DEU", "SVRG_UN": "UN Member State", "CAPT": "Berlin", "EU_STAT": "T", "EFTA_STAT": "F", "CC_STAT": "F", "NAME_GERM": "Deutschland"}, "geometry": {"type": "MultiPolygon", "coordinates": [[[[4141699.2990000006, 3125743.9121000003], [4160955.954, 3109352.9189999998], [4165398.3935000002, 3094413.0482], [4156201.991800001, 3081392.8111000005], [4140271.5187, 3069801.261499999], [4123782.9295000006, 3060603.5248000007], [4103368.4568000007, 3054207.5143999998], [4093417.544500001, 3032716.157400001], [4066527.1193000004, 3029642.1941], [4065087.3355, 3029745.6953], [4059686.3597, 3049366.0593999997], [4040360.1849000007, 3079039.3890000004], [4045944.8244000003, 3096437.1327], [4031952.4076000005, 3110464.237400001], [4053685.3247999996, 3126266.0513000004], [4061755.7797999997, 3124851.0942], [4071968.4276, 3114788.0963000003], [4073135.363399999, 3109285.692], [4094911.2412, 3110894.3749], [4100597.6999999993, 3112858.8517000005], [4103625.6587000005, 3110572.1765], [4105160.0954, 3112272.4003], [4105686.1295999996, 3112387.7301000003], [4106096.1186999995, 3111901.7964999992], [4106647.7863, 3111248.0744000003], [4107296.1489000004, 3111028.4429], [4107890.987400001, 3111220.1293], [4108290.1954999994, 3110879.7393999994], [4108933.3976000007, 3110756.1615999993], [4110054.9603000004, 3111490.986300001], [4110228.554199999, 3113270.7534], [4110847.5626999997, 3116182.6709000003], [4122798.3605000004, 3119710.1182000004], [4129882.7119999994, 3118517.9748], [4132059.281300001, 3125087.793299999], [4132956.2964999992, 3128782.6773000006], [4141699.2990000006, 3125743.9121000003]]]]}}, {"type": "Feature", "properties": {"NUTS_ID": "DEA3", "LEVL_CODE": 2, "CNTR_CODE": "DE", "NAME_LATN": "Münster", "NUTS_NAME": "Münster", "MOUNT_TYPE": 0, "URBN_TYPE": 0, "COAST_TYPE": 0, "NAME_ENGL": "Germany", "NAME_FREN": "Allemagne", "ISO3_CODE": "DEU", "SVRG_UN": "UN Member State", "CAPT": "Berlin", "EU_STAT": "T", "EFTA_STAT": "F", "CC_STAT": "F", "NAME_GERM": "Deutschland"}, "geometry": {"type": "MultiPolygon", "coordinates": [[[[4190451.3589999992, 3218063.4341], [4204938.599099999, 3180816.7369], [4178916.3917999994, 3178686.7161999997], [4164619.4451, 3183205.3309000004], [4162191.539000001, 3180499.087200001], [4141810.3101000004, 3175860.5988], [4142134.1427999996, 3168605.1415], [4134664.3398, 3160279.1235000007], [4133247.773, 3161438.519099999], [4123036.4725, 3164052.2809999995], [4122160.965399999, 3164083.0661999993], [4121700.8421, 3163811.2611999996], [4121566.8816, 3163618.7465000004], [4122080.7864999995, 3162039.7021999992], [4122440.4564999994, 3160936.6801999994], [4122493.0614, 3160084.2335], [4122751.2775999997, 3159724.2415999994], [4122403.5121999998, 3159356.1794000007], [4122455.1141, 3158943.3891000003], [4119892.5594999995, 3156272.7733999994], [4113603.0383, 3162257.2646999992], [4112806.445800001, 3162398.2216999996], [4107770.5045, 3158627.2509000003], [4101555.763699999, 3167991.2368], [4106606.5678000003, 3174015.5733000003], [4107720.0862000007, 3186265.9460000005], [4077239.7558999993, 3194207.667300001], [4073465.7522, 3196970.059800001], [4092852.0757999998, 3207673.7051], [4099187.351500001, 3228125.133300001], [4120624.0736, 3240894.579399999], [4122915.3214, 3240990.451300001], [4137969.0372, 3244557.344900001], [4158496.5954, 3265415.138699999], [4175414.502699999, 3246352.7716000006], [4176049.9254, 3221372.3960999995], [4190451.3589999992, 3218063.4341]]]]}}, {"type": "Feature", "properties": {"NUTS_ID": "DEA4", "LEVL_CODE": 2, "CNTR_CODE": "DE", "NAME_LATN": "Detmold", "NUTS_NAME": "Detmold", "MOUNT_TYPE": 0, "URBN_TYPE": 0, "COAST_TYPE": 0, "NAME_ENGL": "Germany", "NAME_FREN": "Allemagne", "ISO3_CODE": "DEU", "SVRG_UN": "UN Member State", "CAPT": "Berlin", "EU_STAT": "T", "EFTA_STAT": "F", "CC_STAT": "F", "NAME_GERM": "Deutschland"}, "geometry": {"type": "MultiPolygon", "coordinates": [[[[4274379.5054, 3194089.4772999994], [4280669.340500001, 3170914.7212000005], [4282273.5788, 3171249.814200001], [4262279.1588, 3148330.3308000006], [4249534.9833, 3155625.955600001], [4245045.7937, 3158442.2281], [4220104.1744, 3151790.6542000007], [4210654.571, 3179981.636600001], [4204938.599099999, 3180816.7369], [4190451.3589999992, 3218063.4341], [4212132.138699999, 3223996.0774000008], [4216298.169, 3240879.888699999], [4205259.567600001, 3262148.9739999995], [4232925.6339, 3266469.257200001], [4261477.954700001, 3256200.4047], [4251653.709899999, 3232135.4992999993], [4263136.4603, 3221220.6196999997], [4273455.3356, 3201626.5788000003], [4274379.5054, 3194089.4772999994]]]]}}, {"type": "Feature", "properties": {"NUTS_ID": "DEA5", "LEVL_CODE": 2, "CNTR_CODE": "DE", "NAME_LATN": "Arnsberg", "NUTS_NAME": "Arnsberg", "MOUNT_TYPE": 0, "URBN_TYPE": 0, "COAST_TYPE": 0, "NAME_ENGL": "Germany", "NAME_FREN": "Allemagne", "ISO3_CODE": "DEU", "SVRG_UN": "UN Member State", "CAPT": "Berlin", "EU_STAT": "T", "EFTA_STAT": "F", "CC_STAT": "F", "NAME_GERM": "Deutschland"}, "geometry": {"type": "MultiPolygon", "coordinates": [[[[4164619.4451, 3183205.3309000004], [4178916.3917999994, 3178686.7161999997], [4204938.599099999, 3180816.7369], [4210654.571, 3179981.636600001], [4220104.1744, 3151790.6542000007], [4245045.7937, 3158442.2281], [4249534.9833, 3155625.955600001], [4219378.6282, 3111083.3653999995], [4214087.1405, 3096411.5272000004], [4205225.5647, 3084691.8396000005], [4188558.5787000004, 3065486.9448000006], [4182511.1171000004, 3066931.9251000006], [4169961.1691999994, 3092709.6643000003], [4165398.3935000002, 3094413.0482], [4160955.954, 3109352.9189999998], [4141699.2990000006, 3125743.9121000003], [4132956.2964999992, 3128782.6773000006], [4123546.7894, 3137381.196900001], [4120385.409, 3145006.7718], [4121861.3110000007, 3150044.9027999993], [4119892.5594999995, 3156272.7733999994], [4122455.1141, 3158943.3891000003], [4122403.5121999998, 3159356.1794000007], [4122751.2775999997, 3159724.2415999994], [4122493.0614, 3160084.2335], [4122440.4564999994, 3160936.6801999994], [4122080.7864999995, 3162039.7021999992], [4121566.8816, 3163618.7465000004], [4121700.8421, 3163811.2611999996], [4122160.965399999, 3164083.0661999993], [4123036.4725, 3164052.2809999995], [4133247.773, 3161438.519099999], [4134664.3398, 3160279.1235000007], [4142134.1427999996, 3168605.1415], [4141810.3101000004, 3175860.5988], [4162191.539000001, 3180499.087200001], [4164619.4451, 3183205.3309000004]]]]}}, {"type": "Feature", "properties": {"NUTS_ID": "FRG0", "LEVL_CODE": 2, "CNTR_CODE": "FR", "NAME_LATN": "Pays de la Loire", "NUTS_NAME": "Pays de la Loire", "MOUNT_TYPE": 0, "URBN_TYPE": 0, "COAST_TYPE": 0, "NAME_ENGL": "France", "NAME_FREN": "France", "ISO3_CODE": "FRA", "SVRG_UN": "UN Member State", "CAPT": "Paris", "EU_STAT": "T", "EFTA_STAT": "F", "CC_STAT": "F", "NAME_GERM": "Frankreich"}, "geometry": {"type": "MultiPolygon", "coordinates": [[[[3564204.5365999993, 2876981.724199999], [3578557.556, 2858311.2869000006], [3601123.3915999997, 2861856.7918], [3635015.6161, 2832420.7708], [3638560.159499999, 2829373.534499999], [3640545.5912999995, 2818876.640900001], [3631122.7808, 2800671.1624], [3618196.522, 2775853.8051999994], [3588377.6176999994, 2770115.991800001], [3568838.175899999, 2722830.846999999], [3555682.1082000006, 2713519.093800001], [3494920.7415999994, 2712202.997199999], [3508013.7398000006, 2669755.2229999993], [3495177.0669, 2636668.8011000007], [3464111.6295, 2643534.1921999995], [3420152.1384999994, 2673330.4977], [3414050.9527000003, 2687679.066299999], [3407138.6264999993, 2704063.3279999997], [3414068.5150000006, 2730767.9806999993], [3385828.4147999994, 2782799.1964999996], [3403794.3168, 2785581.1842], [3415899.3210000005, 2798444.3473000005], [3431725.5776000004, 2800628.3619], [3440060.238399999, 2801797.6708000004], [3482486.3803000003, 2807955.0661999993], [3506234.9340000004, 2882989.5809000004], [3521434.4903999995, 2879915.1546], [3564204.5365999993, 2876981.724199999]]]]}}, {"type": "Feature", "properties": {"NUTS_ID": "FRH0", "LEVL_CODE": 2, "CNTR_CODE": "FR", "NAME_LATN": "Bretagne", "NUTS_NAME": "Bretagne", "MOUNT_TYPE": 0, "URBN_TYPE": 0, "COAST_TYPE": 0, "NAME_ENGL": "France", "NAME_FREN": "France", "ISO3_CODE": "FRA", "SVRG_UN": "UN Member State", "CAPT": "Paris", "EU_STAT": "T", "EFTA_STAT": "F", "CC_STAT": "F", "NAME_GERM": "Frankreich"}, "geometry": {"type": "MultiPolygon", "coordinates": [[[[3382724.117799999, 2911833.1833999995], [3442783.7885999996, 2896432.291099999], [3471713.9855000004, 2901644.076199999], [3506234.9340000004, 2882989.5809000004], [3482486.3803000003, 2807955.0661999993], [3440060.238399999, 2801797.6708000004], [3431725.5776000004, 2800628.3619], [3415899.3210000005, 2798444.3473000005], [3403794.3168, 2785581.1842], [3385828.4147999994, 2782799.1964999996], [3363646.7588, 2799697.4349000007], [3338781.8299000002, 2790544.7408000007], [3323013.6382, 2823439.8303999994], [3314789.6072000004, 2840825.3693000004], [3256614.5375999995, 2855614.9738], [3259545.8423999995, 2886464.0923999995], [3243119.5627999995, 2916492.9441], [3264231.5483, 2938073.443], [3320985.1766999997, 2931509.0515], [3343000.508300001, 2935486.1711], [3362406.0352999996, 2939072.3869000003], [3382724.117799999, 2911833.1833999995]]]]}}, {"type": "Feature", "properties": {"NUTS_ID": "PL21", "LEVL_CODE": 2, "CNTR_CODE": "PL", "NAME_LATN": "Małopolskie", "NUTS_NAME": "Małopolskie", "MOUNT_TYPE": 0, "URBN_TYPE": 0, "COAST_TYPE": 0, "NAME_ENGL": "Poland", "NAME_FREN": "Pologne", "ISO3_CODE": "POL", "SVRG_UN": "UN Member State", "CAPT": "Warsaw", "EU_STAT": "T", "EFTA_STAT": "F", "CC_STAT": "F", "NAME_GERM": "Polen"}, "geometry": {"type": "MultiPolygon", "coordinates": [[[[5038661.3412, 3084936.708799999], [5080508.3136, 3065872.6415999997], [5115170.2829, 3087891.115599999], [5116883.1589, 3052783.0298999995], [5130015.9154, 3032463.0824999996], [5127204.3091, 3024500.6137000006], [5144084.4395, 2988537.182600001], [5088278.376800001, 2978299.3541], [5056054.9975000005, 2957982.587099999], [5038951.0986, 2947340.4475], [5003133.9341, 2988592.054199999], [4997115.4695999995, 3005944.430400001], [4971687.6469, 3023075.2787999995], [4980654.0923999995, 3044128.498299999], [5018055.070699999, 3082734.8215999994], [5024412.8838, 3091535.7601999994], [5038661.3412, 3084936.708799999]]]]}}, {"type": "Feature", "properties": {"NUTS_ID": "PL22", "LEVL_CODE": 2, "CNTR_CODE": "PL", "NAME_LATN": "Śląskie", "NUTS_NAME": "Śląskie", "MOUNT_TYPE": 0, "URBN_TYPE": 0, "COAST_TYPE": 0, "NAME_ENGL": "Poland", "NAME_FREN": "Pologne", "ISO3_CODE": "POL", "SVRG_UN": "UN Member State", "CAPT": "Warsaw", "EU_STAT": "T", "EFTA_STAT": "F", "CC_STAT": "F", "NAME_GERM": "Polen"}, "geometry": {"type": "MultiPolygon", "coordinates": [[[[5003133.9341, 2988592.054199999], [4981146.918199999, 2964053.5408999994], [4960290.233100001, 2972378.4113999996], [4935450.206499999, 3013499.7408000007], [4895030.487, 3026304.2892000005], [4895474.7478, 3038547.4979999997], [4920500.514699999, 3049702.5117000006], [4929464.558, 3084498.195699999], [4922058.2918, 3092263.8176000006], [4926116.7974, 3118142.6460999995], [4927441.4178, 3141101.5847999994], [4967352.926100001, 3143773.6854999997], [5004869.150699999, 3129485.9338000007], [5004494.466600001, 3114059.7521], [5012798.5482, 3112171.2750000004], [5019715.885199999, 3104638.9046], [5024412.8838, 3091535.7601999994], [5018055.070699999, 3082734.8215999994], [4980654.0923999995, 3044128.498299999], [4971687.6469, 3023075.2787999995], [4997115.4695999995, 3005944.430400001], [5003133.9341, 2988592.054199999]]]]}}, {"type": "Feature", "properties": {"NUTS_ID": "PL41", "LEVL_CODE": 2, "CNTR_CODE": "PL", "NAME_LATN": "Wielkopolskie", "NUTS_NAME": "Wielkopolskie", "MOUNT_TYPE": 0, "URBN_TYPE": 0, "COAST_TYPE": 0, "NAME_ENGL": "Poland", "NAME_FREN": "Pologne", "ISO3_CODE": "POL", "SVRG_UN": "UN Member State", "CAPT": "Warsaw", "EU_STAT": "T", "EFTA_STAT": "F", "CC_STAT": "F", "NAME_GERM": "Polen"}, "geometry": {"type": "MultiPolygon", "coordinates": [[[[4903249.142899999, 3227301.2530000005], [4890580.1066, 3149792.3606000002], [4875772.7820999995, 3141021.2622999996], [4864736.108100001, 3149378.4788000006], [4836542.0888, 3194871.613500001], [4822425.5953, 3195224.9541999996], [4793618.3748, 3184529.8509], [4763099.843800001, 3205525.5647], [4733641.4252, 3225823.0489000008], [4721762.516100001, 3258512.043299999], [4722012.3168, 3310414.1619000006], [4720426.797900001, 3342288.0327000003], [4763555.836200001, 3369921.934699999], [4757741.1809, 3392577.6165999994], [4775949.1953, 3415916.7786999997], [4810611.8617, 3400891.4113], [4816362.7530000005, 3376464.5408999994], [4823852.069399999, 3318029.4012], [4887969.366699999, 3302500.8588999994], [4935890.8847, 3285311.678200001], [4924698.122400001, 3253777.3490999993], [4917572.547599999, 3230021.1088999994], [4903249.142899999, 3227301.2530000005]]]]}}, {"type": "Feature", "properties": {"NUTS_ID": "PL42", "LEVL_CODE": 2, "CNTR_CODE": "PL", "NAME_LATN": "Zachodniopomorskie", "NUTS_NAME": "Zachodniopomorskie", "MOUNT_TYPE": 0, "URBN_TYPE": 0, "COAST_TYPE": 0, "NAME_ENGL": "Poland", "NAME_FREN": "Pologne", "ISO3_CODE": "POL", "SVRG_UN": "UN Member State", "CAPT": "Warsaw", "EU_STAT": "T", "EFTA_STAT": "F", "CC_STAT": "F", "NAME_GERM": "Polen"}, "geometry": {"type": "MultiPolygon", "coordinates": [[[[4720426.797900001, 3342288.0327000003], [4629911.4213, 3289187.701199999], [4620842.0239, 3294804.2860000003], [4600578.1602, 3317654.933700001], [4599281.9924, 3324914.319700001], [4614776.206, 3366892.3253000006], [4602721.2754999995, 3407226.048800001], [4672679.301000001, 3463343.8610999994], [4753691.1339, 3515984.9076000005], [4765919.850400001, 3451844.6153999995], [4779151.2842999995, 3444086.980900001], [4777367.061000001, 3428306.7985999994], [4775949.1953, 3415916.7786999997], [4757741.1809, 3392577.6165999994], [4763555.836200001, 3369921.934699999], [4720426.797900001, 3342288.0327000003]]]]}}, {"type": "Feature", "properties": {"NUTS_ID": "PL43", "LEVL_CODE": 2, "CNTR_CODE": "PL", "NAME_LATN": "Lubuskie", "NUTS_NAME": "Lubuskie", "MOUNT_TYPE": 0, "URBN_TYPE": 0, "COAST_TYPE": 0, "NAME_ENGL": "Poland", "NAME_FREN": "Pologne", "ISO3_CODE": "POL", "SVRG_UN": "UN Member State", "CAPT": "Warsaw", "EU_STAT": "T", "EFTA_STAT": "F", "CC_STAT": "F", "NAME_GERM": "Polen"}, "geometry": {"type": "MultiPolygon", "coordinates": [[[[4717166.6503, 3171818.4795999993], [4667129.407400001, 3151023.3308000006], [4648590.561000001, 3174085.7885], [4644664.8412999995, 3220609.5798000004], [4646802.7424, 3228426.8564999998], [4634821.9384, 3250189.340500001], [4629435.833000001, 3263563.6764], [4629911.4213, 3289187.701199999], [4720426.797900001, 3342288.0327000003], [4722012.3168, 3310414.1619000006], [4721762.516100001, 3258512.043299999], [4733641.4252, 3225823.0489000008], [4763099.843800001, 3205525.5647], [4732677.525, 3198659.0646], [4717166.6503, 3171818.4795999993]]]]}}, {"type": "Feature", "properties": {"NUTS_ID": "PL51", "LEVL_CODE": 2, "CNTR_CODE": "PL", "NAME_LATN": "Dolnośląskie", "NUTS_NAME": "Dolnośląskie", "MOUNT_TYPE": 0, "URBN_TYPE": 0, "COAST_TYPE": 0, "NAME_ENGL": "Poland", "NAME_FREN": "Pologne", "ISO3_CODE": "POL", "SVRG_UN": "UN Member State", "CAPT": "Warsaw", "EU_STAT": "T", "EFTA_STAT": "F", "CC_STAT": "F", "NAME_GERM": "Polen"}, "geometry": {"type": "MultiPolygon", "coordinates": [[[[4763099.843800001, 3205525.5647], [4793618.3748, 3184529.8509], [4822425.5953, 3195224.9541999996], [4836542.0888, 3194871.613500001], [4864736.108100001, 3149378.4788000006], [4827217.912599999, 3080535.9580000006], [4810829.4825, 3060614.4891999997], [4810262.3573, 3032463.4832000006], [4790698.883300001, 3024479.4278999995], [4768791.1215, 3072783.737299999], [4752267.583900001, 3079151.3924000002], [4710986.851, 3088955.8484000005], [4684723.023800001, 3106894.619999999], [4660255.7794, 3095529.1428999994], [4667129.407400001, 3151023.3308000006], [4717166.6503, 3171818.4795999993], [4732677.525, 3198659.0646], [4763099.843800001, 3205525.5647]]]]}}, {"type": "Feature", "properties": {"NUTS_ID": "PL52", "LEVL_CODE": 2, "CNTR_CODE": "PL", "NAME_LATN": "Opolskie", "NUTS_NAME": "Opolskie", "MOUNT_TYPE": 0, "URBN_TYPE": 0, "COAST_TYPE": 0, "NAME_ENGL": "Poland", "NAME_FREN": "Pologne", "ISO3_CODE": "POL", "SVRG_UN": "UN Member State", "CAPT": "Warsaw", "EU_STAT": "T", "EFTA_STAT": "F", "CC_STAT": "F", "NAME_GERM": "Polen"}, "geometry": {"type": "MultiPolygon", "coordinates": [[[[4864736.108100001, 3149378.4788000006], [4875772.7820999995, 3141021.2622999996], [4890580.1066, 3149792.3606000002], [4927441.4178, 3141101.5847999994], [4926116.7974, 3118142.6460999995], [4922058.2918, 3092263.8176000006], [4929464.558, 3084498.195699999], [4920500.514699999, 3049702.5117000006], [4895474.7478, 3038547.4979999997], [4895030.487, 3026304.2892000005], [4849853.547, 3042644.7591999993], [4810829.4825, 3060614.4891999997], [4827217.912599999, 3080535.9580000006], [4864736.108100001, 3149378.4788000006]]]]}}, {"type": "Feature", "properties": {"NUTS_ID": "PL61", "LEVL_CODE": 2, "CNTR_CODE": "PL", "NAME_LATN": "Kujawsko-pomorskie", "NUTS_NAME": "Kujawsko-pomorskie", "MOUNT_TYPE": 0, "URBN_TYPE": 0, "COAST_TYPE": 0, "NAME_ENGL": "Poland", "NAME_FREN": "Pologne", "ISO3_CODE": "POL", "SVRG_UN": "UN Member State", "CAPT": "Warsaw", "EU_STAT": "T", "EFTA_STAT": "F", "CC_STAT": "F", "NAME_GERM": "Polen"}, "geometry": {"type": "MultiPolygon", "coordinates": [[[[4951388.194, 3294005.5461999997], [4935890.8847, 3285311.678200001], [4887969.366699999, 3302500.8588999994], [4823852.069399999, 3318029.4012], [4816362.7530000005, 3376464.5408999994], [4810611.8617, 3400891.4113], [4851908.4188, 3437817.764799999], [4899411.0383, 3423607.2138], [4923774.5198, 3424768.466600001], [4965341.098999999, 3392752.4345999993], [4971833.185799999, 3382022.0867999997], [4969568.7508000005, 3360491.0853000004], [4953942.8813000005, 3355720.1097], [4951388.194, 3294005.5461999997]]]]}}, {"type": "Feature", "properties": {"NUTS_ID": "PL62", "LEVL_CODE": 2, "CNTR_CODE": "PL", "NAME_LATN": "Warmińsko-mazurskie", "NUTS_NAME": "Warmińsko-mazurskie", "MOUNT_TYPE": 0, "URBN_TYPE": 0, "COAST_TYPE": 0, "NAME_ENGL": "Poland", "NAME_FREN": "Pologne", "ISO3_CODE": "POL", "SVRG_UN": "UN Member State", "CAPT": "Warsaw", "EU_STAT": "T", "EFTA_STAT": "F", "CC_STAT": "F", "NAME_GERM": "Polen"}, "geometry": {"type": "MultiPolygon", "coordinates": [[[[4988318.1765, 3525040.8861999996], [5069607.537900001, 3528478.2787999995], [5147704.3763999995, 3546424.1741000004], [5139652.203400001, 3524619.3663999997], [5152803.939200001, 3484975.8265000004], [5147234.5865, 3478588.2238], [5121212.2302, 3449086.6767999995], [5088237.967499999, 3436418.407400001], [5084278.8378, 3435473.022500001], [5030366.127, 3403591.111300001], [5013803.0557, 3394924.2564000003], [4996078.842, 3389423.2623999994], [4971833.185799999, 3382022.0867999997], [4965341.098999999, 3392752.4345999993], [4923774.5198, 3424768.466600001], [4932427.1687, 3445776.602], [4939030.963400001, 3461990.4044000003], [4922008.0495, 3483837.1378000006], [4922206.6141, 3502100.9487999994], [4954962.0809, 3524883.5679], [4976730.92, 3524959.1202000007], [4988318.1765, 3525040.8861999996]]]]}}, {"type": "Feature", "properties": {"NUTS_ID": "AL01", "LEVL_CODE": 2, "CNTR_CODE": "AL", "NAME_LATN": "Veri", "NUTS_NAME": "Veri", "MOUNT_TYPE": 0, "URBN_TYPE": 0, "COAST_TYPE": 0, "NAME_ENGL": "Albania", "NAME_FREN": "Albanie", "ISO3_CODE": "ALB", "SVRG_UN": "UN Member State", "CAPT": "Tirana", "EU_STAT": "F", "EFTA_STAT": "F", "CC_STAT": "T", "NAME_GERM": "Albanien"}, "geometry": {"type": "MultiPolygon", "coordinates": [[[[5148385.4728999995, 2216598.8893999998], [5166050.510199999, 2200779.6853], [5185363.6426, 2183615.7863], [5190865.3561, 2172115.3159], [5200419.919600001, 2147880.021299999], [5198279.4438000005, 2144087.0679], [5199720.3018, 2131646.3004], [5201644.286499999, 2114995.650699999], [5200756.984200001, 2085264.6585000008], [5178238.968, 2085653.9049999993], [5148777.300100001, 2099959.2781000007], [5119478.1247000005, 2069006.5493], [5118781.2772, 2103409.3906999994], [5114941.2936, 2120276.6228], [5112296.8686999995, 2131907.9163000006], [5100056.775800001, 2130793.9449000005], [5097664.817299999, 2159722.134299999], [5095919.711300001, 2180685.8253000006], [5102498.4156, 2192384.709899999], [5114728.990599999, 2211157.813100001], [5129579.17, 2204098.7522], [5148385.4728999995, 2216598.8893999998]]]]}}, {"type": "Feature", "properties": {"NUTS_ID": "AL02", "LEVL_CODE": 2, "CNTR_CODE": "AL", "NAME_LATN": "Qender", "NUTS_NAME": "Qender", "MOUNT_TYPE": 0, "URBN_TYPE": 0, "COAST_TYPE": 0, "NAME_ENGL": "Albania", "NAME_FREN": "Albanie", "ISO3_CODE": "ALB", "SVRG_UN": "UN Member State", "CAPT": "Tirana", "EU_STAT": "F", "EFTA_STAT": "F", "CC_STAT": "T", "NAME_GERM": "Albanien"}, "geometry": {"type": "MultiPolygon", "coordinates": [[[[5211962.695699999, 2061668.541099999], [5191869.641899999, 2018060.9715], [5135576.149800001, 2047205.5122999996], [5116607.961300001, 2038729.2128999997], [5119478.1247000005, 2069006.5493], [5148777.300100001, 2099959.2781000007], [5178238.968, 2085653.9049999993], [5200756.984200001, 2085264.6585000008], [5211962.695699999, 2061668.541099999]]]]}}, {"type": "Feature", "properties": {"NUTS_ID": "AL03", "LEVL_CODE": 2, "CNTR_CODE": "AL", "NAME_LATN": "Jug", "NUTS_NAME": "Jug", "MOUNT_TYPE": 0, "URBN_TYPE": 0, "COAST_TYPE": 0, "NAME_ENGL": "Albania", "NAME_FREN": "Albanie", "ISO3_CODE": "ALB", "SVRG_UN": "UN Member State", "CAPT": "Tirana", "EU_STAT": "F", "EFTA_STAT": "F", "CC_STAT": "T", "NAME_GERM": "Albanien"}, "geometry": {"type": "MultiPolygon", "coordinates": [[[[5247352.797800001, 2040320.5046999995], [5257241.4647, 2015037.9755000006], [5237775.048, 1982254.042199999], [5227594.233899999, 1950737.2138999999], [5209461.178400001, 1937386.5007000007], [5212814.773399999, 1916169.5964000002], [5204901.861400001, 1917791.1150000002], [5181589.9125, 1901158.5284000002], [5179072.446599999, 1902139.448999999], [5178246.5393, 1918571.8867000006], [5166823.290899999, 1934022.3814000003], [5137988.8017, 1949342.0889999997], [5110688.655200001, 1998344.0128000006], [5116607.961300001, 2038729.2128999997], [5135576.149800001, 2047205.5122999996], [5191869.641899999, 2018060.9715], [5211962.695699999, 2061668.541099999], [5234386.400699999, 2046491.7477000002], [5247352.797800001, 2040320.5046999995]]]]}}, {"type": "Feature", "properties": {"NUTS_ID": "AT11", "LEVL_CODE": 2, "CNTR_CODE": "AT", "NAME_LATN": "Burgenland", "NUTS_NAME": "Burgenland", "MOUNT_TYPE": 0, "URBN_TYPE": 0, "COAST_TYPE": 0, "NAME_ENGL": "Austria", "NAME_FREN": "Autriche", "ISO3_CODE": "AUT", "SVRG_UN": "UN Member State", "CAPT": "Vienna", "EU_STAT": "T", "EFTA_STAT": "F", "CC_STAT": "F", "NAME_GERM": "Österreich"}, "geometry": {"type": "MultiPolygon", "coordinates": [[[[4786947.8336, 2658724.9250000007], [4778298.5133, 2654263.0853000004], [4786359.1337, 2720266.3476], [4794232.3982, 2724666.8182999995], [4799461.1095, 2746013.3567999993], [4800642.0814, 2776514.9781], [4816326.453, 2779512.945699999], [4846489.8573, 2803511.3914], [4854633.2936, 2791782.4586999994], [4844980.647700001, 2758836.3794], [4802912.6987, 2748897.5074000005], [4821838.7709, 2726165.9716], [4806751.430600001, 2714374.6019], [4811576.9648, 2680342.3698999994], [4786947.8336, 2658724.9250000007]]]]}}, {"type": "Feature", "properties": {"NUTS_ID": "AT12", "LEVL_CODE": 2, "CNTR_CODE": "AT", "NAME_LATN": "Niederösterreich", "NUTS_NAME": "Niederösterreich", "MOUNT_TYPE": 0, "URBN_TYPE": 0, "COAST_TYPE": 0, "NAME_ENGL": "Austria", "NAME_FREN": "Autriche", "ISO3_CODE": "AUT", "SVRG_UN": "UN Member State", "CAPT": "Vienna", "EU_STAT": "T", "EFTA_STAT": "F", "CC_STAT": "F", "NAME_GERM": "Österreich"}, "geometry": {"type": "MultiPolygon", "coordinates": [[[[4827291.811899999, 2837437.805400001], [4839232.970000001, 2808802.6084000003], [4846489.8573, 2803511.3914], [4816326.453, 2779512.945699999], [4800642.0814, 2776514.9781], [4799461.1095, 2746013.3567999993], [4794232.3982, 2724666.8182999995], [4786359.1337, 2720266.3476], [4760796.640699999, 2734593.8402999993], [4711804.5307, 2756071.9159999993], [4702486.772700001, 2749484.1655], [4676275.6162, 2748475.8258999996], [4654776.8215, 2787028.4026999995], [4656732.846899999, 2801817.7792000007], [4668363.5285, 2794302.2107999995], [4688301.636499999, 2819349.191400001], [4666960.763, 2841107.5930000003], [4689833.4824, 2885245.5896000005], [4726983.6402, 2881333.1931999996], [4742889.3682, 2876362.7248], [4832035.225400001, 2857836.831599999], [4833565.827299999, 2848880.935799999], [4827291.811899999, 2837437.805400001]], [[4780681.6302000005, 2803583.5084000006], [4788814.221100001, 2798999.412900001], [4810026.3159, 2802881.3099000007], [4797247.3575, 2818045.8835000005], [4780681.6302000005, 2803583.5084000006]]]]}}, {"type": "Feature", "properties": {"NUTS_ID": "AT13", "LEVL_CODE": 2, "CNTR_CODE": "AT", "NAME_LATN": "Wien", "NUTS_NAME": "Wien", "MOUNT_TYPE": 0, "URBN_TYPE": 0, "COAST_TYPE": 0, "NAME_ENGL": "Austria", "NAME_FREN": "Autriche", "ISO3_CODE": "AUT", "SVRG_UN": "UN Member State", "CAPT": "Vienna", "EU_STAT": "T", "EFTA_STAT": "F", "CC_STAT": "F", "NAME_GERM": "Österreich"}, "geometry": {"type": "MultiPolygon", "coordinates": [[[[4810026.3159, 2802881.3099000007], [4788814.221100001, 2798999.412900001], [4780681.6302000005, 2803583.5084000006], [4797247.3575, 2818045.8835000005], [4810026.3159, 2802881.3099000007]]]]}}, {"type": "Feature", "properties": {"NUTS_ID": "AT21", "LEVL_CODE": 2, "CNTR_CODE": "AT", "NAME_LATN": "Kärnten", "NUTS_NAME": "Kärnten", "MOUNT_TYPE": 0, "URBN_TYPE": 0, "COAST_TYPE": 0, "NAME_ENGL": "Austria", "NAME_FREN": "Autriche", "ISO3_CODE": "AUT", "SVRG_UN": "UN Member State", "CAPT": "Vienna", "EU_STAT": "T", "EFTA_STAT": "F", "CC_STAT": "F", "NAME_GERM": "Österreich"}, "geometry": {"type": "MultiPolygon", "coordinates": [[[[4609292.2369, 2655196.4551], [4621593.138599999, 2655568.1597000007], [4688942.901799999, 2671473.2507000007], [4708765.1296999995, 2628648.7771000005], [4680269.760500001, 2604354.046], [4672386.9882, 2595156.8956000004], [4661893.2820999995, 2602363.9946], [4606152.070499999, 2608175.0654000007], [4589828.600299999, 2612229.3573000003], [4530306.198799999, 2617285.803200001], [4527096.498, 2619689.6187999994], [4536663.9395, 2638260.1174999997], [4522751.2612, 2668742.613], [4575782.6570999995, 2670627.3467999995], [4609292.2369, 2655196.4551]]]]}}, {"type": "Feature", "properties": {"NUTS_ID": "AT22", "LEVL_CODE": 2, "CNTR_CODE": "AT", "NAME_LATN": "Steiermark", "NUTS_NAME": "Steiermark", "MOUNT_TYPE": 0, "URBN_TYPE": 0, "COAST_TYPE": 0, "NAME_ENGL": "Austria", "NAME_FREN": "Autriche", "ISO3_CODE": "AUT", "SVRG_UN": "UN Member State", "CAPT": "Vienna", "EU_STAT": "T", "EFTA_STAT": "F", "CC_STAT": "F", "NAME_GERM": "Österreich"}, "geometry": {"type": "MultiPolygon", "coordinates": [[[[4711804.5307, 2756071.9159999993], [4760796.640699999, 2734593.8402999993], [4786359.1337, 2720266.3476], [4778298.5133, 2654263.0853000004], [4763403.3181, 2638817.9725], [4753009.4882, 2637824.3693000004], [4734492.067299999, 2630626.1513], [4708765.1296999995, 2628648.7771000005], [4688942.901799999, 2671473.2507000007], [4621593.138599999, 2655568.1597000007], [4609292.2369, 2655196.4551], [4613598.6281, 2689644.6833999995], [4593951.8607, 2692168.833799999], [4591350.7381, 2713257.0657], [4622043.6504999995, 2740040.1943999995], [4642339.863700001, 2731637.5252], [4676275.6162, 2748475.8258999996], [4702486.772700001, 2749484.1655], [4711804.5307, 2756071.9159999993]]]]}}, {"type": "Feature", "properties": {"NUTS_ID": "AT31", "LEVL_CODE": 2, "CNTR_CODE": "AT", "NAME_LATN": "Oberösterreich", "NUTS_NAME": "Oberösterreich", "MOUNT_TYPE": 0, "URBN_TYPE": 0, "COAST_TYPE": 0, "NAME_ENGL": "Austria", "NAME_FREN": "Autriche", "ISO3_CODE": "AUT", "SVRG_UN": "UN Member State", "CAPT": "Vienna", "EU_STAT": "T", "EFTA_STAT": "F", "CC_STAT": "F", "NAME_GERM": "Österreich"}, "geometry": {"type": "MultiPolygon", "coordinates": [[[[4666960.763, 2841107.5930000003], [4688301.636499999, 2819349.191400001], [4668363.5285, 2794302.2107999995], [4656732.846899999, 2801817.7792000007], [4654776.8215, 2787028.4026999995], [4676275.6162, 2748475.8258999996], [4642339.863700001, 2731637.5252], [4622043.6504999995, 2740040.1943999995], [4591350.7381, 2713257.0657], [4586019.3434999995, 2715535.7107999995], [4582322.5342999995, 2741014.9779000003], [4567548.3138999995, 2771539.2345000003], [4534508.8895, 2768916.1735999994], [4525936.166999999, 2781511.587099999], [4539906.565199999, 2792493.4747], [4556759.177300001, 2802949.1988999993], [4576129.709899999, 2833244.352], [4576657.3144000005, 2832784.0842000004], [4577520.554300001, 2832996.6304], [4577590.199999999, 2833819.306399999], [4578256.6741, 2833743.7687999997], [4578694.752699999, 2834033.946799999], [4578831.8160999995, 2834529.6916000005], [4579577.8562, 2834988.9930000007], [4579714.7586, 2835384.8275000006], [4579445.3671, 2836171.4388999995], [4579671.3643, 2836835.5207], [4579900.4079, 2836889.7173999995], [4596341.521500001, 2829133.7541000005], [4600312.774800001, 2851666.636], [4603174.0754, 2858273.119000001], [4666960.763, 2841107.5930000003]]]]}}, {"type": "Feature", "properties": {"NUTS_ID": "AT32", "LEVL_CODE": 2, "CNTR_CODE": "AT", "NAME_LATN": "Salzburg", "NUTS_NAME": "Salzburg", "MOUNT_TYPE": 0, "URBN_TYPE": 0, "COAST_TYPE": 0, "NAME_ENGL": "Austria", "NAME_FREN": "Autriche", "ISO3_CODE": "AUT", "SVRG_UN": "UN Member State", "CAPT": "Vienna", "EU_STAT": "T", "EFTA_STAT": "F", "CC_STAT": "F", "NAME_GERM": "Österreich"}, "geometry": {"type": "MultiPolygon", "coordinates": [[[[4582322.5342999995, 2741014.9779000003], [4586019.3434999995, 2715535.7107999995], [4591350.7381, 2713257.0657], [4593951.8607, 2692168.833799999], [4613598.6281, 2689644.6833999995], [4609292.2369, 2655196.4551], [4575782.6570999995, 2670627.3467999995], [4522751.2612, 2668742.613], [4491314.129799999, 2664310.289000001], [4483320.7127, 2665352.2216], [4483745.0711, 2684365.065300001], [4518572.646299999, 2708707.190300001], [4514603.5298, 2727668.8101000004], [4523482.837200001, 2733534.5822], [4550492.988700001, 2716598.8374000005], [4542424.854499999, 2755742.9772999994], [4535816.2831, 2765181.807], [4534508.8895, 2768916.1735999994], [4567548.3138999995, 2771539.2345000003], [4582322.5342999995, 2741014.9779000003]]]]}}, {"type": "Feature", "properties": {"NUTS_ID": "AT33", "LEVL_CODE": 2, "CNTR_CODE": "AT", "NAME_LATN": "Tirol", "NUTS_NAME": "Tirol", "MOUNT_TYPE": 0, "URBN_TYPE": 0, "COAST_TYPE": 0, "NAME_ENGL": "Austria", "NAME_FREN": "Autriche", "ISO3_CODE": "AUT", "SVRG_UN": "UN Member State", "CAPT": "Vienna", "EU_STAT": "T", "EFTA_STAT": "F", "CC_STAT": "F", "NAME_GERM": "Österreich"}, "geometry": {"type": "MultiPolygon", "coordinates": [[[[4518572.646299999, 2708707.190300001], [4483745.0711, 2684365.065300001], [4483320.7127, 2665352.2216], [4462343.119100001, 2656248.4411999993], [4444821.7107, 2656889.1414], [4409680.1316, 2650942.1194], [4395997.266100001, 2633155.3092], [4356848.7469999995, 2638051.4913], [4332066.8737, 2637515.7503999993], [4337149.083000001, 2671547.4711000007], [4334506.5766, 2684074.9562], [4352656.717800001, 2697259.9672999997], [4355225.3652, 2715902.9925999995], [4387765.814200001, 2714092.2085999995], [4395879.224099999, 2698559.6253999993], [4397789.8456999995, 2698611.856899999], [4428275.4441, 2704501.090399999], [4427326.055500001, 2710091.6841], [4443880.2947, 2721225.526799999], [4460729.270300001, 2722685.2793000005], [4475984.664100001, 2724949.8110000007], [4496572.345000001, 2734271.410700001], [4514603.5298, 2727668.8101000004], [4518572.646299999, 2708707.190300001]]], [[[4536663.9395, 2638260.1174999997], [4527096.498, 2619689.6187999994], [4510728.830499999, 2621660.5086000003], [4489656.706700001, 2645101.3159], [4491314.129799999, 2664310.289000001], [4522751.2612, 2668742.613], [4536663.9395, 2638260.1174999997]]]]}}, {"type": "Feature", "properties": {"NUTS_ID": "AT34", "LEVL_CODE": 2, "CNTR_CODE": "AT", "NAME_LATN": "Vorarlberg", "NUTS_NAME": "Vorarlberg", "MOUNT_TYPE": 0, "URBN_TYPE": 0, "COAST_TYPE": 0, "NAME_ENGL": "Austria", "NAME_FREN": "Autriche", "ISO3_CODE": "AUT", "SVRG_UN": "UN Member State", "CAPT": "Vienna", "EU_STAT": "T", "EFTA_STAT": "F", "CC_STAT": "F", "NAME_GERM": "Österreich"}, "geometry": {"type": "MultiPolygon", "coordinates": [[[[4337149.083000001, 2671547.4711000007], [4332066.8737, 2637515.7503999993], [4291125.0428, 2660883.3062999994], [4292201.6435, 2670971.976399999], [4285464.4256, 2684223.103700001], [4287756.7698, 2714352.1854], [4318575.4584, 2714736.6659999993], [4320964.2509, 2707711.6807000004], [4334506.5766, 2684074.9562], [4337149.083000001, 2671547.4711000007]]]]}}, {"type": "Feature", "properties": {"NUTS_ID": "BE10", "LEVL_CODE": 2, "CNTR_CODE": "BE", "NAME_LATN": "Région de Bruxelles-Capitale/ Brussels Hoofdstedelijk Gewest", "NUTS_NAME": "Région de Bruxelles-Capitale/ Brussels Hoofdstedelijk Gewest", "MOUNT_TYPE": 0, "URBN_TYPE": 0, "COAST_TYPE": 0, "NAME_ENGL": "Belgium", "NAME_FREN": "Belgique", "ISO3_CODE": "BEL", "SVRG_UN": "UN Member State", "CAPT": "Brussels", "EU_STAT": "T", "EFTA_STAT": "F", "CC_STAT": "F", "NAME_GERM": "Belgien"}, "geometry": {"type": "MultiPolygon", "coordinates": [[[[3915049.9393000007, 3094470.4167], [3919591.2774, 3102655.634299999], [3930442.772, 3102657.8035000004], [3925465.3517000005, 3086683.411699999], [3915049.9393000007, 3094470.4167]]]]}}, {"type": "Feature", "properties": {"NUTS_ID": "BE21", "LEVL_CODE": 2, "CNTR_CODE": "BE", "NAME_LATN": "Prov. Antwerpen", "NUTS_NAME": "Prov. Antwerpen", "MOUNT_TYPE": 0, "URBN_TYPE": 0, "COAST_TYPE": 0, "NAME_ENGL": "Belgium", "NAME_FREN": "Belgique", "ISO3_CODE": "BEL", "SVRG_UN": "UN Member State", "CAPT": "Brussels", "EU_STAT": "T", "EFTA_STAT": "F", "CC_STAT": "F", "NAME_GERM": "Belgien"}, "geometry": {"type": "MultiPolygon", "coordinates": [[[[3989654.5253999997, 3125837.1207999997], [3969295.0646, 3114697.535], [3955878.9864000008, 3116088.9735000003], [3937266.6898, 3112244.1845999993], [3917526.6973, 3118742.8022000007], [3913536.4058999997, 3126243.706599999], [3922957.1917000003, 3128159.4564999994], [3920366.332800001, 3153922.6905000005], [3920660.2127, 3156217.704], [3923161.9311999995, 3156164.4332], [3950633.7397000007, 3159702.9375], [3957506.818499999, 3167694.4761999995], [3980658.9135, 3157888.2239999995], [3988851.4396, 3138673.9134], [3989654.5253999997, 3125837.1207999997]]]]}}, {"type": "Feature", "properties": {"NUTS_ID": "BE22", "LEVL_CODE": 2, "CNTR_CODE": "BE", "NAME_LATN": "Prov. Limburg (BE)", "NUTS_NAME": "Prov. Limburg (BE)", "MOUNT_TYPE": 0, "URBN_TYPE": 0, "COAST_TYPE": 0, "NAME_ENGL": "Belgium", "NAME_FREN": "Belgique", "ISO3_CODE": "BEL", "SVRG_UN": "UN Member State", "CAPT": "Brussels", "EU_STAT": "T", "EFTA_STAT": "F", "CC_STAT": "F", "NAME_GERM": "Belgien"}, "geometry": {"type": "MultiPolygon", "coordinates": [[[[4017252.1834999993, 3086772.5351], [3998616.4363, 3077635.5416], [3984946.9334999993, 3079341.1854999997], [3975414.3343, 3077940.645199999], [3979433.4843000006, 3099001.860200001], [3969295.0646, 3114697.535], [3989654.5253999997, 3125837.1207999997], [3988851.4396, 3138673.9134], [4011459.8396000005, 3132703.4902999997], [4026610.5578000005, 3113861.8872999996], [4024033.4265, 3108310.8542], [4017252.1834999993, 3086772.5351]]]]}}, {"type": "Feature", "properties": {"NUTS_ID": "BE23", "LEVL_CODE": 2, "CNTR_CODE": "BE", "NAME_LATN": "Prov. Oost-Vlaanderen", "NUTS_NAME": "Prov. Oost-Vlaanderen", "MOUNT_TYPE": 0, "URBN_TYPE": 0, "COAST_TYPE": 0, "NAME_ENGL": "Belgium", "NAME_FREN": "Belgique", "ISO3_CODE": "BEL", "SVRG_UN": "UN Member State", "CAPT": "Brussels", "EU_STAT": "T", "EFTA_STAT": "F", "CC_STAT": "F", "NAME_GERM": "Belgien"}, "geometry": {"type": "MultiPolygon", "coordinates": [[[[3920366.332800001, 3153922.6905000005], [3922957.1917000003, 3128159.4564999994], [3913536.4058999997, 3126243.706599999], [3917526.6973, 3118742.8022000007], [3910370.9070999995, 3111779.246099999], [3890599.4667000007, 3086994.191299999], [3885115.6599000003, 3089441.899599999], [3882297.8422, 3089365.112400001], [3865687.0146999992, 3089223.4005999994], [3860314.060799999, 3093300.2357], [3862109.1016000006, 3108360.1833999995], [3858911.353, 3109635.6074], [3854609.535700001, 3131033.4789000005], [3860769.2536999993, 3137293.205], [3859809.09, 3150168.8783], [3892268.487299999, 3140257.5569], [3900841.3057000004, 3141114.0470000003], [3919814.3946, 3153328.4564999994], [3920366.332800001, 3153922.6905000005]]]]}}, {"type": "Feature", "properties": {"NUTS_ID": "BE24", "LEVL_CODE": 2, "CNTR_CODE": "BE", "NAME_LATN": "Prov. Vlaams-Brabant", "NUTS_NAME": "Prov. Vlaams-Brabant", "MOUNT_TYPE": 0, "URBN_TYPE": 0, "COAST_TYPE": 0, "NAME_ENGL": "Belgium", "NAME_FREN": "Belgique", "ISO3_CODE": "BEL", "SVRG_UN": "UN Member State", "CAPT": "Brussels", "EU_STAT": "T", "EFTA_STAT": "F", "CC_STAT": "F", "NAME_GERM": "Belgien"}, "geometry": {"type": "MultiPolygon", "coordinates": [[[[3969295.0646, 3114697.535], [3979433.4843000006, 3099001.860200001], [3975414.3343, 3077940.645199999], [3969815.4625000004, 3082969.7423], [3940202.0856999997, 3086499.6657999996], [3904759.061899999, 3082815.9409999996], [3890599.4667000007, 3086994.191299999], [3910370.9070999995, 3111779.246099999], [3917526.6973, 3118742.8022000007], [3937266.6898, 3112244.1845999993], [3955878.9864000008, 3116088.9735000003], [3969295.0646, 3114697.535]], [[3915049.9393000007, 3094470.4167], [3925465.3517000005, 3086683.411699999], [3930442.772, 3102657.8035000004], [3919591.2774, 3102655.634299999], [3915049.9393000007, 3094470.4167]]]]}}, {"type": "Feature", "properties": {"NUTS_ID": "BE25", "LEVL_CODE": 2, "CNTR_CODE": "BE", "NAME_LATN": "Prov. West-Vlaanderen", "NUTS_NAME": "Prov. West-Vlaanderen", "MOUNT_TYPE": 0, "URBN_TYPE": 0, "COAST_TYPE": 0, "NAME_ENGL": "Belgium", "NAME_FREN": "Belgique", "ISO3_CODE": "BEL", "SVRG_UN": "UN Member State", "CAPT": "Brussels", "EU_STAT": "T", "EFTA_STAT": "F", "CC_STAT": "F", "NAME_GERM": "Belgien"}, "geometry": {"type": "MultiPolygon", "coordinates": [[[[3862109.1016000006, 3108360.1833999995], [3860314.060799999, 3093300.2357], [3844678.012599999, 3088813.8804], [3835046.9453999996, 3097095.6535], [3829391.7752, 3097020.708799999], [3829124.514799999, 3097051.1959000006], [3823509.7024000008, 3098720.5013999995], [3817784.9420999996, 3090853.9849999994], [3802065.476500001, 3115282.907400001], [3799789.3935000002, 3135288.8575], [3814726.499399999, 3141880.0538], [3841458.8935000002, 3156115.8939999994], [3859737.4079, 3160854.8641999997], [3859809.09, 3150168.8783], [3860769.2536999993, 3137293.205], [3854609.535700001, 3131033.4789000005], [3858911.353, 3109635.6074], [3862109.1016000006, 3108360.1833999995]]]]}}, {"type": "Feature", "properties": {"NUTS_ID": "ITH4", "LEVL_CODE": 2, "CNTR_CODE": "IT", "NAME_LATN": "Friuli-Venezia Giulia", "NUTS_NAME": "Friuli-Venezia Giulia", "MOUNT_TYPE": 0, "URBN_TYPE": 0, "COAST_TYPE": 0, "NAME_ENGL": "Italy", "NAME_FREN": "Italie", "ISO3_CODE": "ITA", "SVRG_UN": "UN Member State", "CAPT": "Rome", "EU_STAT": "T", "EFTA_STAT": "F", "CC_STAT": "F", "NAME_GERM": "Italien"}, "geometry": {"type": "MultiPolygon", "coordinates": [[[[4591854.307499999, 2555074.1741000004], [4600801.203500001, 2529734.6720000003], [4600790.590299999, 2528446.5233999994], [4615786.936899999, 2521947.978599999], [4625607.4045, 2510559.301999999], [4620627.842700001, 2504937.5133999996], [4611706.6953, 2505312.588199999], [4599618.362199999, 2526057.5034999996], [4589953.6570999995, 2516385.7314], [4582187.4428, 2519520.6866999995], [4562837.831700001, 2508581.9823000003], [4552694.294299999, 2529222.9178], [4528180.7412, 2523671.7575000003], [4507006.0847, 2550671.8768000007], [4513282.143200001, 2592009.2314], [4530306.198799999, 2617285.803200001], [4589828.600299999, 2612229.3573000003], [4606152.070499999, 2608175.0654000007], [4604291.080700001, 2598604.5420999993], [4591448.658299999, 2588075.378900001], [4591854.307499999, 2555074.1741000004]]]]}}, {"type": "Feature", "properties": {"NUTS_ID": "ITH5", "LEVL_CODE": 2, "CNTR_CODE": "IT", "NAME_LATN": "Emilia-Romagna", "NUTS_NAME": "Emilia-Romagna", "MOUNT_TYPE": 0, "URBN_TYPE": 0, "COAST_TYPE": 0, "NAME_ENGL": "Italy", "NAME_FREN": "Italie", "ISO3_CODE": "ITA", "SVRG_UN": "UN Member State", "CAPT": "Rome", "EU_STAT": "T", "EFTA_STAT": "F", "CC_STAT": "F", "NAME_GERM": "Italien"}, "geometry": {"type": "MultiPolygon", "coordinates": [[[[4360889.9023, 2423560.9539], [4391236.0659, 2422939.3534999993], [4419512.293099999, 2427466.2808999997], [4433784.0461, 2427571.645300001], [4467737.9352, 2430949.7327999994], [4511151.919199999, 2412079.661699999], [4501438.159399999, 2393730.2409000006], [4511885.271199999, 2349087.2687999997], [4517387.1285999995, 2342327.0321999993], [4542187.0638999995, 2321829.948999999], [4521699.535800001, 2314145.9243], [4519615.3078000005, 2321415.6092000008], [4518295.6449, 2312960.2874999996], [4505310.999399999, 2297878.7907], [4491117.394200001, 2296227.2522], [4470759.4933, 2302504.0902999993], [4458760.898499999, 2309117.2163999993], [4458633.5364, 2336294.8999000005], [4443245.2224, 2339854.5021], [4417489.748299999, 2333073.862400001], [4405229.412599999, 2331726.3550000004], [4386366.6811999995, 2334368.3192999996], [4371063.774800001, 2334684.4886000007], [4358646.1491, 2346312.2613999993], [4341313.455800001, 2350943.7830999997], [4332349.3134, 2360377.0154], [4314177.7983, 2371447.0209], [4295976.596100001, 2361756.9229000006], [4279420.8071, 2366652.8872999996], [4280666.858999999, 2382904.5429], [4257616.285499999, 2389495.8589999992], [4257465.7885, 2397552.7474000007], [4285438.4552, 2446857.064099999], [4312418.9827, 2446561.6128000002], [4327590.1757, 2436913.4531999994], [4357691.773700001, 2425176.9283000007], [4360889.9023, 2423560.9539]]]]}}, {"type": "Feature", "properties": {"NUTS_ID": "ITI1", "LEVL_CODE": 2, "CNTR_CODE": "IT", "NAME_LATN": "Toscana", "NUTS_NAME": "Toscana", "MOUNT_TYPE": 0, "URBN_TYPE": 0, "COAST_TYPE": 0, "NAME_ENGL": "Italy", "NAME_FREN": "Italie", "ISO3_CODE": "ITA", "SVRG_UN": "UN Member State", "CAPT": "Rome", "EU_STAT": "T", "EFTA_STAT": "F", "CC_STAT": "F", "NAME_GERM": "Italien"}, "geometry": {"type": "MultiPolygon", "coordinates": [[[[4386366.6811999995, 2334368.3192999996], [4405229.412599999, 2331726.3550000004], [4417489.748299999, 2333073.862400001], [4443245.2224, 2339854.5021], [4458633.5364, 2336294.8999000005], [4458760.898499999, 2309117.2163999993], [4470759.4933, 2302504.0902999993], [4491117.394200001, 2296227.2522], [4505310.999399999, 2297878.7907], [4500143.2763, 2280638.8115999997], [4480917.2257, 2230892.6877999995], [4479433.571599999, 2197880.6505999994], [4476383.828400001, 2193961.0384], [4464290.5233, 2188249.7019999996], [4440807.365599999, 2142554.3783], [4378764.8838, 2204150.202299999], [4345279.331499999, 2274842.6735999994], [4341816.6175999995, 2300678.1303000003], [4332538.923900001, 2318419.5977999996], [4322507.7072, 2326070.842700001], [4295976.596100001, 2361756.9229000006], [4314177.7983, 2371447.0209], [4332349.3134, 2360377.0154], [4341313.455800001, 2350943.7830999997], [4358646.1491, 2346312.2613999993], [4371063.774800001, 2334684.4886000007], [4386366.6811999995, 2334368.3192999996]]]]}}, {"type": "Feature", "properties": {"NUTS_ID": "ITI2", "LEVL_CODE": 2, "CNTR_CODE": "IT", "NAME_LATN": "Umbria", "NUTS_NAME": "Umbria", "MOUNT_TYPE": 0, "URBN_TYPE": 0, "COAST_TYPE": 0, "NAME_ENGL": "Italy", "NAME_FREN": "Italie", "ISO3_CODE": "ITA", "SVRG_UN": "UN Member State", "CAPT": "Rome", "EU_STAT": "T", "EFTA_STAT": "F", "CC_STAT": "F", "NAME_GERM": "Italien"}, "geometry": {"type": "MultiPolygon", "coordinates": [[[[4535791.9032000005, 2149113.4869999997], [4522907.729599999, 2147015.9604], [4476383.828400001, 2193961.0384], [4479433.571599999, 2197880.6505999994], [4480917.2257, 2230892.6877999995], [4500143.2763, 2280638.8115999997], [4545500.128900001, 2265401.0035999995], [4554180.9287, 2238159.8510999996], [4562208.9112, 2212746.0435000006], [4586076.7138, 2201360.200200001], [4582894.3182, 2186357.5438], [4559324.668500001, 2172419.711100001], [4535791.9032000005, 2149113.4869999997]]]]}}, {"type": "Feature", "properties": {"NUTS_ID": "BE35", "LEVL_CODE": 2, "CNTR_CODE": "BE", "NAME_LATN": "Prov. Namur", "NUTS_NAME": "Prov. Namur", "MOUNT_TYPE": 0, "URBN_TYPE": 0, "COAST_TYPE": 0, "NAME_ENGL": "Belgium", "NAME_FREN": "Belgique", "ISO3_CODE": "BEL", "SVRG_UN": "UN Member State", "CAPT": "Brussels", "EU_STAT": "T", "EFTA_STAT": "F", "CC_STAT": "F", "NAME_GERM": "Belgien"}, "geometry": {"type": "MultiPolygon", "coordinates": [[[[3993546.6038000006, 3039999.5249000005], [3982383.7145000007, 3010513.6284999996], [3959123.5232999995, 2977871.6417999994], [3949129.2158000004, 3017066.643100001], [3921742.4297, 2996168.7018], [3921450.2009999994, 3025723.3178000003], [3927977.9253000002, 3038768.3517000005], [3935995.9952000007, 3037466.4749], [3937006.9835, 3062047.7117], [3966445.1066999994, 3071096.3114], [3969230.7317999993, 3064947.673699999], [3981614.4054000005, 3044994.2194], [3993546.6038000006, 3039999.5249000005]]]]}}, {"type": "Feature", "properties": {"NUTS_ID": "BG31", "LEVL_CODE": 2, "CNTR_CODE": "BG", "NAME_LATN": "Severozapaden", "NUTS_NAME": "Северозападен", "MOUNT_TYPE": 0, "URBN_TYPE": 0, "COAST_TYPE": 0, "NAME_ENGL": "Bulgaria", "NAME_FREN": "Bulgarie", "ISO3_CODE": "BGR", "SVRG_UN": "UN Member State", "CAPT": "Sofia", "EU_STAT": "T", "EFTA_STAT": "F", "CC_STAT": "F", "NAME_GERM": "Bulgarien"}, "geometry": {"type": "MultiPolygon", "coordinates": [[[[5355670.479599999, 2421937.2738000005], [5363358.685799999, 2390534.4637], [5375819.819, 2393236.6164999995], [5413836.1129, 2397732.036699999], [5453726.007200001, 2394931.2346], [5470511.1852, 2397911.185900001], [5496185.8872, 2405891.3795999996], [5548282.5320999995, 2408758.8222000003], [5544106.4804, 2363806.0782999992], [5540881.483999999, 2353047.3609999996], [5531724.8872, 2349583.8058], [5530123.4473, 2329111.918400001], [5544811.0636, 2305139.3845000006], [5545452.646199999, 2301619.7858000007], [5494265.4187, 2295306.1997999996], [5454917.174900001, 2323066.4913], [5408314.6017, 2325539.7007999998], [5388589.957800001, 2316452.185900001], [5375157.8499, 2323275.2777999993], [5351004.2761, 2340906.9679000005], [5344289.3862, 2341572.718800001], [5317492.5178, 2376326.8265000004], [5322636.3971, 2410288.7277000006], [5330611.946599999, 2430822.4794999994], [5355670.479599999, 2421937.2738000005]]]]}}, {"type": "Feature", "properties": {"NUTS_ID": "BG32", "LEVL_CODE": 2, "CNTR_CODE": "BG", "NAME_LATN": "Severen tsentralen", "NUTS_NAME": "Северен централен", "MOUNT_TYPE": 0, "URBN_TYPE": 0, "COAST_TYPE": 0, "NAME_ENGL": "Bulgaria", "NAME_FREN": "Bulgarie", "ISO3_CODE": "BGR", "SVRG_UN": "UN Member State", "CAPT": "Sofia", "EU_STAT": "T", "EFTA_STAT": "F", "CC_STAT": "F", "NAME_GERM": "Bulgarien"}, "geometry": {"type": "MultiPolygon", "coordinates": [[[[5728800.2762, 2487225.7224000003], [5699432.232000001, 2443299.3946], [5681594.550799999, 2442811.8729], [5666928.593800001, 2406717.449100001], [5654634.7586, 2396567.1849000007], [5621754.8364, 2408807.8126999997], [5611592.639599999, 2383980.3048], [5632655.7202, 2346889.7424999997], [5610151.462099999, 2322114.0863000005], [5592132.368799999, 2319357.9878000002], [5544811.0636, 2305139.3845000006], [5530123.4473, 2329111.918400001], [5531724.8872, 2349583.8058], [5540881.483999999, 2353047.3609999996], [5544106.4804, 2363806.0782999992], [5548282.5320999995, 2408758.8222000003], [5568140.8038, 2411494.9099000003], [5577228.5008000005, 2418572.3232000005], [5623303.4111, 2468347.4583], [5625117.978399999, 2468918.4036], [5692416.938200001, 2494414.3203999996], [5728800.2762, 2487225.7224000003]]]]}}, {"type": "Feature", "properties": {"NUTS_ID": "BG33", "LEVL_CODE": 2, "CNTR_CODE": "BG", "NAME_LATN": "Severoiztochen", "NUTS_NAME": "Североизточен", "MOUNT_TYPE": 0, "URBN_TYPE": 0, "COAST_TYPE": 0, "NAME_ENGL": "Bulgaria", "NAME_FREN": "Bulgarie", "ISO3_CODE": "BGR", "SVRG_UN": "UN Member State", "CAPT": "Sofia", "EU_STAT": "T", "EFTA_STAT": "F", "CC_STAT": "F", "NAME_GERM": "Bulgarien"}, "geometry": {"type": "MultiPolygon", "coordinates": [[[[5803878.310699999, 2477397.2667999994], [5805366.4694, 2442801.2805000003], [5773956.4548, 2421445.3914], [5771739.2168000005, 2366169.118899999], [5706379.151699999, 2363774.9980999995], [5667040.046499999, 2350900.9755000006], [5664569.706800001, 2357813.5878999997], [5632655.7202, 2346889.7424999997], [5611592.639599999, 2383980.3048], [5621754.8364, 2408807.8126999997], [5654634.7586, 2396567.1849000007], [5666928.593800001, 2406717.449100001], [5681594.550799999, 2442811.8729], [5699432.232000001, 2443299.3946], [5728800.2762, 2487225.7224000003], [5803878.310699999, 2477397.2667999994]]]]}}, {"type": "Feature", "properties": {"NUTS_ID": "BG34", "LEVL_CODE": 2, "CNTR_CODE": "BG", "NAME_LATN": "Yugoiztochen", "NUTS_NAME": "Югоизточен", "MOUNT_TYPE": 0, "URBN_TYPE": 0, "COAST_TYPE": 0, "NAME_ENGL": "Bulgaria", "NAME_FREN": "Bulgarie", "ISO3_CODE": "BGR", "SVRG_UN": "UN Member State", "CAPT": "Sofia", "EU_STAT": "T", "EFTA_STAT": "F", "CC_STAT": "F", "NAME_GERM": "Bulgarien"}, "geometry": {"type": "MultiPolygon", "coordinates": [[[[5664569.706800001, 2357813.5878999997], [5667040.046499999, 2350900.9755000006], [5706379.151699999, 2363774.9980999995], [5771739.2168000005, 2366169.118899999], [5769660.271, 2314718.1774000004], [5794317.1281, 2287897.4026999995], [5804912.6646, 2276442.7947000004], [5723794.925799999, 2269102.7313], [5716919.9485, 2257473.069700001], [5687246.9263, 2242311.344799999], [5651156.768999999, 2266351.4211999997], [5634701.7322, 2248212.6371], [5584627.041099999, 2240552.5962000005], [5566140.0371, 2269261.0732000005], [5545452.646199999, 2301619.7858000007], [5544811.0636, 2305139.3845000006], [5592132.368799999, 2319357.9878000002], [5610151.462099999, 2322114.0863000005], [5632655.7202, 2346889.7424999997], [5664569.706800001, 2357813.5878999997]]]]}}, {"type": "Feature", "properties": {"NUTS_ID": "BG41", "LEVL_CODE": 2, "CNTR_CODE": "BG", "NAME_LATN": "Yugozapaden", "NUTS_NAME": "Югозападен", "MOUNT_TYPE": 0, "URBN_TYPE": 0, "COAST_TYPE": 0, "NAME_ENGL": "Bulgaria", "NAME_FREN": "Bulgarie", "ISO3_CODE": "BGR", "SVRG_UN": "UN Member State", "CAPT": "Sofia", "EU_STAT": "T", "EFTA_STAT": "F", "CC_STAT": "F", "NAME_GERM": "Bulgarien"}, "geometry": {"type": "MultiPolygon", "coordinates": [[[[5375157.8499, 2323275.2777999993], [5388589.957800001, 2316452.185900001], [5408314.6017, 2325539.7007999998], [5454917.174900001, 2323066.4913], [5494265.4187, 2295306.1997999996], [5500977.9673, 2274347.5636], [5479155.134500001, 2268944.3373000007], [5468091.6447, 2249950.4793999996], [5455583.566299999, 2223712.8592000008], [5467047.0382, 2191028.405200001], [5489882.6138, 2172765.0299999993], [5491533.976, 2156084.1009], [5458423.3883, 2133421.0621000007], [5444429.4277, 2133891.873299999], [5401576.043400001, 2119111.646400001], [5401767.5221, 2139536.8017999995], [5394496.420399999, 2162270.083799999], [5384665.1899, 2193093.2741], [5364847.6908, 2199118.3167000003], [5353216.907500001, 2202689.0275], [5338319.639799999, 2217739.3945000004], [5340814.5933, 2256088.8045000006], [5336280.7314, 2275236.1873000003], [5341408.2982, 2280944.8636000007], [5359818.047800001, 2286468.8461000007], [5375157.8499, 2323275.2777999993]]]]}}, {"type": "Feature", "properties": {"NUTS_ID": "BG42", "LEVL_CODE": 2, "CNTR_CODE": "BG", "NAME_LATN": "Yuzhen tsentralen", "NUTS_NAME": "Южен централен", "MOUNT_TYPE": 0, "URBN_TYPE": 0, "COAST_TYPE": 0, "NAME_ENGL": "Bulgaria", "NAME_FREN": "Bulgarie", "ISO3_CODE": "BGR", "SVRG_UN": "UN Member State", "CAPT": "Sofia", "EU_STAT": "T", "EFTA_STAT": "F", "CC_STAT": "F", "NAME_GERM": "Bulgarien"}, "geometry": {"type": "MultiPolygon", "coordinates": [[[[5584627.041099999, 2240552.5962000005], [5634701.7322, 2248212.6371], [5651156.768999999, 2266351.4211999997], [5687246.9263, 2242311.344799999], [5675518.538699999, 2215228.6450999994], [5650629.5156, 2165419.6841], [5647445.114700001, 2163286.583799999], [5592371.229800001, 2146859.8309000004], [5587712.9121, 2151062.0305000003], [5554204.395199999, 2149956.8691000007], [5526578.855699999, 2165242.6676000003], [5491533.976, 2156084.1009], [5489882.6138, 2172765.0299999993], [5467047.0382, 2191028.405200001], [5455583.566299999, 2223712.8592000008], [5468091.6447, 2249950.4793999996], [5479155.134500001, 2268944.3373000007], [5500977.9673, 2274347.5636], [5494265.4187, 2295306.1997999996], [5545452.646199999, 2301619.7858000007], [5566140.0371, 2269261.0732000005], [5584627.041099999, 2240552.5962000005]]]]}}, {"type": "Feature", "properties": {"NUTS_ID": "CH01", "LEVL_CODE": 2, "CNTR_CODE": "CH", "NAME_LATN": "Région lémanique", "NUTS_NAME": "Région lémanique", "MOUNT_TYPE": 0, "URBN_TYPE": 0, "COAST_TYPE": 0, "NAME_ENGL": "Switzerland", "NAME_FREN": "Suisse", "ISO3_CODE": "CHE", "SVRG_UN": "UN Member State", "CAPT": "Bern", "EU_STAT": "F", "EFTA_STAT": "T", "CC_STAT": "F", "NAME_GERM": "Schweiz"}, "geometry": {"type": "MultiPolygon", "coordinates": [[[[4075295.0209999997, 2643018.6656], [4085815.8793, 2605395.3374000005], [4108954.1669999994, 2608441.9614000004], [4106862.7985999994, 2583561.7611], [4199212.2552000005, 2616819.7974999994], [4204089.6293, 2602786.3847000003], [4196776.6841, 2594561.0877], [4156152.8649000004, 2537251.1045999993], [4155107.7885999996, 2536147.715], [4091539.9584999997, 2538951.4132000003], [4076472.880999999, 2595665.6992000006], [4048975.1100999992, 2597449.4472000003], [4031470.0842000004, 2588477.0012999997], [4025672.9941000007, 2570762.0755000003], [4008290.6635999996, 2566176.7631], [4022416.092599999, 2586011.9647000004], [4018233.3856000006, 2597241.8249999993], [4024713.6202000007, 2612631.9044000003], [4051112.1227, 2643952.642999999], [4075295.0209999997, 2643018.6656]]], [[[4095661.2630000003, 2656316.1258000005], [4098604.970899999, 2646884.1466000006], [4082123.8274000008, 2649024.7159], [4084392.1087999996, 2650665.8956000004], [4087016.4858999997, 2653698.710999999], [4092823.8720999993, 2657190.8976000007], [4095661.2630000003, 2656316.1258000005]]]]}}, {"type": "Feature", "properties": {"NUTS_ID": "CH02", "LEVL_CODE": 2, "CNTR_CODE": "CH", "NAME_LATN": "Espace Mittelland", "NUTS_NAME": "Espace Mittelland", "MOUNT_TYPE": 0, "URBN_TYPE": 0, "COAST_TYPE": 0, "NAME_ENGL": "Switzerland", "NAME_FREN": "Suisse", "ISO3_CODE": "CHE", "SVRG_UN": "UN Member State", "CAPT": "Bern", "EU_STAT": "F", "EFTA_STAT": "T", "CC_STAT": "F", "NAME_GERM": "Schweiz"}, "geometry": {"type": "MultiPolygon", "coordinates": [[[[4104716.988399999, 2714128.7832999993], [4123319.4144, 2705527.9356999993], [4133383.940300001, 2713039.7738000005], [4149712.0052000005, 2699503.3225999996], [4166845.5775000006, 2706748.1163999997], [4156280.5911, 2685979.4967], [4157239.2227999996, 2682481.107999999], [4171915.7764, 2632467.2206999995], [4202414.681399999, 2629137.7764999997], [4199212.2552000005, 2616819.7974999994], [4106862.7985999994, 2583561.7611], [4108954.1669999994, 2608441.9614000004], [4085815.8793, 2605395.3374000005], [4075295.0209999997, 2643018.6656], [4051112.1227, 2643952.642999999], [4082827.792300001, 2677478.4815999996], [4082697.7651000004, 2677681.3720999993], [4090009.1479, 2707007.728700001], [4104716.988399999, 2714128.7832999993]], [[4082123.8274000008, 2649024.7159], [4098604.970899999, 2646884.1466000006], [4095661.2630000003, 2656316.1258000005], [4092823.8720999993, 2657190.8976000007], [4087016.4858999997, 2653698.710999999], [4084392.1087999996, 2650665.8956000004], [4082123.8274000008, 2649024.7159]]]]}}, {"type": "Feature", "properties": {"NUTS_ID": "CH03", "LEVL_CODE": 2, "CNTR_CODE": "CH", "NAME_LATN": "Nordwestschweiz", "NUTS_NAME": "Nordwestschweiz", "MOUNT_TYPE": 0, "URBN_TYPE": 0, "COAST_TYPE": 0, "NAME_ENGL": "Switzerland", "NAME_FREN": "Suisse", "ISO3_CODE": "CHE", "SVRG_UN": "UN Member State", "CAPT": "Bern", "EU_STAT": "F", "EFTA_STAT": "T", "CC_STAT": "F", "NAME_GERM": "Schweiz"}, "geometry": {"type": "MultiPolygon", "coordinates": [[[[4142867.4965000004, 2719235.8000000007], [4148792.7694000006, 2716636.1911999993], [4162515.182499999, 2721450.2731999997], [4202525.681600001, 2718363.0526], [4200603.865700001, 2682897.3605000004], [4200463.715500001, 2670977.5923999995], [4189514.626, 2684169.7632], [4157239.2227999996, 2682481.107999999], [4156280.5911, 2685979.4967], [4166845.5775000006, 2706748.1163999997], [4149712.0052000005, 2699503.3225999996], [4133383.940300001, 2713039.7738000005], [4136938.8966000006, 2719812.1586000007], [4139577.4244, 2722539.9049999993], [4142867.4965000004, 2719235.8000000007]]]]}}, {"type": "Feature", "properties": {"NUTS_ID": "CH04", "LEVL_CODE": 2, "CNTR_CODE": "CH", "NAME_LATN": "Zürich", "NUTS_NAME": "Zürich", "MOUNT_TYPE": 0, "URBN_TYPE": 0, "COAST_TYPE": 0, "NAME_ENGL": "Switzerland", "NAME_FREN": "Suisse", "ISO3_CODE": "CHE", "SVRG_UN": "UN Member State", "CAPT": "Bern", "EU_STAT": "F", "EFTA_STAT": "T", "CC_STAT": "F", "NAME_GERM": "Schweiz"}, "geometry": {"type": "MultiPolygon", "coordinates": [[[[4221123.476, 2731035.9192999993], [4241167.3868, 2696373.285599999], [4230632.750499999, 2679280.6511000004], [4221786.1741, 2673104.0940000005], [4200603.865700001, 2682897.3605000004], [4202525.681600001, 2718363.0526], [4209312.1808, 2724853.3637000006], [4220591.664899999, 2731159.9717999995], [4221123.476, 2731035.9192999993]]]]}}, {"type": "Feature", "properties": {"NUTS_ID": "PL81", "LEVL_CODE": 2, "CNTR_CODE": "PL", "NAME_LATN": "Lubelskie", "NUTS_NAME": "Lubelskie", "MOUNT_TYPE": 0, "URBN_TYPE": 0, "COAST_TYPE": 0, "NAME_ENGL": "Poland", "NAME_FREN": "Pologne", "ISO3_CODE": "POL", "SVRG_UN": "UN Member State", "CAPT": "Warsaw", "EU_STAT": "T", "EFTA_STAT": "F", "CC_STAT": "F", "NAME_GERM": "Polen"}, "geometry": {"type": "MultiPolygon", "coordinates": [[[[5311677.2048, 3151424.7452000007], [5280978.566199999, 3104580.3881], [5251080.0940000005, 3113192.5854], [5216330.566500001, 3098695.6933999993], [5202773.5963, 3128036.4794999994], [5182921.2565, 3129589.9417000003], [5170646.5414, 3145623.7795], [5153176.590399999, 3144480.5182000007], [5144126.7793000005, 3173424.066400001], [5134381.4, 3220874.7678999994], [5121588.648800001, 3231369.0087], [5140030.445499999, 3276625.3287000004], [5182546.7467, 3286988.5270000007], [5211233.6339, 3322625.5721000005], [5214670.998199999, 3322722.8641999997], [5250671.5485, 3303593.9591000006], [5251592.694599999, 3262450.6114000008], [5260075.682, 3243410.1711], [5271129.0626, 3219181.101500001], [5311677.2048, 3151424.7452000007]]]]}}, {"type": "Feature", "properties": {"NUTS_ID": "PL82", "LEVL_CODE": 2, "CNTR_CODE": "PL", "NAME_LATN": "Podkarpackie", "NUTS_NAME": "Podkarpackie", "MOUNT_TYPE": 0, "URBN_TYPE": 0, "COAST_TYPE": 0, "NAME_ENGL": "Poland", "NAME_FREN": "Pologne", "ISO3_CODE": "POL", "SVRG_UN": "UN Member State", "CAPT": "Warsaw", "EU_STAT": "T", "EFTA_STAT": "F", "CC_STAT": "F", "NAME_GERM": "Polen"}, "geometry": {"type": "MultiPolygon", "coordinates": [[[[5202773.5963, 3128036.4794999994], [5216330.566500001, 3098695.6933999993], [5251080.0940000005, 3113192.5854], [5280978.566199999, 3104580.3881], [5233492.579700001, 3019106.4867000002], [5242087.6472, 2978646.089400001], [5234032.6688, 2964367.443499999], [5144084.4395, 2988537.182600001], [5127204.3091, 3024500.6137000006], [5130015.9154, 3032463.0824999996], [5116883.1589, 3052783.0298999995], [5115170.2829, 3087891.115599999], [5145312.2563000005, 3123362.5286999997], [5153176.590399999, 3144480.5182000007], [5170646.5414, 3145623.7795], [5182921.2565, 3129589.9417000003], [5202773.5963, 3128036.4794999994]]]]}}, {"type": "Feature", "properties": {"NUTS_ID": "PL84", "LEVL_CODE": 2, "CNTR_CODE": "PL", "NAME_LATN": "Podlaskie", "NUTS_NAME": "Podlaskie", "MOUNT_TYPE": 0, "URBN_TYPE": 0, "COAST_TYPE": 0, "NAME_ENGL": "Poland", "NAME_FREN": "Pologne", "ISO3_CODE": "POL", "SVRG_UN": "UN Member State", "CAPT": "Warsaw", "EU_STAT": "T", "EFTA_STAT": "F", "CC_STAT": "F", "NAME_GERM": "Polen"}, "geometry": {"type": "MultiPolygon", "coordinates": [[[[5251371.4409, 3377815.090399999], [5214670.998199999, 3322722.8641999997], [5211233.6339, 3322625.5721000005], [5156874.6832, 3349413.6073000003], [5150187.311899999, 3371505.6668999996], [5093939.529999999, 3411833.9935999997], [5088237.967499999, 3436418.407400001], [5121212.2302, 3449086.6767999995], [5147234.5865, 3478588.2238], [5152803.939200001, 3484975.8265000004], [5139652.203400001, 3524619.3663999997], [5147704.3763999995, 3546424.1741000004], [5183759.5777, 3540551.7379], [5202339.4189, 3510354.4520999994], [5212596.743899999, 3482699.7271], [5236429.878900001, 3437174.9952000007], [5250768.1742, 3400147.626], [5251371.4409, 3377815.090399999]]]]}}, {"type": "Feature", "properties": {"NUTS_ID": "PL91", "LEVL_CODE": 2, "CNTR_CODE": "PL", "NAME_LATN": "Warszawski stołeczny", "NUTS_NAME": "Warszawski stołeczny", "MOUNT_TYPE": 0, "URBN_TYPE": 0, "COAST_TYPE": 0, "NAME_ENGL": "Poland", "NAME_FREN": "Pologne", "ISO3_CODE": "POL", "SVRG_UN": "UN Member State", "CAPT": "Warsaw", "EU_STAT": "T", "EFTA_STAT": "F", "CC_STAT": "F", "NAME_GERM": "Polen"}, "geometry": {"type": "MultiPolygon", "coordinates": [[[[5133025.6757, 3286597.3567999993], [5093946.8235, 3256241.1163], [5091029.424000001, 3258588.0281000007], [5045084.811000001, 3262926.364600001], [5026664.828500001, 3303333.4729999993], [5059087.045600001, 3327806.265900001], [5071981.877599999, 3329177.8824000005], [5103753.510500001, 3334154.6294], [5133025.6757, 3286597.3567999993]]]]}}, {"type": "Feature", "properties": {"NUTS_ID": "PL92", "LEVL_CODE": 2, "CNTR_CODE": "PL", "NAME_LATN": "Mazowiecki regionalny", "NUTS_NAME": "Mazowiecki regionalny", "MOUNT_TYPE": 0, "URBN_TYPE": 0, "COAST_TYPE": 0, "NAME_ENGL": "Poland", "NAME_FREN": "Pologne", "ISO3_CODE": "POL", "SVRG_UN": "UN Member State", "CAPT": "Warsaw", "EU_STAT": "T", "EFTA_STAT": "F", "CC_STAT": "F", "NAME_GERM": "Polen"}, "geometry": {"type": "MultiPolygon", "coordinates": [[[[5156874.6832, 3349413.6073000003], [5211233.6339, 3322625.5721000005], [5182546.7467, 3286988.5270000007], [5140030.445499999, 3276625.3287000004], [5121588.648800001, 3231369.0087], [5134381.4, 3220874.7678999994], [5144126.7793000005, 3173424.066400001], [5132344.8979, 3170532.332699999], [5045154.001700001, 3188348.0420999993], [5040303.120100001, 3218295.4136999995], [5037099.4704, 3221210.7576], [5043406.3258, 3246136.6866999995], [5012254.950099999, 3274781.4114999995], [4996398.107100001, 3289545.039999999], [4951388.194, 3294005.5461999997], [4953942.8813000005, 3355720.1097], [4969568.7508000005, 3360491.0853000004], [4971833.185799999, 3382022.0867999997], [4996078.842, 3389423.2623999994], [5013803.0557, 3394924.2564000003], [5030366.127, 3403591.111300001], [5084278.8378, 3435473.022500001], [5088237.967499999, 3436418.407400001], [5093939.529999999, 3411833.9935999997], [5150187.311899999, 3371505.6668999996], [5156874.6832, 3349413.6073000003]], [[5091029.424000001, 3258588.0281000007], [5093946.8235, 3256241.1163], [5133025.6757, 3286597.3567999993], [5103753.510500001, 3334154.6294], [5071981.877599999, 3329177.8824000005], [5059087.045600001, 3327806.265900001], [5026664.828500001, 3303333.4729999993], [5045084.811000001, 3262926.364600001], [5091029.424000001, 3258588.0281000007]]]]}}, {"type": "Feature", "properties": {"NUTS_ID": "PT11", "LEVL_CODE": 2, "CNTR_CODE": "PT", "NAME_LATN": "Norte", "NUTS_NAME": "Norte", "MOUNT_TYPE": 0, "URBN_TYPE": 0, "COAST_TYPE": 0, "NAME_ENGL": "Portugal", "NAME_FREN": "Portugal", "ISO3_CODE": "PRT", "SVRG_UN": "UN Member State", "CAPT": "Lisbon", "EU_STAT": "T", "EFTA_STAT": "F", "CC_STAT": "F", "NAME_GERM": "Portugal"}, "geometry": {"type": "MultiPolygon", "coordinates": [[[[2828168.7161, 2298249.038899999], [2822605.4909000006, 2261163.0436000004], [2831796.0873000007, 2259162.0669], [2901984.571900001, 2249097.1273999996], [2921462.8126999997, 2255028.6382999998], [2947976.512700001, 2240662.4060999993], [2968508.660700001, 2201289.1238], [2947304.8771, 2172124.7914000005], [2928114.7364000008, 2166294.6163], [2904457.601, 2151677.7938], [2872386.1160000004, 2155167.6094000004], [2856393.3762999997, 2138162.506100001], [2823458.9503000006, 2169708.9168999996], [2808485.1949000005, 2169663.1472999994], [2787937.4125999995, 2149090.5035999995], [2761836.7282, 2178696.657299999], [2764565.4979, 2236104.0847999994], [2765263.257099999, 2251928.6169000007], [2767741.0801, 2281168.122199999], [2828168.7161, 2298249.038899999]]]]}}, {"type": "Feature", "properties": {"NUTS_ID": "PT15", "LEVL_CODE": 2, "CNTR_CODE": "PT", "NAME_LATN": "Algarve", "NUTS_NAME": "Algarve", "MOUNT_TYPE": 0, "URBN_TYPE": 0, "COAST_TYPE": 0, "NAME_ENGL": "Portugal", "NAME_FREN": "Portugal", "ISO3_CODE": "PRT", "SVRG_UN": "UN Member State", "CAPT": "Lisbon", "EU_STAT": "T", "EFTA_STAT": "F", "CC_STAT": "F", "NAME_GERM": "Portugal"}, "geometry": {"type": "MultiPolygon", "coordinates": [[[[2777974.267000001, 1743031.7994], [2716789.8863999993, 1743703.9405000005], [2650902.5336000007, 1770068.8133000005], [2663467.4574999996, 1801241.7698], [2699182.1717000008, 1790553.5681999996], [2723038.058700001, 1772993.5025999993], [2776212.4310999997, 1783297.5351], [2777974.267000001, 1743031.7994]]]]}}, {"type": "Feature", "properties": {"NUTS_ID": "PT16", "LEVL_CODE": 2, "CNTR_CODE": "PT", "NAME_LATN": "Centro (PT)", "NUTS_NAME": "Centro (PT)", "MOUNT_TYPE": 0, "URBN_TYPE": 0, "COAST_TYPE": 0, "NAME_ENGL": "Portugal", "NAME_FREN": "Portugal", "ISO3_CODE": "PRT", "SVRG_UN": "UN Member State", "CAPT": "Lisbon", "EU_STAT": "T", "EFTA_STAT": "F", "CC_STAT": "F", "NAME_GERM": "Portugal"}, "geometry": {"type": "MultiPolygon", "coordinates": [[[[2904457.601, 2151677.7938], [2903686.877800001, 2094913.7258000001], [2892686.5370000005, 2068076.5185000002], [2885229.647399999, 2068270.8232000005], [2868562.2829, 2012858.7808999997], [2822316.5429, 2015259.6797000002], [2795764.7534, 2007304.9482000005], [2784157.1689999998, 2008590.445699999], [2769104.5472, 1985891.7169000003], [2759414.1685000006, 1981475.5961000007], [2716101.9979999997, 2019950.0574999992], [2703825.4332999997, 2021963.7651000004], [2690472.2466, 1974158.6040000003], [2650545.8937999997, 1988702.1366000008], [2699298.2816000003, 2054638.7631], [2718974.6217, 2084386.7928999998], [2740605.9649, 2132542.3486], [2761836.7282, 2178696.657299999], [2787937.4125999995, 2149090.5035999995], [2808485.1949000005, 2169663.1472999994], [2823458.9503000006, 2169708.9168999996], [2856393.3762999997, 2138162.506100001], [2872386.1160000004, 2155167.6094000004], [2904457.601, 2151677.7938]]]]}}, {"type": "Feature", "properties": {"NUTS_ID": "PT17", "LEVL_CODE": 2, "CNTR_CODE": "PT", "NAME_LATN": "Área Metropolitana de Lisboa", "NUTS_NAME": "Área Metropolitana de Lisboa", "MOUNT_TYPE": 0, "URBN_TYPE": 0, "COAST_TYPE": 0, "NAME_ENGL": "Portugal", "NAME_FREN": "Portugal", "ISO3_CODE": "PRT", "SVRG_UN": "UN Member State", "CAPT": "Lisbon", "EU_STAT": "T", "EFTA_STAT": "F", "CC_STAT": "F", "NAME_GERM": "Portugal"}, "geometry": {"type": "MultiPolygon", "coordinates": [[[[2690472.2466, 1974158.6040000003], [2690119.832699999, 1949086.3274000008], [2716593.212099999, 1938481.8692000005], [2703602.760500001, 1917325.7222000007], [2694644.1553000007, 1915721.6198999994], [2656160.146299999, 1919937.5013999995], [2640740.7589, 1957901.7792000007], [2650545.8937999997, 1988702.1366000008], [2690472.2466, 1974158.6040000003]]]]}}, {"type": "Feature", "properties": {"NUTS_ID": "PT18", "LEVL_CODE": 2, "CNTR_CODE": "PT", "NAME_LATN": "Alentejo", "NUTS_NAME": "Alentejo", "MOUNT_TYPE": 0, "URBN_TYPE": 0, "COAST_TYPE": 0, "NAME_ENGL": "Portugal", "NAME_FREN": "Portugal", "ISO3_CODE": "PRT", "SVRG_UN": "UN Member State", "CAPT": "Lisbon", "EU_STAT": "T", "EFTA_STAT": "F", "CC_STAT": "F", "NAME_GERM": "Portugal"}, "geometry": {"type": "MultiPolygon", "coordinates": [[[[2839691.3215999994, 1967475.0245999992], [2851525.2676, 1934571.5063000005], [2830219.0867999997, 1909755.1043999996], [2817367.6576000005, 1878991.0332999993], [2825810.8137, 1846890.8708999995], [2841367.7413999997, 1845643.4425000008], [2785763.5819000006, 1800101.8616000004], [2776212.4310999997, 1783297.5351], [2723038.058700001, 1772993.5025999993], [2699182.1717000008, 1790553.5681999996], [2663467.4574999996, 1801241.7698], [2669849.727600001, 1828253.6971000005], [2694644.1553000007, 1915721.6198999994], [2703602.760500001, 1917325.7222000007], [2716593.212099999, 1938481.8692000005], [2690119.832699999, 1949086.3274000008], [2690472.2466, 1974158.6040000003], [2703825.4332999997, 2021963.7651000004], [2716101.9979999997, 2019950.0574999992], [2759414.1685000006, 1981475.5961000007], [2769104.5472, 1985891.7169000003], [2784157.1689999998, 2008590.445699999], [2795764.7534, 2007304.9482000005], [2822316.5429, 2015259.6797000002], [2839691.3215999994, 1967475.0245999992]]]]}}, {"type": "Feature", "properties": {"NUTS_ID": "PT20", "LEVL_CODE": 2, "CNTR_CODE": "PT", "NAME_LATN": "Região Autónoma dos Açores", "NUTS_NAME": "Região Autónoma dos Açores", "MOUNT_TYPE": 0, "URBN_TYPE": 0, "COAST_TYPE": 0, "NAME_ENGL": "Portugal", "NAME_FREN": "Portugal", "ISO3_CODE": "PRT", "SVRG_UN": "UN Member State", "CAPT": "Lisbon", "EU_STAT": "T", "EFTA_STAT": "F", "CC_STAT": "F", "NAME_GERM": "Portugal"}, "geometry": {"type": "MultiPolygon", "coordinates": [[[[1116797.6481999997, 2546398.1851000004], [1106892.2939, 2541137.0353999995], [1078297.1147000007, 2563485.4580000006], [1073182.3680000007, 2586915.5546000004], [1096072.137599999, 2585258.319599999], [1116797.6481999997, 2546398.1851000004]]], [[[966093.4571000002, 2765591.6624999996], [947015.4243999999, 2750559.9101], [934908.1416999996, 2758452.626], [940995.2879000008, 2778082.227499999], [954958.5254999995, 2790551.001700001], [966093.4571000002, 2765591.6624999996]]], [[[1229099.5785000008, 2526270.6525], [1220520.5826999992, 2499953.632200001], [1195408.4298, 2515726.6800999995], [1193823.1537999995, 2533253.7457999997], [1229099.5785000008, 2526270.6525]]], [[[1324518.075099999, 2336627.7377000004], [1289350.3487, 2349228.489], [1287397.6604999993, 2360453.5736999996], [1299368.1396999992, 2365967.7152999993], [1332664.5469000004, 2349395.456599999], [1324518.075099999, 2336627.7377000004]]], [[[1291097.898600001, 2364480.3784999996], [1274894.0131, 2358947.7101000007], [1267048.7685000002, 2384908.7052999996], [1283208.6887999997, 2389646.4394000005], [1291097.898600001, 2364480.3784999996]]]]}}, {"type": "Feature", "properties": {"NUTS_ID": "PT30", "LEVL_CODE": 2, "CNTR_CODE": "PT", "NAME_LATN": "Região Autónoma da Madeira", "NUTS_NAME": "Região Autónoma da Madeira", "MOUNT_TYPE": 0, "URBN_TYPE": 0, "COAST_TYPE": 0, "NAME_ENGL": "Portugal", "NAME_FREN": "Portugal", "ISO3_CODE": "PRT", "SVRG_UN": "UN Member State", "CAPT": "Lisbon", "EU_STAT": "T", "EFTA_STAT": "F", "CC_STAT": "F", "NAME_GERM": "Portugal"}, "geometry": {"type": "MultiPolygon", "coordinates": [[[[1853968.4941000007, 1202944.3419000003], [1838037.678200001, 1194547.5578000005], [1814641.4897000007, 1210606.2315999996], [1819320.080600001, 1224853.7853999995], [1835193.8515000008, 1233732.6305], [1853968.4941000007, 1202944.3419000003]]], [[[1842602.8033000007, 1509528.9200999998], [1810037.8563, 1504972.1842], [1797207.0074000005, 1529867.9174000006], [1829207.0196000002, 1529640.2830999997], [1842602.8033000007, 1509528.9200999998]]]]}}, {"type": "Feature", "properties": {"NUTS_ID": "TR22", "LEVL_CODE": 2, "CNTR_CODE": "TR", "NAME_LATN": "Balıkesir, Çanakkale", "NUTS_NAME": "Balıkesir, Çanakkale", "MOUNT_TYPE": 0, "URBN_TYPE": 0, "COAST_TYPE": 0, "NAME_ENGL": "Türkiye", "NAME_FREN": "Turquie", "ISO3_CODE": "TUR", "SVRG_UN": "UN Member State", "CAPT": "Ankara", "EU_STAT": "F", "EFTA_STAT": "F", "CC_STAT": "T", "NAME_GERM": "Türkei"}, "geometry": {"type": "MultiPolygon", "coordinates": [[[[5854053.862500001, 2107095.8665999994], [5861181.431299999, 2072131.1176999994], [5883305.9417, 2049293.2157000005], [5929720.073000001, 2037603.3344], [5940257.808, 2037902.5004999992], [5924999.807499999, 1982205.2466000002], [5889014.6844999995, 1966624.6219999995], [5850506.831700001, 1986586.2717000004], [5813242.027899999, 1978468.509299999], [5765133.607899999, 1947264.7561000008], [5760725.334899999, 1983691.8000000007], [5744714.005999999, 1984964.8693000004], [5715425.365499999, 1972078.1105000004], [5701751.8212, 1984521.3738000002], [5693475.3555, 2016894.168299999], [5706752.212300001, 2067184.2843999993], [5801743.3506000005, 2084104.5943999998], [5854053.862500001, 2107095.8665999994]]], [[[5686401.606799999, 2038433.7096999995], [5665548.799000001, 2021393.5497999992], [5647895.333699999, 2032533.9031000007], [5678158.2907, 2059036.8673999999], [5686401.606799999, 2038433.7096999995]]], [[[5731207.483999999, 2117440.9878000002], [5751528.5013, 2100720.0274], [5730188.575300001, 2106048.3146], [5729204.5054, 2109586.1379000004], [5729073.500399999, 2111401.6416999996], [5729837.5152, 2114394.3406000007], [5730711.5539, 2116727.4126999993], [5731207.483999999, 2117440.9878000002]]]]}}, {"type": "Feature", "properties": {"NUTS_ID": "TR31", "LEVL_CODE": 2, "CNTR_CODE": "TR", "NAME_LATN": "İzmir", "NUTS_NAME": "İzmir", "MOUNT_TYPE": 0, "URBN_TYPE": 0, "COAST_TYPE": 0, "NAME_ENGL": "Türkiye", "NAME_FREN": "Turquie", "ISO3_CODE": "TUR", "SVRG_UN": "UN Member State", "CAPT": "Ankara", "EU_STAT": "F", "EFTA_STAT": "F", "CC_STAT": "T", "NAME_GERM": "Türkei"}, "geometry": {"type": "MultiPolygon", "coordinates": [[[[5932346.825200001, 1865098.2369], [5836588.2962, 1816074.271400001], [5758196.4399, 1845969.5074000005], [5780870.9004, 1907184.6307999995], [5765133.607899999, 1947264.7561000008], [5813242.027899999, 1978468.509299999], [5825063.044399999, 1945073.5667000003], [5806664.2217, 1907211.7214000002], [5932346.825200001, 1865098.2369]]]]}}, {"type": "Feature", "properties": {"NUTS_ID": "TR32", "LEVL_CODE": 2, "CNTR_CODE": "TR", "NAME_LATN": "Aydın, Denizli, Muğla", "NUTS_NAME": "Aydın, Denizli, Muğla", "MOUNT_TYPE": 0, "URBN_TYPE": 0, "COAST_TYPE": 0, "NAME_ENGL": "Türkiye", "NAME_FREN": "Turquie", "ISO3_CODE": "TUR", "SVRG_UN": "UN Member State", "CAPT": "Ankara", "EU_STAT": "F", "EFTA_STAT": "F", "CC_STAT": "T", "NAME_GERM": "Türkei"}, "geometry": {"type": "MultiPolygon", "coordinates": [[[[6058849.592599999, 1916261.820699999], [6045429.4572, 1879217.8989000004], [6061465.7127, 1858131.6319999993], [6041512.420499999, 1837716.9072999991], [6047127.1095, 1817127.5187], [6036217.391000001, 1766268.4646000005], [6069641.125600001, 1769260.9295000006], [6046336.5285, 1688777.9886000007], [5969219.4427000005, 1726746.1736999992], [5921216.427100001, 1702196.0600000005], [5917612.034600001, 1728639.5223999992], [5867935.2455, 1731734.0724999998], [5859174.7631, 1770511.9892999995], [5843580.828400001, 1775482.7113000005], [5836588.2962, 1816074.271400001], [5932346.825200001, 1865098.2369], [5947527.2467, 1867160.9253000002], [5963687.315400001, 1888445.1223000009], [6020199.740499999, 1907310.3389999997], [6034566.569700001, 1934782.125], [6058849.592599999, 1916261.820699999]]]]}}, {"type": "Feature", "properties": {"NUTS_ID": "EL65", "LEVL_CODE": 2, "CNTR_CODE": "EL", "NAME_LATN": "Peloponnisos", "NUTS_NAME": "Πελοπόννησος", "MOUNT_TYPE": 0, "URBN_TYPE": 0, "COAST_TYPE": 0, "NAME_ENGL": "Greece", "NAME_FREN": "Grèce", "ISO3_CODE": "GRC", "SVRG_UN": "UN Member State", "CAPT": "Athens", "EU_STAT": "T", "EFTA_STAT": "F", "CC_STAT": "F", "NAME_GERM": "Griechenland"}, "geometry": {"type": "MultiPolygon", "coordinates": [[[[5481334.7018, 1752736.3058000002], [5479887.361500001, 1727657.3498999998], [5488661.635600001, 1713641.9921000004], [5510477.2908, 1702305.6491], [5458096.4253, 1692110.0995000005], [5479065.861500001, 1651168.1980000008], [5483653.093800001, 1616536.2424999997], [5432890.740700001, 1606388.3160999995], [5401914.7831, 1625018.6117000002], [5379499.9899, 1607846.9337000009], [5359181.243899999, 1668489.8117999993], [5382689.4003, 1683985.3808999993], [5370170.2948, 1724724.1204000004], [5385930.9672, 1717809.8813000005], [5403331.1798, 1727026.0178999994], [5407983.1646, 1761674.1608000007], [5474074.188100001, 1763692.4251000006], [5481334.7018, 1752736.3058000002]]]]}}, {"type": "Feature", "properties": {"NUTS_ID": "ES11", "LEVL_CODE": 2, "CNTR_CODE": "ES", "NAME_LATN": "Galicia", "NUTS_NAME": "Galicia", "MOUNT_TYPE": 0, "URBN_TYPE": 0, "COAST_TYPE": 0, "NAME_ENGL": "Spain", "NAME_FREN": "Espagne", "ISO3_CODE": "ESP", "SVRG_UN": "UN Member State", "CAPT": "Madrid", "EU_STAT": "T", "EFTA_STAT": "F", "CC_STAT": "F", "NAME_GERM": "Spanien"}, "geometry": {"type": "MultiPolygon", "coordinates": [[[[2956202.5001, 2354584.1778999995], [2926589.3499999996, 2315020.3358999994], [2938602.4508999996, 2292401.0276999995], [2944189.9134, 2281962.3007999994], [2921462.8126999997, 2255028.6382999998], [2901984.571900001, 2249097.1273999996], [2831796.0873000007, 2259162.0669], [2822605.4909000006, 2261163.0436000004], [2828168.7161, 2298249.038899999], [2767741.0801, 2281168.122199999], [2785736.7751, 2329544.0899], [2799517.0140000004, 2366660.8057000004], [2779356.7490999997, 2365202.441400001], [2768931.5584999993, 2408013.3790000007], [2777570.198999999, 2417446.5478000008], [2793854.0087, 2435304.5789], [2823820.7687, 2434649.0449], [2849078.9859999996, 2434213.8176000006], [2906664.9859999996, 2459935.7007999998], [2912845.0681, 2451346.838199999], [2954461.5582999997, 2426794.9991999995], [2947304.2455, 2404511.3374000005], [2956202.5001, 2354584.1778999995]]]]}}, {"type": "Feature", "properties": {"NUTS_ID": "ES12", "LEVL_CODE": 2, "CNTR_CODE": "ES", "NAME_LATN": "Principado de Asturias", "NUTS_NAME": "Principado de Asturias", "MOUNT_TYPE": 0, "URBN_TYPE": 0, "COAST_TYPE": 0, "NAME_ENGL": "Spain", "NAME_FREN": "Espagne", "ISO3_CODE": "ESP", "SVRG_UN": "UN Member State", "CAPT": "Madrid", "EU_STAT": "T", "EFTA_STAT": "F", "CC_STAT": "F", "NAME_GERM": "Spanien"}, "geometry": {"type": "MultiPolygon", "coordinates": [[[[3150432.1084000003, 2367561.8840999994], [3142052.5151000004, 2362588.8060999997], [3133221.030099999, 2357367.1982000005], [3119952.0965, 2349559.6811999995], [3058387.8099000007, 2350926.3035000004], [2956202.5001, 2354584.1778999995], [2947304.2455, 2404511.3374000005], [2954461.5582999997, 2426794.9991999995], [3048810.573999999, 2413341.8238999993], [3150432.1084000003, 2367561.8840999994]]]]}}, {"type": "Feature", "properties": {"NUTS_ID": "ES13", "LEVL_CODE": 2, "CNTR_CODE": "ES", "NAME_LATN": "Cantabria", "NUTS_NAME": "Cantabria", "MOUNT_TYPE": 0, "URBN_TYPE": 0, "COAST_TYPE": 0, "NAME_ENGL": "Spain", "NAME_FREN": "Espagne", "ISO3_CODE": "ESP", "SVRG_UN": "UN Member State", "CAPT": "Madrid", "EU_STAT": "T", "EFTA_STAT": "F", "CC_STAT": "F", "NAME_GERM": "Spanien"}, "geometry": {"type": "MultiPolygon", "coordinates": [[[[3257969.7192, 2342918.488500001], [3255850.8927999996, 2341203.9812000003], [3232789.2897999994, 2322638.6021999996], [3214124.8494000006, 2321922.5023999996], [3179180.033500001, 2291421.2546999995], [3125001.4101, 2330449.2777999993], [3119952.0965, 2349559.6811999995], [3133221.030099999, 2357367.1982000005], [3142052.5151000004, 2362588.8060999997], [3150432.1084000003, 2367561.8840999994], [3241371.8056000005, 2352092.7432000004], [3257969.7192, 2342918.488500001]]]]}}, {"type": "Feature", "properties": {"NUTS_ID": "ES21", "LEVL_CODE": 2, "CNTR_CODE": "ES", "NAME_LATN": "País Vasco", "NUTS_NAME": "País Vasco", "MOUNT_TYPE": 0, "URBN_TYPE": 0, "COAST_TYPE": 0, "NAME_ENGL": "Spain", "NAME_FREN": "Espagne", "ISO3_CODE": "ESP", "SVRG_UN": "UN Member State", "CAPT": "Madrid", "EU_STAT": "T", "EFTA_STAT": "F", "CC_STAT": "F", "NAME_GERM": "Spanien"}, "geometry": {"type": "MultiPolygon", "coordinates": [[[[3288670.385500001, 2346255.619999999], [3313142.3012000006, 2331293.032299999], [3340071.2053999994, 2326830.8924000002], [3358653.794399999, 2325035.2841999996], [3367335.8532, 2324216.1876], [3368407.7152999993, 2322270.5248000007], [3371028.6866999995, 2317520.1096], [3355769.6389000006, 2305776.7699999996], [3322410.9400999993, 2280361.8837], [3311948.6470999997, 2258878.9476999994], [3301776.1262999997, 2238082.565199999], [3274281.9789000005, 2256745.6655], [3288193.0604999997, 2270295.9262000006], [3252005.6481, 2283257.1106000002], [3255442.84, 2321747.763699999], [3232789.2897999994, 2322638.6021999996], [3255850.8927999996, 2341203.9812000003], [3257969.7192, 2342918.488500001], [3288670.385500001, 2346255.619999999]]]]}}, {"type": "Feature", "properties": {"NUTS_ID": "ES22", "LEVL_CODE": 2, "CNTR_CODE": "ES", "NAME_LATN": "Comunidad Foral de Navarra", "NUTS_NAME": "Comunidad Foral de Navarra", "MOUNT_TYPE": 0, "URBN_TYPE": 0, "COAST_TYPE": 0, "NAME_ENGL": "Spain", "NAME_FREN": "Espagne", "ISO3_CODE": "ESP", "SVRG_UN": "UN Member State", "CAPT": "Madrid", "EU_STAT": "T", "EFTA_STAT": "F", "CC_STAT": "F", "NAME_GERM": "Spanien"}, "geometry": {"type": "MultiPolygon", "coordinates": [[[[3446154.712200001, 2264004.4198000003], [3437767.1578, 2258312.4860999994], [3429203.4495, 2246575.6614999995], [3369175.6228, 2184039.8992999997], [3340602.7939999998, 2177688.5304000005], [3338861.2402, 2192077.7402], [3336381.2084, 2212852.9113], [3320894.9299, 2224094.0933999997], [3301776.1262999997, 2238082.565199999], [3311948.6470999997, 2258878.9476999994], [3322410.9400999993, 2280361.8837], [3355769.6389000006, 2305776.7699999996], [3371028.6866999995, 2317520.1096], [3393705.6569999997, 2309700.1274999995], [3446154.712200001, 2264004.4198000003]]]]}}, {"type": "Feature", "properties": {"NUTS_ID": "ES23", "LEVL_CODE": 2, "CNTR_CODE": "ES", "NAME_LATN": "La Rioja", "NUTS_NAME": "La Rioja", "MOUNT_TYPE": 0, "URBN_TYPE": 0, "COAST_TYPE": 0, "NAME_ENGL": "Spain", "NAME_FREN": "Espagne", "ISO3_CODE": "ESP", "SVRG_UN": "UN Member State", "CAPT": "Madrid", "EU_STAT": "T", "EFTA_STAT": "F", "CC_STAT": "F", "NAME_GERM": "Spanien"}, "geometry": {"type": "MultiPolygon", "coordinates": [[[[3301776.1262999997, 2238082.565199999], [3320894.9299, 2224094.0933999997], [3336381.2084, 2212852.9113], [3338861.2402, 2192077.7402], [3340602.7939999998, 2177688.5304000005], [3339164.6708000004, 2173247.9261000007], [3253551.0661999993, 2193820.4492000006], [3249596.5955, 2224205.5407], [3255332.4002, 2235172.0746999998], [3274281.9789000005, 2256745.6655], [3301776.1262999997, 2238082.565199999]]]]}}, {"type": "Feature", "properties": {"NUTS_ID": "ES24", "LEVL_CODE": 2, "CNTR_CODE": "ES", "NAME_LATN": "Aragón", "NUTS_NAME": "Aragón", "MOUNT_TYPE": 0, "URBN_TYPE": 0, "COAST_TYPE": 0, "NAME_ENGL": "Spain", "NAME_FREN": "Espagne", "ISO3_CODE": "ESP", "SVRG_UN": "UN Member State", "CAPT": "Madrid", "EU_STAT": "T", "EFTA_STAT": "F", "CC_STAT": "F", "NAME_GERM": "Spanien"}, "geometry": {"type": "MultiPolygon", "coordinates": [[[[3498096.7468, 2050131.1634], [3489478.1235000007, 2013464.2942999993], [3461634.3203, 2018208.4140000008], [3447270.5878999997, 1996332.6662000008], [3395896.5285, 1931187.1455000006], [3344584.6417999994, 1968319.6502], [3318343.6432000007, 2000696.9396000002], [3342725.3554, 2058005.5736999996], [3329917.9312999994, 2068836.5940000005], [3321774.3222000003, 2075756.6346000005], [3309793.2765999995, 2085984.7526999991], [3333658.174799999, 2156811.2749000005], [3339164.6708000004, 2173247.9261000007], [3340602.7939999998, 2177688.5304000005], [3369175.6228, 2184039.8992999997], [3429203.4495, 2246575.6614999995], [3437767.1578, 2258312.4860999994], [3446154.712200001, 2264004.4198000003], [3478445.4934, 2251519.461100001], [3540709.943499999, 2226544.1711], [3555449.739, 2223671.0808000006], [3548575.443600001, 2191240.7829], [3512138.6203000005, 2085822.6787], [3514609.2875999995, 2071150.8484000005], [3498096.7468, 2050131.1634]]]]}}, {"type": "Feature", "properties": {"NUTS_ID": "ES30", "LEVL_CODE": 2, "CNTR_CODE": "ES", "NAME_LATN": "Comunidad de Madrid", "NUTS_NAME": "Comunidad de Madrid", "MOUNT_TYPE": 0, "URBN_TYPE": 0, "COAST_TYPE": 0, "NAME_ENGL": "Spain", "NAME_FREN": "Espagne", "ISO3_CODE": "ESP", "SVRG_UN": "UN Member State", "CAPT": "Madrid", "EU_STAT": "T", "EFTA_STAT": "F", "CC_STAT": "F", "NAME_GERM": "Spanien"}, "geometry": {"type": "MultiPolygon", "coordinates": [[[[3208186.1379000004, 1992004.4617999997], [3198669.207800001, 1983222.7755999994], [3180205.6624999996, 1982995.864], [3160926.5731000006, 1982815.5780999996], [3112603.7249, 2022663.0287999995], [3082330.612400001, 2021947.4032000005], [3109906.5624, 2051756.5200999994], [3112313.4537000004, 2064694.7893000003], [3186712.0832, 2109110.6219999995], [3194428.205600001, 2070149.2789999992], [3201576.1692999993, 2034853.6500000004], [3208186.1379000004, 1992004.4617999997]]]]}}, {"type": "Feature", "properties": {"NUTS_ID": "ES41", "LEVL_CODE": 2, "CNTR_CODE": "ES", "NAME_LATN": "Castilla y León", "NUTS_NAME": "Castilla y León", "MOUNT_TYPE": 0, "URBN_TYPE": 0, "COAST_TYPE": 0, "NAME_ENGL": "Spain", "NAME_FREN": "Espagne", "ISO3_CODE": "ESP", "SVRG_UN": "UN Member State", "CAPT": "Madrid", "EU_STAT": "T", "EFTA_STAT": "F", "CC_STAT": "F", "NAME_GERM": "Spanien"}, "geometry": {"type": "MultiPolygon", "coordinates": [[[[3125001.4101, 2330449.2777999993], [3179180.033500001, 2291421.2546999995], [3214124.8494000006, 2321922.5023999996], [3232789.2897999994, 2322638.6021999996], [3255442.84, 2321747.763699999], [3252005.6481, 2283257.1106000002], [3288193.0604999997, 2270295.9262000006], [3274281.9789000005, 2256745.6655], [3255332.4002, 2235172.0746999998], [3249596.5955, 2224205.5407], [3253551.0661999993, 2193820.4492000006], [3339164.6708000004, 2173247.9261000007], [3333658.174799999, 2156811.2749000005], [3309793.2765999995, 2085984.7526999991], [3250526.886600001, 2107067.690199999], [3216694.6161, 2119410.3796999995], [3201673.5073000006, 2114228.620100001], [3186712.0832, 2109110.6219999995], [3112313.4537000004, 2064694.7893000003], [3109906.5624, 2051756.5200999994], [3082330.612400001, 2021947.4032000005], [3016925.4077000003, 2023619.7885999996], [2987053.6932999995, 2050028.6934999991], [2949945.8896999992, 2074609.9573], [2892686.5370000005, 2068076.5185000002], [2903686.877800001, 2094913.7258000001], [2904457.601, 2151677.7938], [2928114.7364000008, 2166294.6163], [2947304.8771, 2172124.7914000005], [2968508.660700001, 2201289.1238], [2947976.512700001, 2240662.4060999993], [2921462.8126999997, 2255028.6382999998], [2944189.9134, 2281962.3007999994], [2938602.4508999996, 2292401.0276999995], [2926589.3499999996, 2315020.3358999994], [2956202.5001, 2354584.1778999995], [3058387.8099000007, 2350926.3035000004], [3119952.0965, 2349559.6811999995], [3125001.4101, 2330449.2777999993]]]]}}, {"type": "Feature", "properties": {"NUTS_ID": "ES42", "LEVL_CODE": 2, "CNTR_CODE": "ES", "NAME_LATN": "Castilla-La Mancha", "NUTS_NAME": "Castilla-La Mancha", "MOUNT_TYPE": 0, "URBN_TYPE": 0, "COAST_TYPE": 0, "NAME_ENGL": "Spain", "NAME_FREN": "Espagne", "ISO3_CODE": "ESP", "SVRG_UN": "UN Member State", "CAPT": "Madrid", "EU_STAT": "T", "EFTA_STAT": "F", "CC_STAT": "F", "NAME_GERM": "Spanien"}, "geometry": {"type": "MultiPolygon", "coordinates": [[[[3344584.6417999994, 1968319.6502], [3357944.3276000004, 1934335.3872999996], [3328750.6482999995, 1889372.1570999995], [3350207.028000001, 1873027.4684999995], [3349044.2430000007, 1842869.3644999992], [3368962.6042, 1812557.920499999], [3358646.9791, 1799734.674900001], [3332127.613399999, 1806749.2947000004], [3309866.1900999993, 1777570.6357000005], [3287242.7782000005, 1768696.984099999], [3277148.1588000003, 1764768.9104999993], [3234890.708799999, 1748534.0275999997], [3217566.8117999993, 1757885.6275999993], [3224326.1675000004, 1788861.2930999994], [3206655.1525999997, 1809949.3696999997], [3152521.8545999993, 1810887.1472999994], [3073284.0786000006, 1813057.6834999993], [3013685.8264000006, 1867697.3472000007], [3046686.1077999994, 1920718.6878999993], [3035808.057499999, 1938391.6556000002], [3034807.8213, 1938577.329500001], [3011296.4086000007, 1996848.8428000007], [3016925.4077000003, 2023619.7885999996], [3082330.612400001, 2021947.4032000005], [3112603.7249, 2022663.0287999995], [3160926.5731000006, 1982815.5780999996], [3180205.6624999996, 1982995.864], [3198669.207800001, 1983222.7755999994], [3208186.1379000004, 1992004.4617999997], [3201576.1692999993, 2034853.6500000004], [3194428.205600001, 2070149.2789999992], [3186712.0832, 2109110.6219999995], [3201673.5073000006, 2114228.620100001], [3216694.6161, 2119410.3796999995], [3250526.886600001, 2107067.690199999], [3309793.2765999995, 2085984.7526999991], [3321774.3222000003, 2075756.6346000005], [3329917.9312999994, 2068836.5940000005], [3342725.3554, 2058005.5736999996], [3318343.6432000007, 2000696.9396000002], [3344584.6417999994, 1968319.6502]]]]}}, {"type": "Feature", "properties": {"NUTS_ID": "ES43", "LEVL_CODE": 2, "CNTR_CODE": "ES", "NAME_LATN": "Extremadura", "NUTS_NAME": "Extremadura", "MOUNT_TYPE": 0, "URBN_TYPE": 0, "COAST_TYPE": 0, "NAME_ENGL": "Spain", "NAME_FREN": "Espagne", "ISO3_CODE": "ESP", "SVRG_UN": "UN Member State", "CAPT": "Madrid", "EU_STAT": "T", "EFTA_STAT": "F", "CC_STAT": "F", "NAME_GERM": "Spanien"}, "geometry": {"type": "MultiPolygon", "coordinates": [[[[3011296.4086000007, 1996848.8428000007], [3034807.8213, 1938577.329500001], [3035808.057499999, 1938391.6556000002], [3046686.1077999994, 1920718.6878999993], [3013685.8264000006, 1867697.3472000007], [2969174.4506, 1845375.6714999992], [2955595.16, 1812174.2807999998], [2900309.0726999994, 1802349.4406000003], [2841367.7413999997, 1845643.4425000008], [2825810.8137, 1846890.8708999995], [2817367.6576000005, 1878991.0332999993], [2830219.0867999997, 1909755.1043999996], [2851525.2676, 1934571.5063000005], [2839691.3215999994, 1967475.0245999992], [2822316.5429, 2015259.6797000002], [2868562.2829, 2012858.7808999997], [2885229.647399999, 2068270.8232000005], [2892686.5370000005, 2068076.5185000002], [2949945.8896999992, 2074609.9573], [2987053.6932999995, 2050028.6934999991], [3016925.4077000003, 2023619.7885999996], [3011296.4086000007, 1996848.8428000007]]]]}}, {"type": "Feature", "properties": {"NUTS_ID": "ES51", "LEVL_CODE": 2, "CNTR_CODE": "ES", "NAME_LATN": "Cataluña", "NUTS_NAME": "Cataluña", "MOUNT_TYPE": 0, "URBN_TYPE": 0, "COAST_TYPE": 0, "NAME_ENGL": "Spain", "NAME_FREN": "Espagne", "ISO3_CODE": "ESP", "SVRG_UN": "UN Member State", "CAPT": "Madrid", "EU_STAT": "T", "EFTA_STAT": "F", "CC_STAT": "F", "NAME_GERM": "Spanien"}, "geometry": {"type": "MultiPolygon", "coordinates": [[[[3618228.6633, 2206417.9881999996], [3621045.8857000005, 2191586.128900001], [3640254.1414, 2192873.1951], [3640544.7918999996, 2191503.195699999], [3758412.626, 2173293.2490999997], [3745684.4419, 2120436.249500001], [3718113.155200001, 2089575.7193999998], [3618795.3077000007, 2049423.9584], [3556316.2591999993, 2032334.2839000002], [3538321.442500001, 2011972.7665999997], [3515777.0196, 1986674.8182999995], [3489478.1235000007, 2013464.2942999993], [3498096.7468, 2050131.1634], [3514609.2875999995, 2071150.8484000005], [3512138.6203000005, 2085822.6787], [3548575.443600001, 2191240.7829], [3555449.739, 2223671.0808000006], [3563128.5130000003, 2229190.7112000007], [3573288.5988999996, 2236521.7369], [3610160.1626999993, 2218084.5045999996], [3618228.6633, 2206417.9881999996]]]]}}, {"type": "Feature", "properties": {"NUTS_ID": "ES52", "LEVL_CODE": 2, "CNTR_CODE": "ES", "NAME_LATN": "Comunitat Valenciana", "NUTS_NAME": "Comunitat Valenciana", "MOUNT_TYPE": 0, "URBN_TYPE": 0, "COAST_TYPE": 0, "NAME_ENGL": "Spain", "NAME_FREN": "Espagne", "ISO3_CODE": "ESP", "SVRG_UN": "UN Member State", "CAPT": "Madrid", "EU_STAT": "T", "EFTA_STAT": "F", "CC_STAT": "F", "NAME_GERM": "Spanien"}, "geometry": {"type": "MultiPolygon", "coordinates": [[[[3515777.0196, 1986674.8182999995], [3445577.7430000007, 1906510.609099999], [3431717.7398000006, 1869960.1678999998], [3447420.7983999997, 1813123.3479999993], [3460823.1437, 1791282.0977999996], [3406426.3587999996, 1762027.7755999994], [3370291.3166000005, 1707909.2694000006], [3351015.0646, 1750285.6114000008], [3358646.9791, 1799734.674900001], [3368962.6042, 1812557.920499999], [3349044.2430000007, 1842869.3644999992], [3350207.028000001, 1873027.4684999995], [3328750.6482999995, 1889372.1570999995], [3357944.3276000004, 1934335.3872999996], [3344584.6417999994, 1968319.6502], [3395896.5285, 1931187.1455000006], [3447270.5878999997, 1996332.6662000008], [3461634.3203, 2018208.4140000008], [3489478.1235000007, 2013464.2942999993], [3515777.0196, 1986674.8182999995]]]]}}, {"type": "Feature", "properties": {"NUTS_ID": "ES53", "LEVL_CODE": 2, "CNTR_CODE": "ES", "NAME_LATN": "Illes Balears", "NUTS_NAME": "Illes Balears", "MOUNT_TYPE": 0, "URBN_TYPE": 0, "COAST_TYPE": 0, "NAME_ENGL": "Spain", "NAME_FREN": "Espagne", "ISO3_CODE": "ESP", "SVRG_UN": "UN Member State", "CAPT": "Madrid", "EU_STAT": "T", "EFTA_STAT": "F", "CC_STAT": "F", "NAME_GERM": "Spanien"}, "geometry": {"type": "MultiPolygon", "coordinates": [[[[3722706.4079, 1898039.2884999998], [3731040.7194999997, 1879794.6481999997], [3748220.9123, 1879825.1542000007], [3756255.0975, 1864875.0741000008], [3734530.7139, 1834377.9974000007], [3718504.1807000004, 1825568.6118], [3697085.4814, 1838182.2444000002], [3685691.3013000004, 1861505.6067999993], [3675220.1215000004, 1850663.7595000006], [3666499.883300001, 1865968.3651], [3700964.147399999, 1891478.3967000004], [3722706.4079, 1898039.2884999998]]], [[[3588739.0264, 1813043.897500001], [3569606.5536, 1788720.7510000002], [3548589.0701, 1799185.7504999992], [3560772.0286, 1820484.6421000008], [3588739.0264, 1813043.897500001]]], [[[3838965.128900001, 1880982.3159999996], [3821291.6811999995, 1875259.8915], [3798550.3234, 1899270.0248000007], [3820936.3209000006, 1909529.2749000005], [3838965.128900001, 1880982.3159999996]]]]}}, {"type": "Feature", "properties": {"NUTS_ID": "ES61", "LEVL_CODE": 2, "CNTR_CODE": "ES", "NAME_LATN": "Andalucía", "NUTS_NAME": "Andalucía", "MOUNT_TYPE": 0, "URBN_TYPE": 0, "COAST_TYPE": 0, "NAME_ENGL": "Spain", "NAME_FREN": "Espagne", "ISO3_CODE": "ESP", "SVRG_UN": "UN Member State", "CAPT": "Madrid", "EU_STAT": "T", "EFTA_STAT": "F", "CC_STAT": "F", "NAME_GERM": "Spanien"}, "geometry": {"type": "MultiPolygon", "coordinates": [[[[3013685.8264000006, 1867697.3472000007], [3073284.0786000006, 1813057.6834999993], [3152521.8545999993, 1810887.1472999994], [3206655.1525999997, 1809949.3696999997], [3224326.1675000004, 1788861.2930999994], [3217566.8117999993, 1757885.6275999993], [3234890.708799999, 1748534.0275999997], [3244841.680400001, 1734683.769200001], [3259751.3783, 1725347.9297000002], [3258514.844900001, 1707629.3380999994], [3267375.2402999997, 1695188.288899999], [3275445.999500001, 1683910.2323000003], [3287208.5506999996, 1667564.6730000004], [3270542.1349, 1648420.2855999991], [3259019.3167000003, 1635251.5614999998], [3236982.2836000007, 1610217.8969], [3175488.4696999993, 1617310.9110000003], [3144922.6086, 1621046.3414999992], [3123117.7705000006, 1624308.2484000009], [3087263.7814000007, 1629828.3533999994], [3033301.7106, 1635460.8302999996], [2948813.8093, 1608501.5980999991], [2938041.8399, 1592776.9705999997], [2936959.989499999, 1593056.5219], [2935429.5359000005, 1593682.6921999995], [2930860.5483, 1595972.1827000007], [2927031.2744999994, 1585948.0746], [2912633.832699999, 1582546.5112999994], [2896409.0803999994, 1593439.6593999993], [2888152.7097999994, 1605791.4318000004], [2877072.045600001, 1609936.5909000002], [2853957.317, 1668880.8277000003], [2853475.7518000007, 1676543.7486000005], [2862160.9350000005, 1681571.7458999995], [2817387.2651000004, 1732249.2284999993], [2777974.267000001, 1743031.7994], [2776212.4310999997, 1783297.5351], [2785763.5819000006, 1800101.8616000004], [2841367.7413999997, 1845643.4425000008], [2900309.0726999994, 1802349.4406000003], [2955595.16, 1812174.2807999998], [2969174.4506, 1845375.6714999992], [3013685.8264000006, 1867697.3472000007]]]]}}, {"type": "Feature", "properties": {"NUTS_ID": "ES62", "LEVL_CODE": 2, "CNTR_CODE": "ES", "NAME_LATN": "Región de Murcia", "NUTS_NAME": "Región de Murcia", "MOUNT_TYPE": 0, "URBN_TYPE": 0, "COAST_TYPE": 0, "NAME_ENGL": "Spain", "NAME_FREN": "Espagne", "ISO3_CODE": "ESP", "SVRG_UN": "UN Member State", "CAPT": "Madrid", "EU_STAT": "T", "EFTA_STAT": "F", "CC_STAT": "F", "NAME_GERM": "Spanien"}, "geometry": {"type": "MultiPolygon", "coordinates": [[[[3358646.9791, 1799734.674900001], [3351015.0646, 1750285.6114000008], [3370291.3166000005, 1707909.2694000006], [3287208.5506999996, 1667564.6730000004], [3275445.999500001, 1683910.2323000003], [3267375.2402999997, 1695188.288899999], [3258514.844900001, 1707629.3380999994], [3259751.3783, 1725347.9297000002], [3244841.680400001, 1734683.769200001], [3234890.708799999, 1748534.0275999997], [3277148.1588000003, 1764768.9104999993], [3287242.7782000005, 1768696.984099999], [3309866.1900999993, 1777570.6357000005], [3332127.613399999, 1806749.2947000004], [3358646.9791, 1799734.674900001]]]]}}, {"type": "Feature", "properties": {"NUTS_ID": "ES63", "LEVL_CODE": 2, "CNTR_CODE": "ES", "NAME_LATN": "Ciudad de Ceuta", "NUTS_NAME": "Ciudad de Ceuta", "MOUNT_TYPE": 0, "URBN_TYPE": 0, "COAST_TYPE": 0, "NAME_ENGL": "Spain", "NAME_FREN": "Espagne", "ISO3_CODE": "ESP", "SVRG_UN": "UN Member State", "CAPT": "Madrid", "EU_STAT": "T", "EFTA_STAT": "F", "CC_STAT": "F", "NAME_GERM": "Spanien"}, "geometry": {"type": "MultiPolygon", "coordinates": [[[[2932473.420600001, 1566453.7273999993], [2933352.5614, 1564854.4441999998], [2934436.8531, 1565167.7334000003], [2935189.394200001, 1563888.6918000001], [2936389.9119000006, 1564074.5416], [2936893.6021, 1564789.0945999995], [2937874.6883000005, 1565146.3714000005], [2938533.3062999994, 1564338.2774999999], [2938365.7852, 1563875.1765], [2937579.1917000003, 1563525.7830999997], [2935840.2689999994, 1563195.9510999992], [2934673.1421000008, 1563595.8603000008], [2933781.5253999997, 1562986.5468000006], [2932889.942, 1563031.8134000003], [2932255.162799999, 1562345.8067000005], [2929629.6896, 1567615.6918000001], [2930066.1142999995, 1567858.0932999998], [2931211.384400001, 1567705.1435000002], [2932473.420600001, 1566453.7273999993]]]]}}, {"type": "Feature", "properties": {"NUTS_ID": "ES64", "LEVL_CODE": 2, "CNTR_CODE": "ES", "NAME_LATN": "Ciudad de Melilla", "NUTS_NAME": "Ciudad de Melilla", "MOUNT_TYPE": 0, "URBN_TYPE": 0, "COAST_TYPE": 0, "NAME_ENGL": "Spain", "NAME_FREN": "Espagne", "ISO3_CODE": "ESP", "SVRG_UN": "UN Member State", "CAPT": "Madrid", "EU_STAT": "T", "EFTA_STAT": "F", "CC_STAT": "F", "NAME_GERM": "Spanien"}, "geometry": {"type": "MultiPolygon", "coordinates": [[[[3138029.0790999997, 1458217.8237999994], [3138377.2391, 1457596.9024999999], [3135234.5297, 1459882.0632000007], [3137230.7940999996, 1462498.6922999993], [3137738.7519000005, 1461778.8937], [3137650.3462000005, 1461082.0842000004], [3138659.9242000002, 1459316.1362999994], [3138269.2108999994, 1459153.958900001], [3138029.0790999997, 1458217.8237999994]]]]}}, {"type": "Feature", "properties": {"NUTS_ID": "ES70", "LEVL_CODE": 2, "CNTR_CODE": "ES", "NAME_LATN": "Canarias", "NUTS_NAME": "Canarias", "MOUNT_TYPE": 0, "URBN_TYPE": 0, "COAST_TYPE": 0, "NAME_ENGL": "Spain", "NAME_FREN": "Espagne", "ISO3_CODE": "ESP", "SVRG_UN": "UN Member State", "CAPT": "Madrid", "EU_STAT": "T", "EFTA_STAT": "F", "CC_STAT": "F", "NAME_GERM": "Spanien"}, "geometry": {"type": "MultiPolygon", "coordinates": [[[[1723459.5716999993, 1019578.6360999998], [1692639.6500000004, 1014039.2190000005], [1682399.5919000003, 1057541.9925999995], [1722227.0427, 1051010.103599999], [1746193.5901999995, 1061236.0130000003], [1753729.6879999992, 1052902.023], [1723459.5716999993, 1019578.6360999998]]], [[[1814438.5451999996, 953782.2973999996], [1789087.0903999992, 947345.0979999993], [1772632.1963, 981875.4482000005], [1791896.8366, 997296.1522000004], [1818872.7493999992, 987496.432], [1814438.5451999996, 953782.2973999996]]], [[[1964513.9485, 948550.5579000004], [1931568.7359999996, 955532.3500999995], [1961995.0271000005, 993182.7197999991], [1982538.2741, 1007561.6933999993], [1984500.1623999998, 985518.6319999993], [1964513.9485, 948550.5579000004]]], [[[1612654.2448999994, 1105484.8818999995], [1597702.3212000001, 1104943.7704000007], [1592112.5534000006, 1142120.8642999995], [1620686.2434, 1140531.5742000006], [1612654.2448999994, 1105484.8818999995]]], [[[2029313.1416999996, 1016347.2753999997], [1991218.946799999, 1011806.3322999999], [1986069.0188999996, 1022690.4092999995], [1990694.7049000002, 1032248.4496], [2031136.8760000002, 1033415.6938000005], [2029313.1416999996, 1016347.2753999997]]], [[[1585170.5584999993, 1035473.9146999996], [1559760.7599, 1011300.0434000008], [1537515.9993999992, 1036397.8071999997], [1580979.5755000003, 1044201.2429000009], [1585170.5584999993, 1035473.9146999996]]], [[[1666965.2700999994, 1031551.4308000002], [1639470.9330000002, 1026624.7515999991], [1626955.9088000003, 1047081.8443999998], [1647278.3397000004, 1063146.1845999993], [1666965.2700999994, 1031551.4308000002]]]]}}, {"type": "Feature", "properties": {"NUTS_ID": "FI19", "LEVL_CODE": 2, "CNTR_CODE": "FI", "NAME_LATN": "Länsi-Suomi", "NUTS_NAME": "Länsi-Suomi", "MOUNT_TYPE": 0, "URBN_TYPE": 0, "COAST_TYPE": 0, "NAME_ENGL": "Finland", "NAME_FREN": "Finlande", "ISO3_CODE": "FIN", "SVRG_UN": "UN Member State", "CAPT": "Helsinki", "EU_STAT": "T", "EFTA_STAT": "F", "CC_STAT": "F", "NAME_GERM": "Finnland"}, "geometry": {"type": "MultiPolygon", "coordinates": [[[[5004386.7173, 4542254.556399999], [5043288.4449000005, 4520198.721100001], [5068066.7859000005, 4564390.648800001], [5078296.6368, 4580580.2741], [5121734.515699999, 4576535.6215], [5141587.410800001, 4513923.4045], [5177667.665899999, 4474784.359300001], [5166125.8838, 4434495.602600001], [5185761.856000001, 4390663.0953], [5180918.0112, 4378692.8780000005], [5153014.2717, 4387344.554300001], [5115305.119000001, 4345784.8562], [5115479.8521, 4331472.732899999], [5088316.525, 4316350.1083], [5057887.3322, 4283492.4769], [5032376.6248, 4277844.772299999], [5019404.889, 4280171.4287], [4974941.7403, 4258158.0514], [4957658.261499999, 4268141.012499999], [4936923.693700001, 4266002.3083999995], [4936631.214199999, 4321581.8928], [4914878.0491, 4364837.4351], [4889603.577, 4446256.645300001], [4885968.065099999, 4486648.1655], [4960842.423900001, 4587133.144400001], [4987872.2864, 4573446.6842], [5004386.7173, 4542254.556399999]]]]}}, {"type": "Feature", "properties": {"NUTS_ID": "FI1B", "LEVL_CODE": 2, "CNTR_CODE": "FI", "NAME_LATN": "Helsinki-Uusimaa", "NUTS_NAME": "Helsinki-Uusimaa", "MOUNT_TYPE": 0, "URBN_TYPE": 0, "COAST_TYPE": 0, "NAME_ENGL": "Finland", "NAME_FREN": "Finlande", "ISO3_CODE": "FIN", "SVRG_UN": "UN Member State", "CAPT": "Helsinki", "EU_STAT": "T", "EFTA_STAT": "F", "CC_STAT": "F", "NAME_GERM": "Finnland"}, "geometry": {"type": "MultiPolygon", "coordinates": [[[[5198275.404999999, 4285300.5177], [5220201.3555, 4271737.439300001], [5218623.9695999995, 4259109.271199999], [5072006.100400001, 4157718.8603000008], [5046107.8858, 4154066.092], [5041165.411, 4175348.3124], [5069945.5254, 4203519.7927], [5077919.311799999, 4246813.4725], [5119994.0079, 4251726.677999999], [5138475.8325, 4278694.940099999], [5189170.293, 4278276.2029], [5198275.404999999, 4285300.5177]]]]}}, {"type": "Feature", "properties": {"NUTS_ID": "FI1C", "LEVL_CODE": 2, "CNTR_CODE": "FI", "NAME_LATN": "Etelä-Suomi", "NUTS_NAME": "Etelä-Suomi", "MOUNT_TYPE": 0, "URBN_TYPE": 0, "COAST_TYPE": 0, "NAME_ENGL": "Finland", "NAME_FREN": "Finlande", "ISO3_CODE": "FIN", "SVRG_UN": "UN Member State", "CAPT": "Helsinki", "EU_STAT": "T", "EFTA_STAT": "F", "CC_STAT": "F", "NAME_GERM": "Finnland"}, "geometry": {"type": "MultiPolygon", "coordinates": [[[[5368677.9329, 4456900.7027], [5295069.118799999, 4299085.5338], [5288693.066400001, 4283533.598099999], [5273756.7454, 4265294.494000001], [5235584.481799999, 4253987.700099999], [5218623.9695999995, 4259109.271199999], [5220201.3555, 4271737.439300001], [5198275.404999999, 4285300.5177], [5189170.293, 4278276.2029], [5138475.8325, 4278694.940099999], [5119994.0079, 4251726.677999999], [5077919.311799999, 4246813.4725], [5069945.5254, 4203519.7927], [5041165.411, 4175348.3124], [5018494.7948, 4156322.9853000008], [4995850.579500001, 4183128.9558000006], [4951957.2597, 4163052.7992000002], [4928832.2377, 4235378.977600001], [4936923.693700001, 4266002.3083999995], [4957658.261499999, 4268141.012499999], [4974941.7403, 4258158.0514], [5019404.889, 4280171.4287], [5032376.6248, 4277844.772299999], [5057887.3322, 4283492.4769], [5088316.525, 4316350.1083], [5115479.8521, 4331472.732899999], [5115305.119000001, 4345784.8562], [5153014.2717, 4387344.554300001], [5180918.0112, 4378692.8780000005], [5200329.991699999, 4344999.3256], [5239527.013800001, 4341748.1435], [5343446.124399999, 4434374.9749], [5368677.9329, 4456900.7027]]], [[[5001266.190300001, 4135605.8715000004], [4991593.5600000005, 4121921.4332999997], [4983243.0832, 4137834.6878999993], [4976174.6581999995, 4151378.9044000003], [4992663.9954, 4157357.0139000006], [5001266.190300001, 4135605.8715000004]]]]}}, {"type": "Feature", "properties": {"NUTS_ID": "FI1D", "LEVL_CODE": 2, "CNTR_CODE": "FI", "NAME_LATN": "Pohjois- ja Itä-Suomi", "NUTS_NAME": "Pohjois- ja Itä-Suomi", "MOUNT_TYPE": 0, "URBN_TYPE": 0, "COAST_TYPE": 0, "NAME_ENGL": "Finland", "NAME_FREN": "Finlande", "ISO3_CODE": "FIN", "SVRG_UN": "UN Member State", "CAPT": "Helsinki", "EU_STAT": "T", "EFTA_STAT": "F", "CC_STAT": "F", "NAME_GERM": "Finnland"}, "geometry": {"type": "MultiPolygon", "coordinates": [[[[5072809.138800001, 5205674.012399999], [5073953.327199999, 5144644.1348], [5089249.3467999995, 5117360.5407], [5102408.6712, 5111127.675100001], [5162417.305299999, 5069947.8796], [5150352.6445, 4990509.077], [5179392.876800001, 4947691.8651], [5187963.2129999995, 4936693.889], [5232501.782500001, 4872869.5013], [5227537.041200001, 4839633.0667], [5244975.466499999, 4776304.910700001], [5266351.009099999, 4762868.237500001], [5273600.8697, 4742689.323000001], [5277738.1303, 4731171.742000001], [5306798.164799999, 4707264.389699999], [5307643.1349, 4671756.4691], [5296286.373299999, 4657446.260399999], [5368495.0458, 4621133.819499999], [5400404.300799999, 4588601.680299999], [5398603.942600001, 4540274.9559], [5368677.9329, 4456900.7027], [5343446.124399999, 4434374.9749], [5239527.013800001, 4341748.1435], [5200329.991699999, 4344999.3256], [5180918.0112, 4378692.8780000005], [5185761.856000001, 4390663.0953], [5166125.8838, 4434495.602600001], [5177667.665899999, 4474784.359300001], [5141587.410800001, 4513923.4045], [5121734.515699999, 4576535.6215], [5078296.6368, 4580580.2741], [5068066.7859000005, 4564390.648800001], [5043288.4449000005, 4520198.721100001], [5004386.7173, 4542254.556399999], [4987872.2864, 4573446.6842], [4960842.423900001, 4587133.144400001], [4985007.287599999, 4614223.249299999], [5005513.895300001, 4674929.630000001], [5012198.095899999, 4702483.2796], [5003689.2258, 4735026.387800001], [5015892.637, 4739799.261299999], [5026115.522500001, 4715435.056299999], [5040402.866800001, 4727558.8904], [5015509.8336, 4795585.6214000005], [4994333.1877999995, 4799920.049000001], [4967895.5929000005, 4811191.227299999], [4939457.887, 4857278.8039], [4929425.7168000005, 4919018.998299999], [4882630.9618999995, 5043779.6998], [4744757.5046, 5136005.0243], [4760596.4999, 5158082.832699999], [4770072.6545, 5167675.498199999], [4781583.823799999, 5166481.751], [4786541.835899999, 5162420.5875], [4801469.590500001, 5146847.401900001], [4853855.835899999, 5111817.7235], [4889483.3258, 5130749.9980999995], [4932226.6894000005, 5124378.9022], [4948346.343599999, 5164461.637800001], [4943807.892000001, 5250194.7501], [4996322.788799999, 5301735.9025], [5064258.8256, 5266231.4595], [5072809.138800001, 5205674.012399999]]]]}}, {"type": "Feature", "properties": {"NUTS_ID": "FI20", "LEVL_CODE": 2, "CNTR_CODE": "FI", "NAME_LATN": "Åland", "NUTS_NAME": "Åland", "MOUNT_TYPE": 0, "URBN_TYPE": 0, "COAST_TYPE": 0, "NAME_ENGL": "Finland", "NAME_FREN": "Finlande", "ISO3_CODE": "FIN", "SVRG_UN": "UN Member State", "CAPT": "Helsinki", "EU_STAT": "T", "EFTA_STAT": "F", "CC_STAT": "F", "NAME_GERM": "Finnland"}, "geometry": {"type": "MultiPolygon", "coordinates": [[[[4906991.8747000005, 4154328.9218000006], [4885222.891100001, 4144299.7602999993], [4849742.4968, 4160483.1746999994], [4852846.601299999, 4171726.2469999995], [4880171.5502, 4177511.1174999997], [4895042.2908, 4177026.4817999993], [4906991.8747000005, 4154328.9218000006]]], [[[4930820.4868, 4199582.882300001], [4931862.395199999, 4177670.5063000005], [4912180.695800001, 4177878.5001999997], [4916772.704299999, 4207999.920399999], [4930820.4868, 4199582.882300001]]]]}}, {"type": "Feature", "properties": {"NUTS_ID": "FR10", "LEVL_CODE": 2, "CNTR_CODE": "FR", "NAME_LATN": "Ile-de-France", "NUTS_NAME": "Ile-de-France", "MOUNT_TYPE": 0, "URBN_TYPE": 0, "COAST_TYPE": 0, "NAME_ENGL": "France", "NAME_FREN": "France", "ISO3_CODE": "FRA", "SVRG_UN": "UN Member State", "CAPT": "Paris", "EU_STAT": "T", "EFTA_STAT": "F", "CC_STAT": "F", "NAME_GERM": "Frankreich"}, "geometry": {"type": "MultiPolygon", "coordinates": [[[[3718146.351399999, 2936165.9202999994], [3780604.9980999995, 2912395.8619], [3815976.8005999997, 2913173.374], [3843451.2083, 2880981.1141], [3846396.784600001, 2854857.6404], [3833828.3211000003, 2830288.8697999995], [3796199.4013, 2808440.3786999993], [3758459.3345999997, 2829789.0613], [3727938.635399999, 2829212.8149999995], [3724662.2304, 2848710.3977000006], [3699819.1335000005, 2905655.0941000003], [3709318.692500001, 2919888.7969000004], [3718146.351399999, 2936165.9202999994]]]]}}, {"type": "Feature", "properties": {"NUTS_ID": "FRB0", "LEVL_CODE": 2, "CNTR_CODE": "FR", "NAME_LATN": "Centre — Val de Loire", "NUTS_NAME": "Centre — Val de Loire", "MOUNT_TYPE": 0, "URBN_TYPE": 0, "COAST_TYPE": 0, "NAME_ENGL": "France", "NAME_FREN": "France", "ISO3_CODE": "FRA", "SVRG_UN": "UN Member State", "CAPT": "Paris", "EU_STAT": "T", "EFTA_STAT": "F", "CC_STAT": "F", "NAME_GERM": "Frankreich"}, "geometry": {"type": "MultiPolygon", "coordinates": [[[[3724662.2304, 2848710.3977000006], [3727938.635399999, 2829212.8149999995], [3758459.3345999997, 2829789.0613], [3796199.4013, 2808440.3786999993], [3802098.7267000005, 2780079.124], [3793083.4662999995, 2742389.3992], [3784942.6248000003, 2737697.9233], [3789420.2453000005, 2656257.7880000006], [3728188.521400001, 2620517.3023000006], [3719568.1614999995, 2621833.4694999997], [3661110.7764999997, 2619733.1779999994], [3643385.8444999997, 2625933.011600001], [3624511.6766, 2669022.174799999], [3616082.5659, 2677063.9838999994], [3568838.175899999, 2722830.846999999], [3588377.6176999994, 2770115.991800001], [3618196.522, 2775853.8051999994], [3631122.7808, 2800671.1624], [3640545.5912999995, 2818876.640900001], [3638560.159499999, 2829373.534499999], [3651966.1314000003, 2858535.0602], [3646244.1983000003, 2881760.536800001], [3656435.732999999, 2885441.6349], [3699819.1335000005, 2905655.0941000003], [3724662.2304, 2848710.3977000006]]]]}}, {"type": "Feature", "properties": {"NUTS_ID": "FRC1", "LEVL_CODE": 2, "CNTR_CODE": "FR", "NAME_LATN": "Bourgogne", "NUTS_NAME": "Bourgogne", "MOUNT_TYPE": 0, "URBN_TYPE": 0, "COAST_TYPE": 0, "NAME_ENGL": "France", "NAME_FREN": "France", "ISO3_CODE": "FRA", "SVRG_UN": "UN Member State", "CAPT": "Paris", "EU_STAT": "T", "EFTA_STAT": "F", "CC_STAT": "F", "NAME_GERM": "Frankreich"}, "geometry": {"type": "MultiPolygon", "coordinates": [[[[3867291.0089, 2779913.8834000006], [3894782.3313999996, 2773361.3291999996], [3926135.4484, 2781563.8443], [3973191.7738000005, 2732088.9859999996], [3982079.463199999, 2698099.1850000005], [3959966.3182999995, 2663373.6807000004], [3960563.7776999995, 2603991.6841], [3933135.3332, 2607555.0056], [3917848.6752000004, 2576778.9517], [3903679.772, 2591132.2585000005], [3887972.4683999997, 2583761.2339999992], [3850859.934699999, 2592945.2327999994], [3854392.977499999, 2613132.8243000004], [3834440.3610999994, 2647125.8335999995], [3817664.4745000005, 2650483.7455], [3789420.2453000005, 2656257.7880000006], [3784942.6248000003, 2737697.9233], [3793083.4662999995, 2742389.3992], [3802098.7267000005, 2780079.124], [3796199.4013, 2808440.3786999993], [3833828.3211000003, 2830288.8697999995], [3843585.667199999, 2815472.2193], [3867291.0089, 2779913.8834000006]]]]}}, {"type": "Feature", "properties": {"NUTS_ID": "FRC2", "LEVL_CODE": 2, "CNTR_CODE": "FR", "NAME_LATN": "Franche-Comté", "NUTS_NAME": "Franche-Comté", "MOUNT_TYPE": 0, "URBN_TYPE": 0, "COAST_TYPE": 0, "NAME_ENGL": "France", "NAME_FREN": "France", "ISO3_CODE": "FRA", "SVRG_UN": "UN Member State", "CAPT": "Paris", "EU_STAT": "T", "EFTA_STAT": "F", "CC_STAT": "F", "NAME_GERM": "Frankreich"}, "geometry": {"type": "MultiPolygon", "coordinates": [[[[4013468.9168, 2765502.3137], [4083043.8422, 2749494.0096000005], [4084784.3994999994, 2750519.7674000002], [4104716.988399999, 2714128.7832999993], [4090009.1479, 2707007.728700001], [4082697.7651000004, 2677681.3720999993], [4082827.792300001, 2677478.4815999996], [4051112.1227, 2643952.642999999], [4024713.6202000007, 2612631.9044000003], [4018233.3856000006, 2597241.8249999993], [3988222.7633999996, 2582701.1510000005], [3960563.7776999995, 2603991.6841], [3959966.3182999995, 2663373.6807000004], [3982079.463199999, 2698099.1850000005], [3973191.7738000005, 2732088.9859999996], [4013468.9168, 2765502.3137]]]]}}, {"type": "Feature", "properties": {"NUTS_ID": "FRD1", "LEVL_CODE": 2, "CNTR_CODE": "FR", "NAME_LATN": "Basse-Normandie", "NUTS_NAME": "Basse-Normandie", "MOUNT_TYPE": 0, "URBN_TYPE": 0, "COAST_TYPE": 0, "NAME_ENGL": "France", "NAME_FREN": "France", "ISO3_CODE": "FRA", "SVRG_UN": "UN Member State", "CAPT": "Paris", "EU_STAT": "T", "EFTA_STAT": "F", "CC_STAT": "F", "NAME_GERM": "Frankreich"}, "geometry": {"type": "MultiPolygon", "coordinates": [[[[3500005.7974999994, 3008007.1742000002], [3515982.0009000003, 2973170.9476999994], [3619366.6592999995, 2970507.3045000006], [3620865.0721000005, 2916489.4047], [3641829.318600001, 2887756.8550000004], [3646244.1983000003, 2881760.536800001], [3651966.1314000003, 2858535.0602], [3638560.159499999, 2829373.534499999], [3635015.6161, 2832420.7708], [3601123.3915999997, 2861856.7918], [3578557.556, 2858311.2869000006], [3564204.5365999993, 2876981.724199999], [3521434.4903999995, 2879915.1546], [3506234.9340000004, 2882989.5809000004], [3471713.9855000004, 2901644.076199999], [3473345.5108000003, 3001726.1877999995], [3500005.7974999994, 3008007.1742000002]]]]}}, {"type": "Feature", "properties": {"NUTS_ID": "FRD2", "LEVL_CODE": 2, "CNTR_CODE": "FR", "NAME_LATN": "Haute-Normandie", "NUTS_NAME": "Haute-Normandie", "MOUNT_TYPE": 0, "URBN_TYPE": 0, "COAST_TYPE": 0, "NAME_ENGL": "France", "NAME_FREN": "France", "ISO3_CODE": "FRA", "SVRG_UN": "UN Member State", "CAPT": "Paris", "EU_STAT": "T", "EFTA_STAT": "F", "CC_STAT": "F", "NAME_GERM": "Frankreich"}, "geometry": {"type": "MultiPolygon", "coordinates": [[[[3656435.732999999, 2885441.6349], [3646244.1983000003, 2881760.536800001], [3641829.318600001, 2887756.8550000004], [3620865.0721000005, 2916489.4047], [3619366.6592999995, 2970507.3045000006], [3644488.9839999992, 2968707.3280999996], [3648739.0617999993, 2975371.7832999993], [3652782.7069000006, 2976094.3311], [3652817.7008999996, 2976375.3478999995], [3652852.695800001, 2976656.3649000004], [3608006.2128999997, 2984295.780200001], [3621889.076300001, 3003960.126599999], [3657641.5549999997, 3015040.5424000006], [3705361.3970999997, 3030981.6422000006], [3730320.4142000005, 2993720.7810999993], [3721015.0919000003, 2955669.4295000006], [3718146.351399999, 2936165.9202999994], [3709318.692500001, 2919888.7969000004], [3699819.1335000005, 2905655.0941000003], [3656435.732999999, 2885441.6349]]]]}}, {"type": "Feature", "properties": {"NUTS_ID": "FRE1", "LEVL_CODE": 2, "CNTR_CODE": "FR", "NAME_LATN": "Nord-Pas de Calais", "NUTS_NAME": "Nord-Pas de Calais", "MOUNT_TYPE": 0, "URBN_TYPE": 0, "COAST_TYPE": 0, "NAME_ENGL": "France", "NAME_FREN": "France", "ISO3_CODE": "FRA", "SVRG_UN": "UN Member State", "CAPT": "Paris", "EU_STAT": "T", "EFTA_STAT": "F", "CC_STAT": "F", "NAME_GERM": "Frankreich"}, "geometry": {"type": "MultiPolygon", "coordinates": [[[[3817784.9420999996, 3090853.9849999994], [3818208.9650999997, 3090203.6359], [3819380.580499999, 3090402.751], [3820232.0768999998, 3088929.274599999], [3820865.0940000005, 3089001.2928], [3821127.0906000007, 3089941.3904], [3821872.7488, 3089834.652899999], [3822511.539000001, 3090764.4552999996], [3822702.193499999, 3092377.1894000005], [3823205.976399999, 3092752.3683], [3823719.6410000008, 3092926.2487000003], [3823373.370100001, 3093872.069700001], [3823576.295499999, 3094429.0299999993], [3824816.5967999995, 3095157.707699999], [3825314.076199999, 3094776.3259999994], [3825882.0142, 3094749.912900001], [3826732.1295, 3095446.3819999993], [3828413.9506, 3096281.0318], [3828830.3148999996, 3096701.8082], [3829124.514799999, 3097051.1959000006], [3829391.7752, 3097020.708799999], [3835046.9453999996, 3097095.6535], [3844678.012599999, 3088813.8804], [3853161.5405, 3069289.1185], [3868536.232000001, 3061788.467599999], [3871119.5032, 3058361.0966], [3876165.7367000002, 3046342.8936], [3896518.9996000007, 3044671.3225], [3901203.5385999996, 3001917.1602], [3860111.5661999993, 3007540.0852000006], [3849022.1982000005, 3009114.4760999996], [3832402.4646000005, 3011519.4693], [3826941.7205, 3016775.3191], [3727768.7654999997, 3060350.0757], [3726112.350400001, 3087332.4086000007], [3734384.2558999993, 3117049.5149000008], [3765498.250600001, 3129649.2190000005], [3799789.3935000002, 3135288.8575], [3802065.476500001, 3115282.907400001], [3817784.9420999996, 3090853.9849999994]]]]}}, {"type": "Feature", "properties": {"NUTS_ID": "FRE2", "LEVL_CODE": 2, "CNTR_CODE": "FR", "NAME_LATN": "Picardie", "NUTS_NAME": "Picardie", "MOUNT_TYPE": 0, "URBN_TYPE": 0, "COAST_TYPE": 0, "NAME_ENGL": "France", "NAME_FREN": "France", "ISO3_CODE": "FRA", "SVRG_UN": "UN Member State", "CAPT": "Paris", "EU_STAT": "T", "EFTA_STAT": "F", "CC_STAT": "F", "NAME_GERM": "Frankreich"}, "geometry": {"type": "MultiPolygon", "coordinates": [[[[3861334.0447000004, 2926771.363], [3850796.5891999993, 2899715.3637000006], [3843451.2083, 2880981.1141], [3815976.8005999997, 2913173.374], [3780604.9980999995, 2912395.8619], [3718146.351399999, 2936165.9202999994], [3721015.0919000003, 2955669.4295000006], [3730320.4142000005, 2993720.7810999993], [3705361.3970999997, 3030981.6422000006], [3727768.7654999997, 3060350.0757], [3826941.7205, 3016775.3191], [3832402.4646000005, 3011519.4693], [3849022.1982000005, 3009114.4760999996], [3860111.5661999993, 3007540.0852000006], [3901203.5385999996, 3001917.1602], [3907618.9147999994, 2999071.3099000007], [3889480.1983000003, 2938890.9739999995], [3861334.0447000004, 2926771.363]]]]}}, {"type": "Feature", "properties": {"NUTS_ID": "FRF1", "LEVL_CODE": 2, "CNTR_CODE": "FR", "NAME_LATN": "Alsace", "NUTS_NAME": "Alsace", "MOUNT_TYPE": 0, "URBN_TYPE": 0, "COAST_TYPE": 0, "NAME_ENGL": "France", "NAME_FREN": "France", "ISO3_CODE": "FRA", "SVRG_UN": "UN Member State", "CAPT": "Paris", "EU_STAT": "T", "EFTA_STAT": "F", "CC_STAT": "F", "NAME_GERM": "Frankreich"}, "geometry": {"type": "MultiPolygon", "coordinates": [[[[4133383.940300001, 2713039.7738000005], [4123319.4144, 2705527.9356999993], [4104716.988399999, 2714128.7832999993], [4084784.3994999994, 2750519.7674000002], [4091185.6363999993, 2760438.3935000002], [4113142.794500001, 2803607.6728000008], [4108432.0593, 2826384.8900000006], [4105295.2676, 2829048.2442000005], [4118676.7173999995, 2846503.9541999996], [4108702.5834, 2875823.8967000004], [4148169.9397, 2885085.8198000006], [4168238.4449000005, 2883501.2454000004], [4179638.1773000006, 2878090.5392000005], [4191568.4299, 2874149.0747999996], [4170832.9875000007, 2847105.0318], [4148737.4970999993, 2796455.1335000005], [4140622.8365, 2781605.5660999995], [4140555.6732, 2780969.7829], [4140149.0461, 2758618.4416000005], [4136889.5688000005, 2739716.5875000004], [4139577.4244, 2722539.9049999993], [4136938.8966000006, 2719812.1586000007], [4133383.940300001, 2713039.7738000005]]]]}}, {"type": "Feature", "properties": {"NUTS_ID": "FRF2", "LEVL_CODE": 2, "CNTR_CODE": "FR", "NAME_LATN": "Champagne-Ardenne", "NUTS_NAME": "Champagne-Ardenne", "MOUNT_TYPE": 0, "URBN_TYPE": 0, "COAST_TYPE": 0, "NAME_ENGL": "France", "NAME_FREN": "France", "ISO3_CODE": "FRA", "SVRG_UN": "UN Member State", "CAPT": "Paris", "EU_STAT": "T", "EFTA_STAT": "F", "CC_STAT": "F", "NAME_GERM": "Frankreich"}, "geometry": {"type": "MultiPolygon", "coordinates": [[[[3949129.2158000004, 3017066.643100001], [3959123.5232999995, 2977871.6417999994], [3971752.4340000004, 2967666.1932999995], [3988312.6208999995, 2955361.1799], [3953554.0194000006, 2915261.3077000007], [3952178.3938999996, 2853771.7203], [3985811.2159, 2822232.3334], [4013468.9168, 2765502.3137], [3973191.7738000005, 2732088.9859999996], [3926135.4484, 2781563.8443], [3894782.3313999996, 2773361.3291999996], [3867291.0089, 2779913.8834000006], [3843585.667199999, 2815472.2193], [3833828.3211000003, 2830288.8697999995], [3846396.784600001, 2854857.6404], [3843451.2083, 2880981.1141], [3850796.5891999993, 2899715.3637000006], [3861334.0447000004, 2926771.363], [3889480.1983000003, 2938890.9739999995], [3907618.9147999994, 2999071.3099000007], [3921742.4297, 2996168.7018], [3949129.2158000004, 3017066.643100001]]]]}}, {"type": "Feature", "properties": {"NUTS_ID": "FRF3", "LEVL_CODE": 2, "CNTR_CODE": "FR", "NAME_LATN": "Lorraine", "NUTS_NAME": "Lorraine", "MOUNT_TYPE": 0, "URBN_TYPE": 0, "COAST_TYPE": 0, "NAME_ENGL": "France", "NAME_FREN": "France", "ISO3_CODE": "FRA", "SVRG_UN": "UN Member State", "CAPT": "Paris", "EU_STAT": "T", "EFTA_STAT": "F", "CC_STAT": "F", "NAME_GERM": "Frankreich"}, "geometry": {"type": "MultiPolygon", "coordinates": [[[[3988312.6208999995, 2955361.1799], [3993083.8806999996, 2941704.5809000004], [4012456.508300001, 2945942.9268999994], [4018497.2259, 2945664.4036], [4023633.5628999993, 2939874.9432999995], [4057753.9418, 2935021.0808000006], [4071243.3954000007, 2928770.9639], [4082335.1054, 2905956.7978000008], [4109552.371200001, 2897821.1248000003], [4121360.4156, 2894898.5023], [4129088.6479, 2897694.362400001], [4148169.9397, 2885085.8198000006], [4108702.5834, 2875823.8967000004], [4118676.7173999995, 2846503.9541999996], [4105295.2676, 2829048.2442000005], [4108432.0593, 2826384.8900000006], [4113142.794500001, 2803607.6728000008], [4091185.6363999993, 2760438.3935000002], [4084784.3994999994, 2750519.7674000002], [4083043.8422, 2749494.0096000005], [4013468.9168, 2765502.3137], [3985811.2159, 2822232.3334], [3952178.3938999996, 2853771.7203], [3953554.0194000006, 2915261.3077000007], [3988312.6208999995, 2955361.1799]]]]}}, {"type": "Feature", "properties": {"NUTS_ID": "UKK2", "LEVL_CODE": 2, "CNTR_CODE": "UK", "NAME_LATN": "Dorset and Somerset", "NUTS_NAME": "Dorset and Somerset", "MOUNT_TYPE": 0, "URBN_TYPE": 0, "COAST_TYPE": 0, "NAME_ENGL": "United Kingdom", "NAME_FREN": "Royaume-Uni", "ISO3_CODE": "GBR", "SVRG_UN": "UN Member State", "CAPT": "London", "EU_STAT": "F", "EFTA_STAT": "F", "CC_STAT": "F", "NAME_GERM": "Vereinigtes Königreich"}, "geometry": {"type": "MultiPolygon", "coordinates": [[[[3469039.9498999994, 3206853.1842], [3461944.0852000006, 3180286.3673], [3485772.9976000004, 3166122.5425000004], [3499622.7479999997, 3135259.5458000004], [3495970.6580999997, 3134147.6164999995], [3492808.174900001, 3134525.7272999994], [3485286.7863, 3135433.0131], [3480319.294399999, 3136038.4222999997], [3423258.2137, 3146071.6227], [3412061.7118999995, 3148118.8852999993], [3413615.017000001, 3159493.2729], [3388385.8882, 3185430.958799999], [3371786.6621000003, 3196060.8159999996], [3369157.1538999993, 3214448.3686999995], [3392402.0527, 3207259.7633999996], [3401610.4755000006, 3204446.5611000005], [3420726.5153, 3214768.8002000004], [3434903.3380999994, 3212395.9824], [3469039.9498999994, 3206853.1842]]]]}}, {"type": "Feature", "properties": {"NUTS_ID": "UKK3", "LEVL_CODE": 2, "CNTR_CODE": "UK", "NAME_LATN": "Cornwall and Isles of Scilly", "NUTS_NAME": "Cornwall and Isles of Scilly", "MOUNT_TYPE": 0, "URBN_TYPE": 0, "COAST_TYPE": 0, "NAME_ENGL": "United Kingdom", "NAME_FREN": "Royaume-Uni", "ISO3_CODE": "GBR", "SVRG_UN": "UN Member State", "CAPT": "London", "EU_STAT": "F", "EFTA_STAT": "F", "CC_STAT": "F", "NAME_GERM": "Vereinigtes Königreich"}, "geometry": {"type": "MultiPolygon", "coordinates": [[[[3318908.0637999997, 3138087.0746], [3246076.8512999993, 3105947.9013], [3225411.546, 3119549.9806999993], [3306083.6352999993, 3192206.2293], [3318908.0637999997, 3138087.0746]]]]}}, {"type": "Feature", "properties": {"NUTS_ID": "UKK4", "LEVL_CODE": 2, "CNTR_CODE": "UK", "NAME_LATN": "Devon", "NUTS_NAME": "Devon", "MOUNT_TYPE": 0, "URBN_TYPE": 0, "COAST_TYPE": 0, "NAME_ENGL": "United Kingdom", "NAME_FREN": "Royaume-Uni", "ISO3_CODE": "GBR", "SVRG_UN": "UN Member State", "CAPT": "London", "EU_STAT": "F", "EFTA_STAT": "F", "CC_STAT": "F", "NAME_GERM": "Vereinigtes Königreich"}, "geometry": {"type": "MultiPolygon", "coordinates": [[[[3362853.4997000005, 3119436.7459999993], [3344542.5841000006, 3108428.1449999996], [3326732.154100001, 3122780.3549000006], [3320727.783399999, 3126475.2514999993], [3322251.8126999997, 3132619.4716], [3318908.0637999997, 3138087.0746], [3306083.6352999993, 3192206.2293], [3369157.1538999993, 3214448.3686999995], [3371786.6621000003, 3196060.8159999996], [3388385.8882, 3185430.958799999], [3413615.017000001, 3159493.2729], [3412061.7118999995, 3148118.8852999993], [3380452.6229999997, 3142176.4832000006], [3369080.1911999993, 3133124.837200001], [3368336.4393000007, 3123718.3510999996], [3362853.4997000005, 3119436.7459999993]]]]}}, {"type": "Feature", "properties": {"NUTS_ID": "UKL1", "LEVL_CODE": 2, "CNTR_CODE": "UK", "NAME_LATN": "West Wales and The Valleys", "NUTS_NAME": "West Wales and The Valleys", "MOUNT_TYPE": 0, "URBN_TYPE": 0, "COAST_TYPE": 0, "NAME_ENGL": "United Kingdom", "NAME_FREN": "Royaume-Uni", "ISO3_CODE": "GBR", "SVRG_UN": "UN Member State", "CAPT": "London", "EU_STAT": "F", "EFTA_STAT": "F", "CC_STAT": "F", "NAME_GERM": "Vereinigtes Königreich"}, "geometry": {"type": "MultiPolygon", "coordinates": [[[[3374887.2447999995, 3276373.205499999], [3388756.9947999995, 3269942.1582999993], [3406867.7238, 3270608.2334000003], [3419368.8347999994, 3271212.241800001], [3425249.0626999997, 3250318.213300001], [3416587.3554999996, 3241066.9827999994], [3408650.6809, 3243306.2612999994], [3398944.7301000003, 3242723.0994000006], [3390148.8314999994, 3242211.1127000004], [3379715.6192000005, 3239322.0113999993], [3365915.7026000004, 3258726.4584999997], [3356470.978599999, 3270329.0656000003], [3292872.1479, 3275532.2158000004], [3281088.3982999995, 3296440.5736], [3382753.9767000005, 3361870.9650999997], [3363477.7205999997, 3414599.955], [3392606.814099999, 3438782.4625000004], [3435926.8509, 3440955.7751], [3438340.7325999998, 3412549.349300001], [3426652.7819999997, 3391984.7706000004], [3418965.2743999995, 3390370.262599999], [3383199.193600001, 3362599.561899999], [3392573.112400001, 3335913.0131], [3374887.2447999995, 3276373.205499999]]], [[[3383213.079500001, 3440412.3221000005], [3366761.349199999, 3427444.3366], [3354541.1807000004, 3456996.0320999995], [3379028.088300001, 3463201.7961999997], [3383213.079500001, 3440412.3221000005]]]]}}, {"type": "Feature", "properties": {"NUTS_ID": "FRI1", "LEVL_CODE": 2, "CNTR_CODE": "FR", "NAME_LATN": "Aquitaine", "NUTS_NAME": "Aquitaine", "MOUNT_TYPE": 0, "URBN_TYPE": 0, "COAST_TYPE": 0, "NAME_ENGL": "France", "NAME_FREN": "France", "ISO3_CODE": "FRA", "SVRG_UN": "UN Member State", "CAPT": "Paris", "EU_STAT": "T", "EFTA_STAT": "F", "CC_STAT": "F", "NAME_GERM": "Frankreich"}, "geometry": {"type": "MultiPolygon", "coordinates": [[[[3634211.6646, 2502056.5855], [3647467.952299999, 2472808.6327], [3612678.7173999995, 2427490.7014000006], [3609311.4507999998, 2405666.5820000004], [3580053.2920999993, 2374583.878900001], [3579737.9014, 2374251.0066], [3525633.502699999, 2372046.1296999995], [3502379.0446000006, 2361443.154100001], [3494579.7051, 2331666.5030000005], [3506245.2650000006, 2329783.8999000005], [3500017.057, 2302893.0437000003], [3478445.4934, 2251519.461100001], [3446154.712200001, 2264004.4198000003], [3393705.6569999997, 2309700.1274999995], [3371028.6866999995, 2317520.1096], [3368407.7152999993, 2322270.5248000007], [3367335.8532, 2324216.1876], [3391140.7709, 2340602.364499999], [3427515.4086000007, 2440388.0063000005], [3451405.1644, 2543018.3781000003], [3482989.9301999994, 2528820.6995], [3532163.474199999, 2496566.0625], [3536900.3463000003, 2505929.7787999995], [3592612.7656999994, 2557233.2928], [3601053.5144999996, 2552011.9035], [3615768.6609000005, 2542960.8178000003], [3637445.694700001, 2521487.659499999], [3634211.6646, 2502056.5855]]]]}}, {"type": "Feature", "properties": {"NUTS_ID": "FRI2", "LEVL_CODE": 2, "CNTR_CODE": "FR", "NAME_LATN": "Limousin", "NUTS_NAME": "Limousin", "MOUNT_TYPE": 0, "URBN_TYPE": 0, "COAST_TYPE": 0, "NAME_ENGL": "France", "NAME_FREN": "France", "ISO3_CODE": "FRA", "SVRG_UN": "UN Member State", "CAPT": "Paris", "EU_STAT": "T", "EFTA_STAT": "F", "CC_STAT": "F", "NAME_GERM": "Frankreich"}, "geometry": {"type": "MultiPolygon", "coordinates": [[[[3728188.521400001, 2620517.3023000006], [3746981.6701999996, 2587612.8254000004], [3737000.0107000005, 2543360.4054000005], [3735498.2075999994, 2514581.4614000004], [3712789.6153999995, 2493311.2051], [3695180.947899999, 2462729.0745], [3647467.952299999, 2472808.6327], [3634211.6646, 2502056.5855], [3637445.694700001, 2521487.659499999], [3615768.6609000005, 2542960.8178000003], [3601053.5144999996, 2552011.9035], [3592612.7656999994, 2557233.2928], [3602847.1482999995, 2567018.9003999997], [3609824.0545000006, 2573716.010500001], [3613005.6503999997, 2601043.4021000005], [3643385.8444999997, 2625933.011600001], [3661110.7764999997, 2619733.1779999994], [3719568.1614999995, 2621833.4694999997], [3728188.521400001, 2620517.3023000006]]]]}}, {"type": "Feature", "properties": {"NUTS_ID": "FRI3", "LEVL_CODE": 2, "CNTR_CODE": "FR", "NAME_LATN": "Poitou-Charentes", "NUTS_NAME": "Poitou-Charentes", "MOUNT_TYPE": 0, "URBN_TYPE": 0, "COAST_TYPE": 0, "NAME_ENGL": "France", "NAME_FREN": "France", "ISO3_CODE": "FRA", "SVRG_UN": "UN Member State", "CAPT": "Paris", "EU_STAT": "T", "EFTA_STAT": "F", "CC_STAT": "F", "NAME_GERM": "Frankreich"}, "geometry": {"type": "MultiPolygon", "coordinates": [[[[3643385.8444999997, 2625933.011600001], [3613005.6503999997, 2601043.4021000005], [3609824.0545000006, 2573716.010500001], [3602847.1482999995, 2567018.9003999997], [3592612.7656999994, 2557233.2928], [3536900.3463000003, 2505929.7787999995], [3532163.474199999, 2496566.0625], [3482989.9301999994, 2528820.6995], [3457113.9517, 2585136.346000001], [3464111.6295, 2643534.1921999995], [3495177.0669, 2636668.8011000007], [3508013.7398000006, 2669755.2229999993], [3494920.7415999994, 2712202.997199999], [3555682.1082000006, 2713519.093800001], [3568838.175899999, 2722830.846999999], [3616082.5659, 2677063.9838999994], [3624511.6766, 2669022.174799999], [3643385.8444999997, 2625933.011600001]]]]}}, {"type": "Feature", "properties": {"NUTS_ID": "FRJ1", "LEVL_CODE": 2, "CNTR_CODE": "FR", "NAME_LATN": "Languedoc-Roussillon", "NUTS_NAME": "Languedoc-Roussillon", "MOUNT_TYPE": 0, "URBN_TYPE": 0, "COAST_TYPE": 0, "NAME_ENGL": "France", "NAME_FREN": "France", "ISO3_CODE": "FRA", "SVRG_UN": "UN Member State", "CAPT": "Paris", "EU_STAT": "T", "EFTA_STAT": "F", "CC_STAT": "F", "NAME_GERM": "Frankreich"}, "geometry": {"type": "MultiPolygon", "coordinates": [[[[3897911.2545999996, 2327569.9058999997], [3853357.737400001, 2279282.4799000006], [3843684.6764, 2290546.8387], [3798359.9470000006, 2270509.5507999994], [3785157.6610000003, 2264759.6624999996], [3771048.433, 2258657.5887], [3751465.3564, 2218747.8960999995], [3750769.3911000006, 2202240.7512], [3758412.626, 2173293.2490999997], [3640544.7918999996, 2191503.195699999], [3640254.1414, 2192873.1951], [3645972.8148, 2199964.7068000007], [3678037.319, 2206589.8554], [3645998.8863999993, 2278018.0781999994], [3675351.8242000006, 2293039.3378999997], [3718509.6711999997, 2287037.339299999], [3751032.4211999997, 2314153.7250999995], [3787075.9956, 2335255.7621999998], [3790680.3477, 2363546.829399999], [3764079.7150999997, 2418784.0885000005], [3797173.6854, 2452164.505999999], [3834643.2356000002, 2423604.040100001], [3842965.6295, 2391302.5909], [3893292.4988, 2366400.4825], [3897911.2545999996, 2327569.9058999997]]]]}}, {"type": "Feature", "properties": {"NUTS_ID": "FRJ2", "LEVL_CODE": 2, "CNTR_CODE": "FR", "NAME_LATN": "Midi-Pyrénées", "NUTS_NAME": "Midi-Pyrénées", "MOUNT_TYPE": 0, "URBN_TYPE": 0, "COAST_TYPE": 0, "NAME_ENGL": "France", "NAME_FREN": "France", "ISO3_CODE": "FRA", "SVRG_UN": "UN Member State", "CAPT": "Paris", "EU_STAT": "T", "EFTA_STAT": "F", "CC_STAT": "F", "NAME_GERM": "Frankreich"}, "geometry": {"type": "MultiPolygon", "coordinates": [[[[3695180.947899999, 2462729.0745], [3702566.5425000004, 2421653.0351], [3746518.3135, 2446170.1415999997], [3764079.7150999997, 2418784.0885000005], [3790680.3477, 2363546.829399999], [3787075.9956, 2335255.7621999998], [3751032.4211999997, 2314153.7250999995], [3718509.6711999997, 2287037.339299999], [3675351.8242000006, 2293039.3378999997], [3645998.8863999993, 2278018.0781999994], [3678037.319, 2206589.8554], [3645972.8148, 2199964.7068000007], [3618228.6633, 2206417.9881999996], [3610160.1626999993, 2218084.5045999996], [3573288.5988999996, 2236521.7369], [3563128.5130000003, 2229190.7112000007], [3555449.739, 2223671.0808000006], [3540709.943499999, 2226544.1711], [3478445.4934, 2251519.461100001], [3500017.057, 2302893.0437000003], [3506245.2650000006, 2329783.8999000005], [3494579.7051, 2331666.5030000005], [3502379.0446000006, 2361443.154100001], [3525633.502699999, 2372046.1296999995], [3579737.9014, 2374251.0066], [3580053.2920999993, 2374583.878900001], [3609311.4507999998, 2405666.5820000004], [3612678.7173999995, 2427490.7014000006], [3647467.952299999, 2472808.6327], [3695180.947899999, 2462729.0745]]]]}}, {"type": "Feature", "properties": {"NUTS_ID": "FRK1", "LEVL_CODE": 2, "CNTR_CODE": "FR", "NAME_LATN": "Auvergne", "NUTS_NAME": "Auvergne", "MOUNT_TYPE": 0, "URBN_TYPE": 0, "COAST_TYPE": 0, "NAME_ENGL": "France", "NAME_FREN": "France", "ISO3_CODE": "FRA", "SVRG_UN": "UN Member State", "CAPT": "Paris", "EU_STAT": "T", "EFTA_STAT": "F", "CC_STAT": "F", "NAME_GERM": "Frankreich"}, "geometry": {"type": "MultiPolygon", "coordinates": [[[[3887556.059800001, 2474299.9364], [3834643.2356000002, 2423604.040100001], [3797173.6854, 2452164.505999999], [3764079.7150999997, 2418784.0885000005], [3746518.3135, 2446170.1415999997], [3702566.5425000004, 2421653.0351], [3695180.947899999, 2462729.0745], [3712789.6153999995, 2493311.2051], [3735498.2075999994, 2514581.4614000004], [3737000.0107000005, 2543360.4054000005], [3746981.6701999996, 2587612.8254000004], [3728188.521400001, 2620517.3023000006], [3789420.2453000005, 2656257.7880000006], [3817664.4745000005, 2650483.7455], [3834440.3610999994, 2647125.8335999995], [3854392.977499999, 2613132.8243000004], [3850859.934699999, 2592945.2327999994], [3831946.8291999996, 2556053.1787], [3842693.3233000003, 2491235.4375], [3887556.059800001, 2474299.9364]]]]}}, {"type": "Feature", "properties": {"NUTS_ID": "FRK2", "LEVL_CODE": 2, "CNTR_CODE": "FR", "NAME_LATN": "Rhône-Alpes", "NUTS_NAME": "Rhône-Alpes", "MOUNT_TYPE": 0, "URBN_TYPE": 0, "COAST_TYPE": 0, "NAME_ENGL": "France", "NAME_FREN": "France", "ISO3_CODE": "FRA", "SVRG_UN": "UN Member State", "CAPT": "Paris", "EU_STAT": "T", "EFTA_STAT": "F", "CC_STAT": "F", "NAME_GERM": "Frankreich"}, "geometry": {"type": "MultiPolygon", "coordinates": [[[[3960563.7776999995, 2603991.6841], [3988222.7633999996, 2582701.1510000005], [4018233.3856000006, 2597241.8249999993], [4022416.092599999, 2586011.9647000004], [4008290.6635999996, 2566176.7631], [4025672.9941000007, 2570762.0755000003], [4031470.0842000004, 2588477.0012999997], [4048975.1100999992, 2597449.4472000003], [4076472.880999999, 2595665.6992000006], [4091539.9584999997, 2538951.4132000003], [4072064.4948999994, 2523773.4279999994], [4094309.3320000004, 2488413.1999999993], [4095551.4164000005, 2465999.3100000005], [4055455.9967, 2450215.5264], [4042020.0068999995, 2444597.3913000003], [4026458.1203000005, 2453484.853], [4024388.2328999992, 2428068.5803999994], [3987845.9560000002, 2408864.796], [3964109.2662000004, 2382613.1788], [3974774.7103000004, 2352354.5856999997], [3960124.124399999, 2344808.0768999998], [3921090.769099999, 2375508.4703], [3893848.7244000006, 2372971.1033999994], [3893292.4988, 2366400.4825], [3842965.6295, 2391302.5909], [3834643.2356000002, 2423604.040100001], [3887556.059800001, 2474299.9364], [3842693.3233000003, 2491235.4375], [3831946.8291999996, 2556053.1787], [3850859.934699999, 2592945.2327999994], [3887972.4683999997, 2583761.2339999992], [3903679.772, 2591132.2585000005], [3917848.6752000004, 2576778.9517], [3933135.3332, 2607555.0056], [3960563.7776999995, 2603991.6841]]]]}}, {"type": "Feature", "properties": {"NUTS_ID": "FRL0", "LEVL_CODE": 2, "CNTR_CODE": "FR", "NAME_LATN": "Provence-Alpes-Côte d’Azur", "NUTS_NAME": "Provence-Alpes-Côte d’Azur", "MOUNT_TYPE": 0, "URBN_TYPE": 0, "COAST_TYPE": 0, "NAME_ENGL": "France", "NAME_FREN": "France", "ISO3_CODE": "FRA", "SVRG_UN": "UN Member State", "CAPT": "Paris", "EU_STAT": "T", "EFTA_STAT": "F", "CC_STAT": "F", "NAME_GERM": "Frankreich"}, "geometry": {"type": "MultiPolygon", "coordinates": [[[[4026458.1203000005, 2453484.853], [4042020.0068999995, 2444597.3913000003], [4055455.9967, 2450215.5264], [4088123.4881999996, 2404818.9069], [4078566.3036, 2398682.6088999994], [4072437.7837000005, 2366359.4788000006], [4137476.9604, 2330752.1697000004], [4121719.5385, 2300472.5979999993], [4114290.4915999994, 2296841.2978000008], [4114147.2435, 2297136.0012999997], [4112108.3661, 2295115.3287000004], [4111882.3718999997, 2294742.4174000006], [4112225.4616, 2294422.3629], [4072166.411800001, 2268612.8674999997], [4032631.8049999997, 2234461.5803999994], [3968344.3807999995, 2240334.946900001], [3853357.737400001, 2279282.4799000006], [3897911.2545999996, 2327569.9058999997], [3893292.4988, 2366400.4825], [3893848.7244000006, 2372971.1033999994], [3921090.769099999, 2375508.4703], [3960124.124399999, 2344808.0768999998], [3974774.7103000004, 2352354.5856999997], [3964109.2662000004, 2382613.1788], [3987845.9560000002, 2408864.796], [4024388.2328999992, 2428068.5803999994], [4026458.1203000005, 2453484.853]]]]}}, {"type": "Feature", "properties": {"NUTS_ID": "FRM0", "LEVL_CODE": 2, "CNTR_CODE": "FR", "NAME_LATN": "Corse", "NUTS_NAME": "Corse", "MOUNT_TYPE": 0, "URBN_TYPE": 0, "COAST_TYPE": 0, "NAME_ENGL": "France", "NAME_FREN": "France", "ISO3_CODE": "FRA", "SVRG_UN": "UN Member State", "CAPT": "Paris", "EU_STAT": "T", "EFTA_STAT": "F", "CC_STAT": "F", "NAME_GERM": "Frankreich"}, "geometry": {"type": "MultiPolygon", "coordinates": [[[[4266688.6185, 2070299.9861999992], [4257347.9024, 2041659.8243000004], [4236115.923900001, 2046352.6637999993], [4228587.3279, 2070742.982999999], [4215930.3434999995, 2112203.6213000007], [4206959.399700001, 2141948.1119999997], [4272737.657500001, 2188026.9871999994], [4271177.4068, 2084154.0124999993], [4266688.6185, 2070299.9861999992]]]]}}, {"type": "Feature", "properties": {"NUTS_ID": "FRY1", "LEVL_CODE": 2, "CNTR_CODE": "FR", "NAME_LATN": "Guadeloupe", "NUTS_NAME": "Guadeloupe", "MOUNT_TYPE": 0, "URBN_TYPE": 0, "COAST_TYPE": 0, "NAME_ENGL": "France", "NAME_FREN": "France", "ISO3_CODE": "FRA", "SVRG_UN": "UN Member State", "CAPT": "Paris", "EU_STAT": "T", "EFTA_STAT": "F", "CC_STAT": "F", "NAME_GERM": "Frankreich"}, "geometry": {"type": "MultiPolygon", "coordinates": [[[[-2609505.1196, 2693342.1422000006], [-2632084.4571, 2691005.41], [-2619049.0297999997, 2730580.0635], [-2592735.3076, 2712781.5782999992], [-2576707.2298, 2719010.5208], [-2582501.2737, 2680539.399], [-2609505.1196, 2693342.1422000006]]], [[[-2590741.7624000004, 2629733.3343], [-2617948.2675, 2632520.1435000002], [-2615545.0053000003, 2665146.3751999997], [-2592890.6171000004, 2666129.0976], [-2590741.7624000004, 2629733.3343]]]]}}, {"type": "Feature", "properties": {"NUTS_ID": "FRY2", "LEVL_CODE": 2, "CNTR_CODE": "FR", "NAME_LATN": "Martinique", "NUTS_NAME": "Martinique", "MOUNT_TYPE": 0, "URBN_TYPE": 0, "COAST_TYPE": 0, "NAME_ENGL": "France", "NAME_FREN": "France", "ISO3_CODE": "FRA", "SVRG_UN": "UN Member State", "CAPT": "Paris", "EU_STAT": "T", "EFTA_STAT": "F", "CC_STAT": "F", "NAME_GERM": "Frankreich"}, "geometry": {"type": "MultiPolygon", "coordinates": [[[[-2663695.2866, 2473009.9213999994], [-2678297.9902999997, 2480514.1851000004], [-2673406.4406000003, 2534672.5376999993], [-2650198.9313000003, 2506390.3067000005], [-2663695.2866, 2473009.9213999994]]]]}}, {"type": "Feature", "properties": {"NUTS_ID": "FRY3", "LEVL_CODE": 2, "CNTR_CODE": "FR", "NAME_LATN": "Guyane", "NUTS_NAME": "Guyane", "MOUNT_TYPE": 0, "URBN_TYPE": 0, "COAST_TYPE": 0, "NAME_ENGL": "France", "NAME_FREN": "France", "ISO3_CODE": "FRA", "SVRG_UN": "UN Member State", "CAPT": "Paris", "EU_STAT": "T", "EFTA_STAT": "F", "CC_STAT": "F", "NAME_GERM": "Frankreich"}, "geometry": {"type": "MultiPolygon", "coordinates": [[[[-2495404.1226000004, 657048.4132000003], [-2633205.8843, 585669.2791000009], [-2687025.0462999996, 585897.4741999991], [-2751314.568, 661506.3747000005], [-2796196.0107000005, 684584.8662999999], [-2823672.4431, 738972.6840000004], [-2789907.2282999996, 742232.3933000006], [-2721769.1217, 811308.0453999992], [-2721122.7128999997, 929894.6364999991], [-2671225.8876, 1001491.2862999998], [-2629938.9272, 1011812.3564999998], [-2612768.5990000004, 1007434.2410000004], [-2556175.0198, 917612.2396000009], [-2537329.2232999997, 864551.7410000004], [-2488519.0537, 728801.5072000008], [-2495404.1226000004, 657048.4132000003]]]]}}, {"type": "Feature", "properties": {"NUTS_ID": "FRY4", "LEVL_CODE": 2, "CNTR_CODE": "FR", "NAME_LATN": "La Réunion", "NUTS_NAME": "La Réunion", "MOUNT_TYPE": 0, "URBN_TYPE": 0, "COAST_TYPE": 0, "NAME_ENGL": "France", "NAME_FREN": "France", "ISO3_CODE": "FRA", "SVRG_UN": "UN Member State", "CAPT": "Paris", "EU_STAT": "T", "EFTA_STAT": "F", "CC_STAT": "F", "NAME_GERM": "Frankreich"}, "geometry": {"type": "MultiPolygon", "coordinates": [[[[10027630.8853, -3037304.4621], [10020454.333700001, -3059872.0118000004], [9967868.3671, -3077410.3949999996], [9952758.314599998, -3059767.5469000004], [9980799.718600001, -3028276.6986999996], [10004588.3981, -3020920.5587], [10027630.8853, -3037304.4621]]]]}}, {"type": "Feature", "properties": {"NUTS_ID": "FRY5", "LEVL_CODE": 2, "CNTR_CODE": "FR", "NAME_LATN": "Mayotte", "NUTS_NAME": "Mayotte", "MOUNT_TYPE": 0, "URBN_TYPE": 0, "COAST_TYPE": 0, "NAME_ENGL": "France", "NAME_FREN": "France", "ISO3_CODE": "FRA", "SVRG_UN": "UN Member State", "CAPT": "Paris", "EU_STAT": "T", "EFTA_STAT": "F", "CC_STAT": "F", "NAME_GERM": "Frankreich"}, "geometry": {"type": "MultiPolygon", "coordinates": [[[[8750373.578699999, -2760963.1295999996], [8741209.214699998, -2798698.0275], [8714253.055300001, -2796107.8850999996], [8722639.2643, -2768486.1341000004], [8750373.578699999, -2760963.1295999996]]]]}}, {"type": "Feature", "properties": {"NUTS_ID": "HR03", "LEVL_CODE": 2, "CNTR_CODE": "HR", "NAME_LATN": "Jadranska Hrvatska", "NUTS_NAME": "Jadranska Hrvatska", "MOUNT_TYPE": 0, "URBN_TYPE": 0, "COAST_TYPE": 0, "NAME_ENGL": "Croatia", "NAME_FREN": "Croatie", "ISO3_CODE": "HRV", "SVRG_UN": "UN Member State", "CAPT": "Zagreb", "EU_STAT": "T", "EFTA_STAT": "F", "CC_STAT": "F", "NAME_GERM": "Kroatien"}, "geometry": {"type": "MultiPolygon", "coordinates": [[[[4677333.5853, 2517639.023499999], [4730255.16, 2493771.1679], [4716018.781400001, 2458963.2738000005], [4774121.292099999, 2442304.3264000006], [4809434.5459, 2391562.4036], [4814757.7227, 2364694.1284999996], [4837474.2413, 2348050.0409999993], [4846574.346000001, 2341238.2278000005], [4927371.7873, 2260004.8387], [4989825.736199999, 2212174.6248000003], [5014573.7599, 2200024.6327], [5023279.372199999, 2185927.997300001], [4972072.864700001, 2210100.3878000006], [4946488.074999999, 2229853.1834999993], [4940446.4383000005, 2234753.4148999993], [4920627.898499999, 2249010.5722000003], [4884345.8248, 2273303.3604000006], [4808250.023800001, 2285465.8763999995], [4766932.5394, 2321857.4737], [4749009.876599999, 2330506.2741], [4749260.9528, 2326768.6240999997], [4749291.721999999, 2326310.4782999996], [4749538.3462000005, 2322637.5369000006], [4749569.6373, 2322171.4230000004], [4749610.4487, 2321563.4612000007], [4749742.0262, 2319603.1128000002], [4749967.016899999, 2316250.1043999996], [4750169.0184, 2313238.717], [4741377.6719, 2321524.0523000006], [4724762.7117, 2349761.401799999], [4742242.8968, 2376582.9690000005], [4715103.4088, 2395120.4186000004], [4710045.4332, 2410424.7612999994], [4706013.147500001, 2448078.6213000007], [4678709.635, 2434724.932600001], [4653693.8279, 2458516.5646], [4625173.1523, 2427475.9804999996], [4599008.8037, 2476415.494000001], [4606910.833699999, 2489415.437000001], [4642725.0929000005, 2494425.2696], [4643271.7804000005, 2494333.5858999994], [4664447.307399999, 2498010.1328999996], [4677333.5853, 2517639.023499999]]], [[[4802010.203199999, 2225569.772], [4783944.4416000005, 2217553.4005999994], [4766842.662799999, 2225617.5578000005], [4774199.7623, 2232729.043400001], [4799661.0633000005, 2245651.5637], [4812172.5887, 2241080.588300001], [4802010.203199999, 2225569.772]]], [[[4868898.306299999, 2156198.854800001], [4844342.796700001, 2151647.2257000003], [4826233.6381, 2163733.9481000006], [4836438.4728, 2175422.445800001], [4857612.1327, 2174401.204500001], [4868898.306299999, 2156198.854800001]]], [[[4919648.4245, 2235888.4771], [4916831.1713, 2223445.9471000005], [4892341.0188, 2221845.6352999993], [4886810.7552000005, 2231551.929199999], [4894495.299699999, 2246522.1159000006], [4909039.6316, 2248927.944], [4919648.4245, 2235888.4771]]]]}}, {"type": "Feature", "properties": {"NUTS_ID": "HR02", "LEVL_CODE": 2, "CNTR_CODE": "HR", "NAME_LATN": "Panonska Hrvatska", "NUTS_NAME": "Panonska Hrvatska", "MOUNT_TYPE": 0, "URBN_TYPE": 0, "COAST_TYPE": 0, "NAME_ENGL": "Croatia", "NAME_FREN": "Croatie", "ISO3_CODE": "HRV", "SVRG_UN": "UN Member State", "CAPT": "Zagreb", "EU_STAT": "T", "EFTA_STAT": "F", "CC_STAT": "F", "NAME_GERM": "Kroatien"}, "geometry": {"type": "MultiPolygon", "coordinates": [[[[4885838.4597, 2569452.5403000005], [4897745.692500001, 2566288.3329000007], [4914925.3323, 2556676.2138], [4935711.286699999, 2552486.5812999997], [5004436.5659, 2574073.972100001], [5009623.0449, 2575455.7397000007], [5026320.3224, 2528866.5682999995], [5024761.136399999, 2522836.0852000006], [5031555.451400001, 2513131.0206000004], [5060947.4131000005, 2497458.0582999997], [5039110.455499999, 2489241.2667999994], [5033462.4998, 2459084.4516000003], [5018480.271600001, 2458933.7032999992], [5009325.8891, 2474681.6164999995], [4991980.3915, 2480137.603599999], [4951514.7261, 2480303.1921999995], [4937776.332599999, 2471262.3274000008], [4906108.8029, 2478963.5726999994], [4882408.3431, 2477037.91], [4813686.818299999, 2460179.387599999], [4779874.8684, 2474907.3243000004], [4774121.292099999, 2442304.3264000006], [4716018.781400001, 2458963.2738000005], [4730255.16, 2493771.1679], [4735901.171599999, 2531543.4870999996], [4784173.292300001, 2503545.5968999993], [4836010.9388999995, 2529286.6696000006], [4840761.7236, 2557897.6274999995], [4848773.2064, 2572540.0660999995], [4873616.0546, 2556525.199100001], [4885838.4597, 2569452.5403000005]]]]}}, {"type": "Feature", "properties": {"NUTS_ID": "HU11", "LEVL_CODE": 2, "CNTR_CODE": "HU", "NAME_LATN": "Budapest", "NUTS_NAME": "Budapest", "MOUNT_TYPE": 0, "URBN_TYPE": 0, "COAST_TYPE": 0, "NAME_ENGL": "Hungary", "NAME_FREN": "Hongrie", "ISO3_CODE": "HUN", "SVRG_UN": "UN Member State", "CAPT": "Budapest", "EU_STAT": "T", "EFTA_STAT": "F", "CC_STAT": "F", "NAME_GERM": "Ungarn"}, "geometry": {"type": "MultiPolygon", "coordinates": [[[[4990239.808700001, 2753055.7696], [5003356.690300001, 2766082.1130999997], [5020256.1899, 2748494.9657000005], [5010806.6154, 2733642.7732999995], [4995385.068700001, 2734680.0623000003], [4990239.808700001, 2753055.7696]]]]}}, {"type": "Feature", "properties": {"NUTS_ID": "HU12", "LEVL_CODE": 2, "CNTR_CODE": "HU", "NAME_LATN": "Pest", "NUTS_NAME": "Pest", "MOUNT_TYPE": 0, "URBN_TYPE": 0, "COAST_TYPE": 0, "NAME_ENGL": "Hungary", "NAME_FREN": "Hongrie", "ISO3_CODE": "HUN", "SVRG_UN": "UN Member State", "CAPT": "Budapest", "EU_STAT": "T", "EFTA_STAT": "F", "CC_STAT": "F", "NAME_GERM": "Ungarn"}, "geometry": {"type": "MultiPolygon", "coordinates": [[[[5037028.672700001, 2782124.8473000005], [5046178.7619, 2766903.340500001], [5086596.6611, 2707113.9760999996], [5001218.0055, 2698473.8268999998], [4973370.310799999, 2756523.1259000003], [4982212.621300001, 2784591.9952000007], [4974418.3094, 2794447.3637000006], [4985038.552200001, 2811671.278999999], [4996035.0605, 2795442.9792], [5037028.672700001, 2782124.8473000005]], [[4990239.808700001, 2753055.7696], [4995385.068700001, 2734680.0623000003], [5010806.6154, 2733642.7732999995], [5020256.1899, 2748494.9657000005], [5003356.690300001, 2766082.1130999997], [4990239.808700001, 2753055.7696]]]]}}, {"type": "Feature", "properties": {"NUTS_ID": "HU21", "LEVL_CODE": 2, "CNTR_CODE": "HU", "NAME_LATN": "Közép-Dunántúl", "NUTS_NAME": "Közép-Dunántúl", "MOUNT_TYPE": 0, "URBN_TYPE": 0, "COAST_TYPE": 0, "NAME_ENGL": "Hungary", "NAME_FREN": "Hongrie", "ISO3_CODE": "HUN", "SVRG_UN": "UN Member State", "CAPT": "Budapest", "EU_STAT": "T", "EFTA_STAT": "F", "CC_STAT": "F", "NAME_GERM": "Ungarn"}, "geometry": {"type": "MultiPolygon", "coordinates": [[[[4973370.310799999, 2756523.1259000003], [5001218.0055, 2698473.8268999998], [5000354.2793000005, 2679127.101399999], [4947193.1072, 2664108.7454000004], [4944472.0293000005, 2685445.99], [4887342.504899999, 2654700.352], [4858088.6327, 2685116.7863], [4861499.6022, 2728305.7408000007], [4881640.728, 2732337.1797], [4915386.1916000005, 2729015.671], [4912119.8091, 2767793.6603999995], [4982212.621300001, 2784591.9952000007], [4973370.310799999, 2756523.1259000003]]]]}}, {"type": "Feature", "properties": {"NUTS_ID": "HU22", "LEVL_CODE": 2, "CNTR_CODE": "HU", "NAME_LATN": "Nyugat-Dunántúl", "NUTS_NAME": "Nyugat-Dunántúl", "MOUNT_TYPE": 0, "URBN_TYPE": 0, "COAST_TYPE": 0, "NAME_ENGL": "Hungary", "NAME_FREN": "Hongrie", "ISO3_CODE": "HUN", "SVRG_UN": "UN Member State", "CAPT": "Budapest", "EU_STAT": "T", "EFTA_STAT": "F", "CC_STAT": "F", "NAME_GERM": "Ungarn"}, "geometry": {"type": "MultiPolygon", "coordinates": [[[[4912119.8091, 2767793.6603999995], [4915386.1916000005, 2729015.671], [4881640.728, 2732337.1797], [4861499.6022, 2728305.7408000007], [4858088.6327, 2685116.7863], [4887342.504899999, 2654700.352], [4850286.352600001, 2603109.4586999994], [4848359.353399999, 2606260.0957999993], [4827385.8894, 2618351.326199999], [4807826.1532000005, 2644113.7391999997], [4786947.8336, 2658724.9250000007], [4811576.9648, 2680342.3698999994], [4806751.430600001, 2714374.6019], [4821838.7709, 2726165.9716], [4802912.6987, 2748897.5074000005], [4844980.647700001, 2758836.3794], [4854633.2936, 2791782.4586999994], [4861008.709100001, 2793004.7731], [4897845.193, 2768465.3463000003], [4912119.8091, 2767793.6603999995]]]]}}, {"type": "Feature", "properties": {"NUTS_ID": "HU23", "LEVL_CODE": 2, "CNTR_CODE": "HU", "NAME_LATN": "Dél-Dunántúl", "NUTS_NAME": "Dél-Dunántúl", "MOUNT_TYPE": 0, "URBN_TYPE": 0, "COAST_TYPE": 0, "NAME_ENGL": "Hungary", "NAME_FREN": "Hongrie", "ISO3_CODE": "HUN", "SVRG_UN": "UN Member State", "CAPT": "Budapest", "EU_STAT": "T", "EFTA_STAT": "F", "CC_STAT": "F", "NAME_GERM": "Ungarn"}, "geometry": {"type": "MultiPolygon", "coordinates": [[[[4944472.0293000005, 2685445.99], [4947193.1072, 2664108.7454000004], [5000354.2793000005, 2679127.101399999], [5000525.4004999995, 2595360.7942999993], [5004436.5659, 2574073.972100001], [4935711.286699999, 2552486.5812999997], [4914925.3323, 2556676.2138], [4897745.692500001, 2566288.3329000007], [4885838.4597, 2569452.5403000005], [4850286.352600001, 2603109.4586999994], [4887342.504899999, 2654700.352], [4944472.0293000005, 2685445.99]]]]}}, {"type": "Feature", "properties": {"NUTS_ID": "HU31", "LEVL_CODE": 2, "CNTR_CODE": "HU", "NAME_LATN": "Észak-Magyarország", "NUTS_NAME": "Észak-Magyarország", "MOUNT_TYPE": 0, "URBN_TYPE": 0, "COAST_TYPE": 0, "NAME_ENGL": "Hungary", "NAME_FREN": "Hongrie", "ISO3_CODE": "HUN", "SVRG_UN": "UN Member State", "CAPT": "Budapest", "EU_STAT": "T", "EFTA_STAT": "F", "CC_STAT": "F", "NAME_GERM": "Ungarn"}, "geometry": {"type": "MultiPolygon", "coordinates": [[[[5127433.0156, 2785630.2820999995], [5105397.4888, 2762259.477499999], [5080953.835000001, 2773484.1185], [5072443.2929, 2776179.9704], [5046178.7619, 2766903.340500001], [5037028.672700001, 2782124.8473000005], [4996035.0605, 2795442.9792], [4985038.552200001, 2811671.278999999], [4991117.540200001, 2814757.4297], [5066406.101399999, 2834643.9049999993], [5092186.1017, 2871555.9102999996], [5159903.8344, 2891350.2935000006], [5214660.069499999, 2880853.8320000004], [5148465.328199999, 2823363.1064999998], [5131539.897, 2786746.5770999994], [5127433.0156, 2785630.2820999995]]]]}}, {"type": "Feature", "properties": {"NUTS_ID": "HU32", "LEVL_CODE": 2, "CNTR_CODE": "HU", "NAME_LATN": "Észak-Alföld", "NUTS_NAME": "Észak-Alföld", "MOUNT_TYPE": 0, "URBN_TYPE": 0, "COAST_TYPE": 0, "NAME_ENGL": "Hungary", "NAME_FREN": "Hongrie", "ISO3_CODE": "HUN", "SVRG_UN": "UN Member State", "CAPT": "Budapest", "EU_STAT": "T", "EFTA_STAT": "F", "CC_STAT": "F", "NAME_GERM": "Ungarn"}, "geometry": {"type": "MultiPolygon", "coordinates": [[[[5229004.0033, 2795171.6274999995], [5203937.8378, 2726154.8417000007], [5182771.0923999995, 2718921.5076], [5150532.770099999, 2741566.439099999], [5114474.784, 2688102.1976999994], [5086991.691, 2684602.9159999993], [5086596.6611, 2707113.9760999996], [5046178.7619, 2766903.340500001], [5072443.2929, 2776179.9704], [5080953.835000001, 2773484.1185], [5105397.4888, 2762259.477499999], [5127433.0156, 2785630.2820999995], [5131539.897, 2786746.5770999994], [5148465.328199999, 2823363.1064999998], [5214660.069499999, 2880853.8320000004], [5216710.2202, 2884027.4801000003], [5279162.0724, 2843993.0884000007], [5232859.490499999, 2796039.1740000006], [5229004.0033, 2795171.6274999995]]]]}}, {"type": "Feature", "properties": {"NUTS_ID": "HU33", "LEVL_CODE": 2, "CNTR_CODE": "HU", "NAME_LATN": "Dél-Alföld", "NUTS_NAME": "Dél-Alföld", "MOUNT_TYPE": 0, "URBN_TYPE": 0, "COAST_TYPE": 0, "NAME_ENGL": "Hungary", "NAME_FREN": "Hongrie", "ISO3_CODE": "HUN", "SVRG_UN": "UN Member State", "CAPT": "Budapest", "EU_STAT": "T", "EFTA_STAT": "F", "CC_STAT": "F", "NAME_GERM": "Ungarn"}, "geometry": {"type": "MultiPolygon", "coordinates": [[[[5150532.770099999, 2741566.439099999], [5182771.0923999995, 2718921.5076], [5203937.8378, 2726154.8417000007], [5193727.933599999, 2682800.758199999], [5176556.373, 2644649.0899], [5149175.4487, 2633827.471999999], [5145578.1417, 2620383.8599999994], [5112369.7859000005, 2611777.776900001], [5102473.9651, 2611270.4463], [5081487.072000001, 2610251.4306000005], [5068153.706700001, 2612699.3713000007], [5040491.776900001, 2587133.3753999993], [5009623.0449, 2575455.7397000007], [5004436.5659, 2574073.972100001], [5000525.4004999995, 2595360.7942999993], [5000354.2793000005, 2679127.101399999], [5001218.0055, 2698473.8268999998], [5086596.6611, 2707113.9760999996], [5086991.691, 2684602.9159999993], [5114474.784, 2688102.1976999994], [5150532.770099999, 2741566.439099999]]]]}}, {"type": "Feature", "properties": {"NUTS_ID": "IE04", "LEVL_CODE": 2, "CNTR_CODE": "IE", "NAME_LATN": "Northern and Western", "NUTS_NAME": "Northern and Western", "MOUNT_TYPE": 0, "URBN_TYPE": 0, "COAST_TYPE": 0, "NAME_ENGL": "Ireland", "NAME_FREN": "Irlande", "ISO3_CODE": "IRL", "SVRG_UN": "UN Member State", "CAPT": "Dublin", "EU_STAT": "T", "EFTA_STAT": "F", "CC_STAT": "F", "NAME_GERM": "Irland"}, "geometry": {"type": "MultiPolygon", "coordinates": [[[[3173848.043400001, 3612488.6251], [3195615.0461999997, 3589512.522399999], [3214939.132200001, 3602580.7288000006], [3235160.6678, 3596830.425899999], [3245165.7368, 3577208.328400001], [3244775.7710999995, 3561762.7819999997], [3190681.4038999993, 3546537.064200001], [3177886.2904000003, 3564955.988], [3154715.1259000003, 3558121.1253999993], [3126142.7596000005, 3489877.2848000005], [3100172.6345000006, 3478220.4057], [3065671.0968999993, 3502790.1567], [3016105.5384, 3538827.9297], [3005532.8137, 3570044.7643999998], [3019430.190199999, 3589715.1007000003], [3018438.1960000005, 3617603.3116999995], [3042558.8431, 3639689.5074000005], [3087910.4957999997, 3615179.6028000005], [3142931.390900001, 3637196.670600001], [3133726.9563999996, 3663079.7677999996], [3170810.707800001, 3705282.9833000004], [3233385.166099999, 3710083.0327000003], [3230329.8203999996, 3682748.466600001], [3197575.4376, 3657011.4365999997], [3199284.5310999993, 3641564.6778999995], [3173848.043400001, 3612488.6251]]]]}}, {"type": "Feature", "properties": {"NUTS_ID": "IE05", "LEVL_CODE": 2, "CNTR_CODE": "IE", "NAME_LATN": "Southern", "NUTS_NAME": "Southern", "MOUNT_TYPE": 0, "URBN_TYPE": 0, "COAST_TYPE": 0, "NAME_ENGL": "Ireland", "NAME_FREN": "Irlande", "ISO3_CODE": "IRL", "SVRG_UN": "UN Member State", "CAPT": "Dublin", "EU_STAT": "T", "EFTA_STAT": "F", "CC_STAT": "F", "NAME_GERM": "Irland"}, "geometry": {"type": "MultiPolygon", "coordinates": [[[[3126142.7596000005, 3489877.2848000005], [3141980.6833999995, 3441399.7452000007], [3192491.6959000006, 3440411.2589], [3240880.3333, 3412798.4442], [3205614.5670999996, 3361773.0997], [3108541.1415999997, 3354476.7108999994], [2978351.1560999993, 3337521.957699999], [2945859.5538999997, 3376722.8989000004], [2965101.1202000007, 3427072.1415999997], [3025762.0605999995, 3449549.3127999995], [3035185.5490000006, 3491156.8958], [3065671.0968999993, 3502790.1567], [3100172.6345000006, 3478220.4057], [3126142.7596000005, 3489877.2848000005]]]]}}, {"type": "Feature", "properties": {"NUTS_ID": "IE06", "LEVL_CODE": 2, "CNTR_CODE": "IE", "NAME_LATN": "Eastern and Midland", "NUTS_NAME": "Eastern and Midland", "MOUNT_TYPE": 0, "URBN_TYPE": 0, "COAST_TYPE": 0, "NAME_ENGL": "Ireland", "NAME_FREN": "Irlande", "ISO3_CODE": "IRL", "SVRG_UN": "UN Member State", "CAPT": "Dublin", "EU_STAT": "T", "EFTA_STAT": "F", "CC_STAT": "F", "NAME_GERM": "Irland"}, "geometry": {"type": "MultiPolygon", "coordinates": [[[[3267014.1543000005, 3563205.9560000002], [3258608.927100001, 3511383.283], [3263290.492900001, 3493217.353700001], [3255316.576199999, 3463709.3354], [3240880.3333, 3412798.4442], [3192491.6959000006, 3440411.2589], [3141980.6833999995, 3441399.7452000007], [3126142.7596000005, 3489877.2848000005], [3154715.1259000003, 3558121.1253999993], [3177886.2904000003, 3564955.988], [3190681.4038999993, 3546537.064200001], [3244775.7710999995, 3561762.7819999997], [3267014.1543000005, 3563205.9560000002]]]]}}, {"type": "Feature", "properties": {"NUTS_ID": "DK03", "LEVL_CODE": 2, "CNTR_CODE": "DK", "NAME_LATN": "Syddanmark", "NUTS_NAME": "Syddanmark", "MOUNT_TYPE": 0, "URBN_TYPE": 0, "COAST_TYPE": 0, "NAME_ENGL": "Denmark", "NAME_FREN": "Danemark", "ISO3_CODE": "DNK", "SVRG_UN": "UN Member State", "CAPT": "Copenhagen", "EU_STAT": "T", "EFTA_STAT": "F", "CC_STAT": "F", "NAME_GERM": "Dänemark"}, "geometry": {"type": "MultiPolygon", "coordinates": [[[[4283856.6886, 3525296.4646000005], [4274283.7929, 3523118.9946999997], [4264045.7861, 3530123.4396], [4249689.6296999995, 3532312.2336999997], [4233488.610400001, 3534838.2576], [4206730.371099999, 3607914.155200001], [4207097.7344, 3636782.6064999998], [4251431.2918, 3642544.6218], [4282654.2762, 3646835.7738000005], [4289961.933, 3635451.575200001], [4300374.668199999, 3623120.2839], [4310654.8440000005, 3543739.8956000004], [4296791.0067, 3530750.5178999994], [4283856.6886, 3525296.4646000005]]], [[[4377517.6185, 3548323.9846], [4372610.7994, 3530144.287900001], [4348493.1647, 3530953.34], [4340720.056500001, 3530913.743899999], [4306133.109300001, 3584922.9717999995], [4323871.3697999995, 3607135.3202], [4364880.111199999, 3604560.9712000005], [4377517.6185, 3548323.9846]]]]}}, {"type": "Feature", "properties": {"NUTS_ID": "DK04", "LEVL_CODE": 2, "CNTR_CODE": "DK", "NAME_LATN": "Midtjylland", "NUTS_NAME": "Midtjylland", "MOUNT_TYPE": 0, "URBN_TYPE": 0, "COAST_TYPE": 0, "NAME_ENGL": "Denmark", "NAME_FREN": "Danemark", "ISO3_CODE": "DNK", "SVRG_UN": "UN Member State", "CAPT": "Copenhagen", "EU_STAT": "T", "EFTA_STAT": "F", "CC_STAT": "F", "NAME_GERM": "Dänemark"}, "geometry": {"type": "MultiPolygon", "coordinates": [[[[4278366.9034, 3732415.6337], [4308435.221899999, 3717614.7787999995], [4333207.062999999, 3731189.0035999995], [4371444.760399999, 3709872.974300001], [4373684.3467999995, 3691339.0622000005], [4317589.2348, 3625126.0066], [4300374.668199999, 3623120.2839], [4289961.933, 3635451.575200001], [4282654.2762, 3646835.7738000005], [4251431.2918, 3642544.6218], [4207097.7344, 3636782.6064999998], [4209646.3386, 3718056.8630999997], [4239257.802300001, 3714501.1626999993], [4252907.743799999, 3735150.0868999995], [4278366.9034, 3732415.6337]]]]}}, {"type": "Feature", "properties": {"NUTS_ID": "DK05", "LEVL_CODE": 2, "CNTR_CODE": "DK", "NAME_LATN": "Nordjylland", "NUTS_NAME": "Nordjylland", "MOUNT_TYPE": 0, "URBN_TYPE": 0, "COAST_TYPE": 0, "NAME_ENGL": "Denmark", "NAME_FREN": "Danemark", "ISO3_CODE": "DNK", "SVRG_UN": "UN Member State", "CAPT": "Copenhagen", "EU_STAT": "T", "EFTA_STAT": "F", "CC_STAT": "F", "NAME_GERM": "Dänemark"}, "geometry": {"type": "MultiPolygon", "coordinates": [[[[4350873.034399999, 3805523.0441999994], [4333207.062999999, 3731189.0035999995], [4308435.221899999, 3717614.7787999995], [4278366.9034, 3732415.6337], [4264070.5239, 3758783.4650999997], [4253281.521500001, 3758473.8757000007], [4242406.2972, 3736611.0679], [4218669.1138, 3749597.2256000005], [4237985.487600001, 3778485.4078], [4253632.164100001, 3780310.408399999], [4337943.0417, 3832934.8523999993], [4350873.034399999, 3805523.0441999994]]]]}}, {"type": "Feature", "properties": {"NUTS_ID": "EE00", "LEVL_CODE": 2, "CNTR_CODE": "EE", "NAME_LATN": "Eesti", "NUTS_NAME": "Eesti", "MOUNT_TYPE": 0, "URBN_TYPE": 0, "COAST_TYPE": 0, "NAME_ENGL": "Estonia", "NAME_FREN": "Estonie", "ISO3_CODE": "EST", "SVRG_UN": "UN Member State", "CAPT": "Tallinn", "EU_STAT": "T", "EFTA_STAT": "F", "CC_STAT": "F", "NAME_GERM": "Estland"}, "geometry": {"type": "MultiPolygon", "coordinates": [[[[5314985.396600001, 4087160.6611], [5354049.6872000005, 4004104.4673999995], [5350178.1391, 3949790.8620999996], [5297161.5155, 3941153.178099999], [5203368.3127, 3975554.1010999996], [5192747.907199999, 3965598.4433999993], [5167149.6851, 3949298.7948000003], [5166521.9147, 3996787.3203], [5135024.3961, 3990002.0045], [5103396.3761, 4016847.963300001], [5090939.0001, 4077902.9847999997], [5100683.6543000005, 4090791.899599999], [5209290.378799999, 4151086.2525999993], [5218019.812100001, 4159433.3910000008], [5262087.088099999, 4156077.8782], [5333199.4778, 4170603.0385999996], [5340949.349300001, 4159054.2250999995], [5314985.396600001, 4087160.6611]]], [[[5068119.089500001, 4043693.0704999994], [5066259.089, 4016324.7841999996], [5083634.980599999, 4020511.189099999], [5085144.2182, 4000835.0855], [5053057.351399999, 3958959.251700001], [5030958.016899999, 3957907.4825999998], [5013912.3079, 3983248.717599999], [5041779.7689, 4011076.019200001], [5041689.998400001, 4058791.4165000003], [5068119.089500001, 4043693.0704999994]]]]}}, {"type": "Feature", "properties": {"NUTS_ID": "EL30", "LEVL_CODE": 2, "CNTR_CODE": "EL", "NAME_LATN": "Attiki", "NUTS_NAME": "Aττική", "MOUNT_TYPE": 0, "URBN_TYPE": 0, "COAST_TYPE": 0, "NAME_ENGL": "Greece", "NAME_FREN": "Grèce", "ISO3_CODE": "GRC", "SVRG_UN": "UN Member State", "CAPT": "Athens", "EU_STAT": "T", "EFTA_STAT": "F", "CC_STAT": "F", "NAME_GERM": "Griechenland"}, "geometry": {"type": "MultiPolygon", "coordinates": [[[[5548723.390699999, 1780525.0990999993], [5560887.1426, 1739450.0757], [5532122.3838, 1750830.4309], [5524357.137399999, 1759294.6012999993], [5516523.0362, 1766108.5681999996], [5504508.3561, 1764939.6818000004], [5481334.7018, 1752736.3058000002], [5474074.188100001, 1763692.4251000006], [5472996.0616999995, 1775580.6459999997], [5516325.159399999, 1788084.9381000008], [5518880.299900001, 1803023.7859000005], [5546711.625499999, 1796329.797700001], [5548723.390699999, 1780525.0990999993]]], [[[5504351.2995, 1579441.9023000002], [5502336.134, 1541086.0144999996], [5482692.837099999, 1550478.8971999995], [5477582.356000001, 1574866.2567999996], [5504351.2995, 1579441.9023000002]]], [[[5506720.504000001, 1735910.0851000007], [5510477.2908, 1702305.6491], [5488661.635600001, 1713641.9921000004], [5499344.443600001, 1717587.9474999998], [5496202.7094, 1734035.0392000005], [5506720.504000001, 1735910.0851000007]]]]}}, {"type": "Feature", "properties": {"NUTS_ID": "EL41", "LEVL_CODE": 2, "CNTR_CODE": "EL", "NAME_LATN": "Voreio Aigaio", "NUTS_NAME": "Βόρειο Αιγαίο", "MOUNT_TYPE": 0, "URBN_TYPE": 0, "COAST_TYPE": 0, "NAME_ENGL": "Greece", "NAME_FREN": "Grèce", "ISO3_CODE": "GRC", "SVRG_UN": "UN Member State", "CAPT": "Athens", "EU_STAT": "T", "EFTA_STAT": "F", "CC_STAT": "F", "NAME_GERM": "Griechenland"}, "geometry": {"type": "MultiPolygon", "coordinates": [[[[5817736.591399999, 1795305.8165000007], [5796628.9953000005, 1758860.9825], [5759899.293400001, 1755539.0074000005], [5752923.568600001, 1769871.7643], [5787230.3957, 1775004.8584000003], [5780020.5847, 1792273.1241999995], [5802591.759, 1805812.1537999995], [5817736.591399999, 1795305.8165000007]]], [[[5729877.473999999, 1958321.7645999994], [5741415.597100001, 1940614.0650999993], [5740733.627699999, 1920089.1881000008], [5717913.676100001, 1918179.4649999999], [5714084.887399999, 1937830.6411000006], [5703902.919500001, 1925096.2356000002], [5687318.227, 1933625.5913999993], [5690806.4662999995, 1942674.3374000005], [5729877.473999999, 1958321.7645999994]]], [[[5731824.4761, 1842012.1499000005], [5722775.071900001, 1822222.2951999996], [5712641.8058, 1830970.5890999995], [5716012.013699999, 1847459.0341999996], [5699492.555600001, 1861229.4570000004], [5712725.7557, 1870825.0226000007], [5727390.174699999, 1868251.9688000008], [5731824.4761, 1842012.1499000005]]], [[[5620094.5644000005, 2016374.3902000003], [5628488.1315, 1983296.258199999], [5601725.396500001, 1984453.0381000005], [5597466.890000001, 2004466.1295999996], [5620094.5644000005, 2016374.3902000003]]]]}}, {"type": "Feature", "properties": {"NUTS_ID": "EL42", "LEVL_CODE": 2, "CNTR_CODE": "EL", "NAME_LATN": "Notio Aigaio", "NUTS_NAME": "Νότιο Αιγαίο", "MOUNT_TYPE": 0, "URBN_TYPE": 0, "COAST_TYPE": 0, "NAME_ENGL": "Greece", "NAME_FREN": "Grèce", "ISO3_CODE": "GRC", "SVRG_UN": "UN Member State", "CAPT": "Athens", "EU_STAT": "T", "EFTA_STAT": "F", "CC_STAT": "F", "NAME_GERM": "Griechenland"}, "geometry": {"type": "MultiPolygon", "coordinates": [[[[5946891.7075, 1642817.5252], [5932149.2906, 1617118.491800001], [5919815.3358, 1614900.1971000005], [5913571.826099999, 1634881.4153000005], [5910780.805299999, 1650777.0578000005], [5942014.6862, 1672627.1912999991], [5946891.7075, 1642817.5252]]], [[[5708788.4877, 1703805.8980999999], [5716323.6218, 1677819.7608000003], [5699205.5660999995, 1671425.5691], [5689132.933800001, 1687843.7666999996], [5674013.6588, 1672224.3110000007], [5660024.396500001, 1679252.6566000003], [5666955.0392, 1699891.5505], [5708788.4877, 1703805.8980999999]]], [[[5722954.047700001, 1624871.9974000007], [5716150.8474, 1602801.8672000002], [5685436.114499999, 1622599.171], [5704892.5781, 1640638.451199999], [5722954.047700001, 1624871.9974000007]]], [[[5646438.3958, 1779321.4252000004], [5643831.2917, 1751145.3238999993], [5612028.0198, 1767653.6240999997], [5626905.360400001, 1786613.9700000007], [5646438.3958, 1779321.4252000004]]]]}}, {"type": "Feature", "properties": {"NUTS_ID": "EL43", "LEVL_CODE": 2, "CNTR_CODE": "EL", "NAME_LATN": "Kriti", "NUTS_NAME": "Κρήτη", "MOUNT_TYPE": 0, "URBN_TYPE": 0, "COAST_TYPE": 0, "NAME_ENGL": "Greece", "NAME_FREN": "Grèce", "ISO3_CODE": "GRC", "SVRG_UN": "UN Member State", "CAPT": "Athens", "EU_STAT": "T", "EFTA_STAT": "F", "CC_STAT": "F", "NAME_GERM": "Griechenland"}, "geometry": {"type": "MultiPolygon", "coordinates": [[[[5603984.553099999, 1506606.0384999998], [5627380.4724, 1488246.1392], [5681341.6688, 1504584.7500999998], [5733951.1581, 1502941.8564999998], [5800944.6372, 1502612.3627000004], [5795153.4702, 1485787.0631000008], [5745263.3618, 1470711.8471000008], [5684918.1402, 1454670.8866000008], [5668625.7005, 1466862.6846999992], [5627846.1983, 1468433.8955000006], [5568031.401699999, 1465583.5606999993], [5558465.102299999, 1476240.9978999998], [5564777.3116999995, 1492092.4362000003], [5603984.553099999, 1506606.0384999998]]]]}}, {"type": "Feature", "properties": {"NUTS_ID": "EL51", "LEVL_CODE": 2, "CNTR_CODE": "EL", "NAME_LATN": "Anatoliki Makedonia, Thraki", "NUTS_NAME": "Aνατολική Μακεδονία, Θράκη", "MOUNT_TYPE": 0, "URBN_TYPE": 0, "COAST_TYPE": 0, "NAME_ENGL": "Greece", "NAME_FREN": "Grèce", "ISO3_CODE": "GRC", "SVRG_UN": "UN Member State", "CAPT": "Athens", "EU_STAT": "T", "EFTA_STAT": "F", "CC_STAT": "F", "NAME_GERM": "Griechenland"}, "geometry": {"type": "MultiPolygon", "coordinates": [[[[5701097.2457, 2187851.018100001], [5670221.351600001, 2102712.0823], [5634310.3353, 2110075.8584000003], [5590944.570699999, 2115570.1479], [5566630.600199999, 2095682.0326000005], [5560640.107100001, 2071343.7489999998], [5540871.343599999, 2095944.5902999993], [5489625.8429000005, 2071907.8979000002], [5506158.894400001, 2100666.9399999995], [5458423.3883, 2133421.0621000007], [5491533.976, 2156084.1009], [5526578.855699999, 2165242.6676000003], [5554204.395199999, 2149956.8691000007], [5587712.9121, 2151062.0305000003], [5592371.229800001, 2146859.8309000004], [5647445.114700001, 2163286.583799999], [5650629.5156, 2165419.6841], [5675518.538699999, 2215228.6450999994], [5701097.2457, 2187851.018100001]]], [[[5653962.3992, 2058109.0407999996], [5635578.188200001, 2045419.2513999995], [5624704.3827, 2060109.5452999994], [5629116.105699999, 2079459.8310000002], [5648199.0758, 2078564.5686000008], [5653962.3992, 2058109.0407999996]]]]}}, {"type": "Feature", "properties": {"NUTS_ID": "EL52", "LEVL_CODE": 2, "CNTR_CODE": "EL", "NAME_LATN": "Kentriki Makedonia", "NUTS_NAME": "Κεντρική Μακεδονία", "MOUNT_TYPE": 0, "URBN_TYPE": 0, "COAST_TYPE": 0, "NAME_ENGL": "Greece", "NAME_FREN": "Grèce", "ISO3_CODE": "GRC", "SVRG_UN": "UN Member State", "CAPT": "Athens", "EU_STAT": "T", "EFTA_STAT": "F", "CC_STAT": "F", "NAME_GERM": "Griechenland"}, "geometry": {"type": "MultiPolygon", "coordinates": [[[[5458423.3883, 2133421.0621000007], [5506158.894400001, 2100666.9399999995], [5489625.8429000005, 2071907.8979000002], [5481466.686799999, 2068049.8540000003], [5483052.7173999995, 2054451.792199999], [5480097.476199999, 2017692.3747000005], [5452305.4746, 2001760.4974000007], [5425133.287799999, 2012115.6253999993], [5395086.4066, 2027025.0923999995], [5394171.957800001, 2022669.8443], [5390661.6076, 1986515.9552999996], [5402932.342499999, 1966143.8368999995], [5353881.0845, 1980465.9846], [5356964.3104, 1995266.2728000004], [5327527.0984000005, 2033116.6799999997], [5320241.5185, 2033599.8903], [5313654.692500001, 2058838.0856999997], [5322792.8606, 2079259.303200001], [5345487.9179, 2090787.7475000005], [5355938.123199999, 2086869.9175000004], [5397537.215500001, 2118650.8937999997], [5401576.043400001, 2119111.646400001], [5444429.4277, 2133891.873299999], [5458423.3883, 2133421.0621000007]]], [[[5514373.6293, 2008579.4782999996], [5521544.3221, 1982032.4498999994], [5497392.308700001, 1981816.5790999997], [5485349.1866, 2006014.1938000005], [5514373.6293, 2008579.4782999996]]]]}}, {"type": "Feature", "properties": {"NUTS_ID": "EL53", "LEVL_CODE": 2, "CNTR_CODE": "EL", "NAME_LATN": "Dytiki Makedonia", "NUTS_NAME": "Δυτική Μακεδονία", "MOUNT_TYPE": 0, "URBN_TYPE": 0, "COAST_TYPE": 0, "NAME_ENGL": "Greece", "NAME_FREN": "Grèce", "ISO3_CODE": "GRC", "SVRG_UN": "UN Member State", "CAPT": "Athens", "EU_STAT": "T", "EFTA_STAT": "F", "CC_STAT": "F", "NAME_GERM": "Griechenland"}, "geometry": {"type": "MultiPolygon", "coordinates": [[[[5353881.0845, 1980465.9846], [5341675.3453, 1942364.2216999996], [5288772.505100001, 1934806.9844000004], [5271267.1875, 1939801.3969999999], [5259658.327099999, 1963656.8077000007], [5237775.048, 1982254.042199999], [5257241.4647, 2015037.9755000006], [5247352.797800001, 2040320.5046999995], [5313654.692500001, 2058838.0856999997], [5320241.5185, 2033599.8903], [5327527.0984000005, 2033116.6799999997], [5356964.3104, 1995266.2728000004], [5353881.0845, 1980465.9846]]]]}}, {"type": "Feature", "properties": {"NUTS_ID": "EL54", "LEVL_CODE": 2, "CNTR_CODE": "EL", "NAME_LATN": "Ipeiros", "NUTS_NAME": "Ήπειρος", "MOUNT_TYPE": 0, "URBN_TYPE": 0, "COAST_TYPE": 0, "NAME_ENGL": "Greece", "NAME_FREN": "Grèce", "ISO3_CODE": "GRC", "SVRG_UN": "UN Member State", "CAPT": "Athens", "EU_STAT": "T", "EFTA_STAT": "F", "CC_STAT": "F", "NAME_GERM": "Griechenland"}, "geometry": {"type": "MultiPolygon", "coordinates": [[[[5288772.505100001, 1934806.9844000004], [5284352.3945, 1894309.554300001], [5305579.7237, 1860999.8816], [5284757.238500001, 1843547.8577999994], [5249807.678200001, 1838938.2514999993], [5227286.7963, 1860859.8632999994], [5181589.9125, 1901158.5284000002], [5204901.861400001, 1917791.1150000002], [5212814.773399999, 1916169.5964000002], [5209461.178400001, 1937386.5007000007], [5227594.233899999, 1950737.2138999999], [5237775.048, 1982254.042199999], [5259658.327099999, 1963656.8077000007], [5271267.1875, 1939801.3969999999], [5288772.505100001, 1934806.9844000004]]]]}}, {"type": "Feature", "properties": {"NUTS_ID": "EL61", "LEVL_CODE": 2, "CNTR_CODE": "EL", "NAME_LATN": "Thessalia", "NUTS_NAME": "Θεσσαλία", "MOUNT_TYPE": 0, "URBN_TYPE": 0, "COAST_TYPE": 0, "NAME_ENGL": "Greece", "NAME_FREN": "Grèce", "ISO3_CODE": "GRC", "SVRG_UN": "UN Member State", "CAPT": "Athens", "EU_STAT": "T", "EFTA_STAT": "F", "CC_STAT": "F", "NAME_GERM": "Griechenland"}, "geometry": {"type": "MultiPolygon", "coordinates": [[[[5402932.342499999, 1966143.8368999995], [5430523.069700001, 1929120.9557000007], [5449489.624299999, 1907782.0150000006], [5445167.0264, 1861251.9126999993], [5403353.903999999, 1871554.5406], [5379931.582599999, 1883572.6231999993], [5355819.3478999995, 1856516.614600001], [5332401.7104, 1869913.1598000005], [5307743.319700001, 1860223.0653000008], [5305579.7237, 1860999.8816], [5284352.3945, 1894309.554300001], [5288772.505100001, 1934806.9844000004], [5341675.3453, 1942364.2216999996], [5353881.0845, 1980465.9846], [5402932.342499999, 1966143.8368999995]]], [[[5541784.9802, 1880285.7616000008], [5525805.286, 1866516.9623000007], [5513241.486099999, 1887784.0009000003], [5538367.2379, 1912122.363], [5541784.9802, 1880285.7616000008]]]]}}, {"type": "Feature", "properties": {"NUTS_ID": "EL62", "LEVL_CODE": 2, "CNTR_CODE": "EL", "NAME_LATN": "Ionia Nisia", "NUTS_NAME": "Ιόνια Νησιά", "MOUNT_TYPE": 0, "URBN_TYPE": 0, "COAST_TYPE": 0, "NAME_ENGL": "Greece", "NAME_FREN": "Grèce", "ISO3_CODE": "GRC", "SVRG_UN": "UN Member State", "CAPT": "Athens", "EU_STAT": "T", "EFTA_STAT": "F", "CC_STAT": "F", "NAME_GERM": "Griechenland"}, "geometry": {"type": "MultiPolygon", "coordinates": [[[[5258660.9311, 1773480.3758000005], [5264108.173, 1730538.6608000007], [5233554.767200001, 1743038.7163999993], [5242977.3235, 1768759.1612999998], [5258660.9311, 1773480.3758000005]]], [[[5289612.4136, 1699541.8509999998], [5283990.0932, 1683127.7699999996], [5253063.6719, 1703314.9655000009], [5262293.317299999, 1724216.6636999995], [5289612.4136, 1699541.8509999998]]], [[[5267790.2476, 1797657.0474999994], [5238463.1503, 1778735.9779000003], [5241114.153899999, 1811624.4656000007], [5253416.0068, 1823473.7929999996], [5267790.2476, 1797657.0474999994]]], [[[5172421.250499999, 1885689.7709999997], [5159430.5506, 1883575.6532000005], [5140740.5604, 1905524.2643999998], [5160423.398, 1916810.867900001], [5173006.816500001, 1910015.6778999995], [5172421.250499999, 1885689.7709999997]]], [[[5323297.738299999, 1642763.6962000001], [5297380.2486000005, 1628416.6203000005], [5280022.8213, 1641772.2781000007], [5311961.9156, 1661821.927100001], [5323297.738299999, 1642763.6962000001]]]]}}, {"type": "Feature", "properties": {"NUTS_ID": "EL63", "LEVL_CODE": 2, "CNTR_CODE": "EL", "NAME_LATN": "Dytiki Elláda", "NUTS_NAME": "Δυτική Ελλάδα", "MOUNT_TYPE": 0, "URBN_TYPE": 0, "COAST_TYPE": 0, "NAME_ENGL": "Greece", "NAME_FREN": "Grèce", "ISO3_CODE": "GRC", "SVRG_UN": "UN Member State", "CAPT": "Athens", "EU_STAT": "T", "EFTA_STAT": "F", "CC_STAT": "F", "NAME_GERM": "Griechenland"}, "geometry": {"type": "MultiPolygon", "coordinates": [[[[5407983.1646, 1761674.1608000007], [5403331.1798, 1727026.0178999994], [5385930.9672, 1717809.8813000005], [5370170.2948, 1724724.1204000004], [5382689.4003, 1683985.3808999993], [5359181.243899999, 1668489.8117999993], [5339112.4704, 1689275.7656999994], [5310699.7477, 1715305.9655000009], [5319574.675100001, 1743336.3945000004], [5361529.785499999, 1770216.7983], [5407983.1646, 1761674.1608000007]]], [[[5332824.6521000005, 1830234.3910000008], [5340404.259400001, 1814957.6549999993], [5360855.4384, 1825871.5701000001], [5365703.6743, 1824919.1294999998], [5359044.2345, 1779807.2290000003], [5303207.014599999, 1769045.954], [5258026.5918000005, 1819145.4718999993], [5284757.238500001, 1843547.8577999994], [5305579.7237, 1860999.8816], [5307743.319700001, 1860223.0653000008], [5332824.6521000005, 1830234.3910000008]]]]}}, {"type": "Feature", "properties": {"NUTS_ID": "EL64", "LEVL_CODE": 2, "CNTR_CODE": "EL", "NAME_LATN": "Sterea Elláda", "NUTS_NAME": "Στερεά Ελλάδα", "MOUNT_TYPE": 0, "URBN_TYPE": 0, "COAST_TYPE": 0, "NAME_ENGL": "Greece", "NAME_FREN": "Grèce", "ISO3_CODE": "GRC", "SVRG_UN": "UN Member State", "CAPT": "Athens", "EU_STAT": "T", "EFTA_STAT": "F", "CC_STAT": "F", "NAME_GERM": "Griechenland"}, "geometry": {"type": "MultiPolygon", "coordinates": [[[[5403353.903999999, 1871554.5406], [5445167.0264, 1861251.9126999993], [5433921.3454, 1841242.9146999996], [5488622.6417, 1818401.6473999992], [5496223.673699999, 1816735.1371], [5494944.154100001, 1845211.9987000003], [5547411.9738, 1825535.5769999996], [5543952.2491, 1811812.3091000002], [5515659.935900001, 1803758.7913000006], [5518880.299900001, 1803023.7859000005], [5516325.159399999, 1788084.9381000008], [5472996.0616999995, 1775580.6459999997], [5452024.061000001, 1777729.4662999995], [5424908.373299999, 1788694.0699000005], [5376409.9658, 1784530.4707999993], [5359044.2345, 1779807.2290000003], [5365703.6743, 1824919.1294999998], [5360855.4384, 1825871.5701000001], [5340404.259400001, 1814957.6549999993], [5332824.6521000005, 1830234.3910000008], [5307743.319700001, 1860223.0653000008], [5332401.7104, 1869913.1598000005], [5355819.3478999995, 1856516.614600001], [5379931.582599999, 1883572.6231999993], [5403353.903999999, 1871554.5406]]], [[[5601404.4120000005, 1793565.6872000005], [5588763.4355999995, 1767928.6425], [5558149.3289, 1782727.071799999], [5567322.918099999, 1795252.6281000003], [5601404.4120000005, 1793565.6872000005]]]]}}, {"type": "Feature", "properties": {"NUTS_ID": "ITI3", "LEVL_CODE": 2, "CNTR_CODE": "IT", "NAME_LATN": "Marche", "NUTS_NAME": "Marche", "MOUNT_TYPE": 0, "URBN_TYPE": 0, "COAST_TYPE": 0, "NAME_ENGL": "Italy", "NAME_FREN": "Italie", "ISO3_CODE": "ITA", "SVRG_UN": "UN Member State", "CAPT": "Rome", "EU_STAT": "T", "EFTA_STAT": "F", "CC_STAT": "F", "NAME_GERM": "Italien"}, "geometry": {"type": "MultiPolygon", "coordinates": [[[[4542187.0638999995, 2321829.948999999], [4577064.4146, 2298875.7301000003], [4616324.151799999, 2270013.7672000006], [4625430.5031, 2250490.1938000005], [4625722.103499999, 2249913.0874000005], [4626261.070699999, 2248710.5479000006], [4626751.0372, 2247578.164999999], [4627358.160700001, 2246295.7541000005], [4627653.820599999, 2245720.5506999996], [4628254.921399999, 2244616.3332], [4628557.6581999995, 2244104.8248999994], [4629807.9614, 2240146.7781000007], [4631030.1565000005, 2237181.0087], [4631633.512, 2236265.9746000003], [4632308.327400001, 2234298.9564999994], [4633316.567399999, 2232322.4278999995], [4634480.054500001, 2229759.138800001], [4634827.8828, 2228807.7578], [4634997.6483, 2227229.4637], [4635294.2158, 2225749.9496], [4641630.086300001, 2206987.3696999997], [4597068.977700001, 2182062.8752999995], [4582894.3182, 2186357.5438], [4586076.7138, 2201360.200200001], [4562208.9112, 2212746.0435000006], [4554180.9287, 2238159.8510999996], [4545500.128900001, 2265401.0035999995], [4500143.2763, 2280638.8115999997], [4505310.999399999, 2297878.7907], [4518295.6449, 2312960.2874999996], [4518519.4133, 2312664.644200001], [4519277.1338, 2312611.7202000003], [4519783.4833, 2312941.680400001], [4521280.7787999995, 2312977.1467000004], [4521699.535800001, 2314145.9243], [4542187.0638999995, 2321829.948999999]]]]}}, {"type": "Feature", "properties": {"NUTS_ID": "ITI4", "LEVL_CODE": 2, "CNTR_CODE": "IT", "NAME_LATN": "Lazio", "NUTS_NAME": "Lazio", "MOUNT_TYPE": 0, "URBN_TYPE": 0, "COAST_TYPE": 0, "NAME_ENGL": "Italy", "NAME_FREN": "Italie", "ISO3_CODE": "ITA", "SVRG_UN": "UN Member State", "CAPT": "Rome", "EU_STAT": "T", "EFTA_STAT": "F", "CC_STAT": "F", "NAME_GERM": "Italien"}, "geometry": {"type": "MultiPolygon", "coordinates": [[[[4476383.828400001, 2193961.0384], [4522907.729599999, 2147015.9604], [4535791.9032000005, 2149113.4869999997], [4559324.668500001, 2172419.711100001], [4582894.3182, 2186357.5438], [4597068.977700001, 2182062.8752999995], [4600364.228800001, 2171343.3159], [4587012.6554000005, 2162843.5639999993], [4586274.109300001, 2148744.4343999997], [4589588.7546999995, 2129405.7062], [4572442.542199999, 2117415.037799999], [4595223.9559, 2099895.607999999], [4640644.523800001, 2078168.8268], [4650207.382200001, 2073654.0550999995], [4654502.114499999, 2048895.0186], [4646424.9705, 2034721.1104000006], [4637532.455600001, 2021521.166099999], [4553745.958900001, 2039279.2923000008], [4513774.3632, 2073011.7046000008], [4464782.959000001, 2118743.7467], [4440807.365599999, 2142554.3783], [4464290.5233, 2188249.7019999996], [4476383.828400001, 2193961.0384]], [[4517770.191, 2089869.2397000007], [4520215.8496, 2088254.202299999], [4530801.7906, 2089644.6719000004], [4528137.0868999995, 2098003.3181], [4523438.68, 2096237.6366000008], [4517770.191, 2089869.2397000007]]]]}}, {"type": "Feature", "properties": {"NUTS_ID": "LI00", "LEVL_CODE": 2, "CNTR_CODE": "LI", "NAME_LATN": "Liechtenstein", "NUTS_NAME": "Liechtenstein", "MOUNT_TYPE": 0, "URBN_TYPE": 0, "COAST_TYPE": 0, "NAME_ENGL": "Liechtenstein", "NAME_FREN": "Liechtenstein", "ISO3_CODE": "LIE", "SVRG_UN": "UN Member State", "CAPT": "Vaduz", "EU_STAT": "F", "EFTA_STAT": "T", "CC_STAT": "F", "NAME_GERM": "Liechtenstein"}, "geometry": {"type": "MultiPolygon", "coordinates": [[[[4292201.6435, 2670971.976399999], [4291125.0428, 2660883.3062999994], [4281155.7798, 2659947.7641000003], [4285464.4256, 2684223.103700001], [4292201.6435, 2670971.976399999]]]]}}, {"type": "Feature", "properties": {"NUTS_ID": "LT01", "LEVL_CODE": 2, "CNTR_CODE": "LT", "NAME_LATN": "Sostinės regionas", "NUTS_NAME": "Sostinės regionas", "MOUNT_TYPE": 0, "URBN_TYPE": 0, "COAST_TYPE": 0, "NAME_ENGL": "Lithuania", "NAME_FREN": "Lituanie", "ISO3_CODE": "LTU", "SVRG_UN": "UN Member State", "CAPT": "Vilnius", "EU_STAT": "T", "EFTA_STAT": "F", "CC_STAT": "F", "NAME_GERM": "Litauen"}, "geometry": {"type": "MultiPolygon", "coordinates": [[[[5374609.0176, 3696416.7972999997], [5371400.884400001, 3683815.693499999], [5351501.5657, 3675907.1116000004], [5347477.6841, 3660179.2818], [5334161.9756000005, 3651099.0450999998], [5326369.9383000005, 3631446.2008999996], [5331054.435699999, 3607861.5889999997], [5334687.998299999, 3564716.6867999993], [5282724.105799999, 3548285.2378000002], [5275983.202299999, 3572044.4168999996], [5247189.7795, 3584760.233100001], [5251858.3025, 3628239.9404000007], [5228767.4088, 3678703.0595999993], [5239781.7501, 3695431.5241], [5292751.725199999, 3653341.7541000005], [5325868.4921, 3687172.7268000003], [5374609.0176, 3696416.7972999997]]]]}}, {"type": "Feature", "properties": {"NUTS_ID": "LT02", "LEVL_CODE": 2, "CNTR_CODE": "LT", "NAME_LATN": "Vidurio ir vakarų Lietuvos regionas", "NUTS_NAME": "Vidurio ir vakarų Lietuvos regionas", "MOUNT_TYPE": 0, "URBN_TYPE": 0, "COAST_TYPE": 0, "NAME_ENGL": "Lithuania", "NAME_FREN": "Lituanie", "ISO3_CODE": "LTU", "SVRG_UN": "UN Member State", "CAPT": "Vilnius", "EU_STAT": "T", "EFTA_STAT": "F", "CC_STAT": "F", "NAME_GERM": "Litauen"}, "geometry": {"type": "MultiPolygon", "coordinates": [[[[5114449.1548999995, 3771206.5187], [5130157.0145, 3766126.4203999992], [5192242.198100001, 3769546.0725], [5231736.936000001, 3790696.4021000005], [5298223.159499999, 3769132.5767], [5314580.0447, 3760461.810900001], [5356923.878900001, 3740090.5593], [5374609.0176, 3696416.7972999997], [5325868.4921, 3687172.7268000003], [5292751.725199999, 3653341.7541000005], [5239781.7501, 3695431.5241], [5228767.4088, 3678703.0595999993], [5251858.3025, 3628239.9404000007], [5247189.7795, 3584760.233100001], [5275983.202299999, 3572044.4168999996], [5282724.105799999, 3548285.2378000002], [5264627.805199999, 3519688.9715], [5202339.4189, 3510354.4520999994], [5183759.5777, 3540551.7379], [5147704.3763999995, 3546424.1741000004], [5140298.2325, 3597576.4493000004], [5120797.056700001, 3621728.9948999994], [5059830.3111000005, 3623763.2136000004], [5041850.8978, 3630961.417300001], [5034954.090299999, 3627178.4388999995], [5009299.3714000005, 3698293.4141000006], [5007410.6272, 3715789.812999999], [5057503.611199999, 3759611.2509000003], [5097787.3825, 3764687.1994000003], [5114449.1548999995, 3771206.5187]]]]}}, {"type": "Feature", "properties": {"NUTS_ID": "LU00", "LEVL_CODE": 2, "CNTR_CODE": "LU", "NAME_LATN": "Luxembourg", "NUTS_NAME": "Luxembourg", "MOUNT_TYPE": 0, "URBN_TYPE": 0, "COAST_TYPE": 0, "NAME_ENGL": "Luxembourg", "NAME_FREN": "Luxembourg", "ISO3_CODE": "LUX", "SVRG_UN": "UN Member State", "CAPT": "Luxembourg", "EU_STAT": "T", "EFTA_STAT": "F", "CC_STAT": "F", "NAME_GERM": "Luxemburg"}, "geometry": {"type": "MultiPolygon", "coordinates": [[[[4044953.8672, 3009232.5731000006], [4067410.837099999, 2973721.5833], [4059130.7711999994, 2944039.3893999998], [4057753.9418, 2935021.0808000006], [4023633.5628999993, 2939874.9432999995], [4018497.2259, 2945664.4036], [4015259.6960000005, 2980087.2218999993], [4037218.2765999995, 3015531.6271], [4044953.8672, 3009232.5731000006]]]]}}, {"type": "Feature", "properties": {"NUTS_ID": "LV00", "LEVL_CODE": 2, "CNTR_CODE": "LV", "NAME_LATN": "Latvija", "NUTS_NAME": "Latvija", "MOUNT_TYPE": 0, "URBN_TYPE": 0, "COAST_TYPE": 0, "NAME_ENGL": "Latvia", "NAME_FREN": "Lettonie", "ISO3_CODE": "LVA", "SVRG_UN": "UN Member State", "CAPT": "Riga", "EU_STAT": "T", "EFTA_STAT": "F", "CC_STAT": "F", "NAME_GERM": "Lettland"}, "geometry": {"type": "MultiPolygon", "coordinates": [[[[5374000.401000001, 3938766.4824], [5435586.0679, 3815982.9613000005], [5412479.6875, 3775879.8604000006], [5356923.878900001, 3740090.5593], [5314580.0447, 3760461.810900001], [5298223.159499999, 3769132.5767], [5231736.936000001, 3790696.4021000005], [5192242.198100001, 3769546.0725], [5130157.0145, 3766126.4203999992], [5114449.1548999995, 3771206.5187], [5097787.3825, 3764687.1994000003], [5057503.611199999, 3759611.2509000003], [5007410.6272, 3715789.812999999], [4995327.017000001, 3794588.554300001], [5019721.195699999, 3883840.9365999997], [5062315.4394000005, 3909757.0678000003], [5108900.0502, 3874214.467700001], [5134269.051100001, 3848234.7097999994], [5162340.052999999, 3849279.3166000005], [5171516.0714, 3860201.5352], [5181786.1339, 3888519.2655999996], [5167149.6851, 3949298.7948000003], [5192747.907199999, 3965598.4433999993], [5203368.3127, 3975554.1010999996], [5297161.5155, 3941153.178099999], [5350178.1391, 3949790.8620999996], [5374000.401000001, 3938766.4824]]]]}}, {"type": "Feature", "properties": {"NUTS_ID": "ME00", "LEVL_CODE": 2, "CNTR_CODE": "ME", "NAME_LATN": "Crna Gora", "NUTS_NAME": "Црна Гора", "MOUNT_TYPE": 0, "URBN_TYPE": 0, "COAST_TYPE": 0, "NAME_ENGL": "Montenegro", "NAME_FREN": "Monténégro", "ISO3_CODE": "MNE", "SVRG_UN": "UN Member State", "CAPT": "Podgorica", "EU_STAT": "F", "EFTA_STAT": "F", "CC_STAT": "T", "NAME_GERM": "Montenegro"}, "geometry": {"type": "MultiPolygon", "coordinates": [[[[5141136.5436, 2266081.0558], [5166993.0154, 2250206.426000001], [5148385.4728999995, 2216598.8893999998], [5129579.17, 2204098.7522], [5114728.990599999, 2211157.813100001], [5102498.4156, 2192384.709899999], [5095919.711300001, 2180685.8253000006], [5097664.817299999, 2159722.134299999], [5100056.775800001, 2130793.9449000005], [5023279.372199999, 2185927.997300001], [5014573.7599, 2200024.6327], [5029351.8892, 2268625.4878000002], [5066457.268100001, 2314658.2445], [5141136.5436, 2266081.0558]]]]}}, {"type": "Feature", "properties": {"NUTS_ID": "MK00", "LEVL_CODE": 2, "CNTR_CODE": "MK", "NAME_LATN": "Severna Makedonija", "NUTS_NAME": "Северна Македонија", "MOUNT_TYPE": 0, "URBN_TYPE": 0, "COAST_TYPE": 0, "NAME_ENGL": "North Macedonia", "NAME_FREN": "Macédoine du Nord", "ISO3_CODE": "MKD", "SVRG_UN": "UN Member State", "CAPT": "Skopje", "EU_STAT": "F", "EFTA_STAT": "F", "CC_STAT": "T", "NAME_GERM": "Nordmazedonien"}, "geometry": {"type": "MultiPolygon", "coordinates": [[[[5401767.5221, 2139536.8017999995], [5401576.043400001, 2119111.646400001], [5397537.215500001, 2118650.8937999997], [5355938.123199999, 2086869.9175000004], [5345487.9179, 2090787.7475000005], [5322792.8606, 2079259.303200001], [5313654.692500001, 2058838.0856999997], [5247352.797800001, 2040320.5046999995], [5234386.400699999, 2046491.7477000002], [5211962.695699999, 2061668.541099999], [5200756.984200001, 2085264.6585000008], [5201644.286499999, 2114995.650699999], [5199720.3018, 2131646.3004], [5198279.4438000005, 2144087.0679], [5200419.919600001, 2147880.021299999], [5223995.2037, 2177174.4495], [5247774.643999999, 2180924.943], [5264708.4410999995, 2197420.479800001], [5276030.969699999, 2202300.501599999], [5338319.639799999, 2217739.3945000004], [5353216.907500001, 2202689.0275], [5364847.6908, 2199118.3167000003], [5384665.1899, 2193093.2741], [5394496.420399999, 2162270.083799999], [5401767.5221, 2139536.8017999995]]]]}}, {"type": "Feature", "properties": {"NUTS_ID": "MT00", "LEVL_CODE": 2, "CNTR_CODE": "MT", "NAME_LATN": "Malta", "NUTS_NAME": "Malta", "MOUNT_TYPE": 0, "URBN_TYPE": 0, "COAST_TYPE": 0, "NAME_ENGL": "Malta", "NAME_FREN": "Malte", "ISO3_CODE": "MLT", "SVRG_UN": "UN Member State", "CAPT": "Valletta", "EU_STAT": "T", "EFTA_STAT": "F", "CC_STAT": "F", "NAME_GERM": "Malta"}, "geometry": {"type": "MultiPolygon", "coordinates": [[[[4743978.0666000005, 1443103.0176999997], [4725857.978599999, 1418218.9462000001], [4706798.8958, 1435253.6868999992], [4721964.922700001, 1456526.6530000009], [4743978.0666000005, 1443103.0176999997]]], [[[4716375.0984000005, 1452229.2113000005], [4708696.406300001, 1449147.4462000001], [4700230.949100001, 1455546.7606000006], [4705401.043099999, 1457903.3519000001], [4716375.0984000005, 1452229.2113000005]]]]}}, {"type": "Feature", "properties": {"NUTS_ID": "NL11", "LEVL_CODE": 2, "CNTR_CODE": "NL", "NAME_LATN": "Groningen", "NUTS_NAME": "Groningen", "MOUNT_TYPE": 0, "URBN_TYPE": 0, "COAST_TYPE": 0, "NAME_ENGL": "Netherlands", "NAME_FREN": "Pays-Bas", "ISO3_CODE": "NLD", "SVRG_UN": "UN Member State", "CAPT": "Amsterdam", "EU_STAT": "T", "EFTA_STAT": "F", "CC_STAT": "F", "NAME_GERM": "Niederlande"}, "geometry": {"type": "MultiPolygon", "coordinates": [[[[4134707.5439999998, 3351905.1378000006], [4133736.155200001, 3337487.729699999], [4125134.6445000004, 3307187.4432999995], [4115299.0501000006, 3324875.0243999995], [4107505.053200001, 3333864.8345], [4084820.1632000003, 3349315.6192000005], [4074259.4876000006, 3338002.2010999992], [4065386.9496999998, 3345750.3936], [4069680.7704000007, 3356177.315199999], [4067837.936899999, 3373652.2719], [4085028.9791, 3374111.0285], [4113226.3334999997, 3371154.9495], [4127371.2161999997, 3353524.3608], [4134707.5439999998, 3351905.1378000006]]]]}}, {"type": "Feature", "properties": {"NUTS_ID": "NL12", "LEVL_CODE": 2, "CNTR_CODE": "NL", "NAME_LATN": "Friesland (NL)", "NUTS_NAME": "Friesland (NL)", "MOUNT_TYPE": 0, "URBN_TYPE": 0, "COAST_TYPE": 0, "NAME_ENGL": "Netherlands", "NAME_FREN": "Pays-Bas", "ISO3_CODE": "NLD", "SVRG_UN": "UN Member State", "CAPT": "Amsterdam", "EU_STAT": "T", "EFTA_STAT": "F", "CC_STAT": "F", "NAME_GERM": "Niederlande"}, "geometry": {"type": "MultiPolygon", "coordinates": [[[[4037609.1753000002, 3307941.5709000006], [4009190.2239999995, 3305020.3268999998], [3996616.1115000006, 3332178.267999999], [4014218.2829, 3347857.646400001], [4022186.940199999, 3358879.6272], [4046788.7599, 3371594.909], [4067837.936899999, 3373652.2719], [4069680.7704000007, 3356177.315199999], [4065386.9496999998, 3345750.3936], [4074259.4876000006, 3338002.2010999992], [4076894.5720000006, 3318692.3662], [4059751.0457000006, 3312033.4175000004], [4039339.9474, 3309047.7268000003], [4037609.1753000002, 3307941.5709000006]]]]}}, {"type": "Feature", "properties": {"NUTS_ID": "NL13", "LEVL_CODE": 2, "CNTR_CODE": "NL", "NAME_LATN": "Drenthe", "NUTS_NAME": "Drenthe", "MOUNT_TYPE": 0, "URBN_TYPE": 0, "COAST_TYPE": 0, "NAME_ENGL": "Netherlands", "NAME_FREN": "Pays-Bas", "ISO3_CODE": "NLD", "SVRG_UN": "UN Member State", "CAPT": "Amsterdam", "EU_STAT": "T", "EFTA_STAT": "F", "CC_STAT": "F", "NAME_GERM": "Niederlande"}, "geometry": {"type": "MultiPolygon", "coordinates": [[[[4125134.6445000004, 3307187.4432999995], [4118393.6692999993, 3285247.0691], [4098287.6952, 3284897.710999999], [4093073.582800001, 3289797.600299999], [4081673.5604, 3285199.6181000005], [4067227.2090000007, 3293191.489600001], [4059751.0457000006, 3312033.4175000004], [4076894.5720000006, 3318692.3662], [4074259.4876000006, 3338002.2010999992], [4084820.1632000003, 3349315.6192000005], [4107505.053200001, 3333864.8345], [4115299.0501000006, 3324875.0243999995], [4125134.6445000004, 3307187.4432999995]]]]}}, {"type": "Feature", "properties": {"NUTS_ID": "NL21", "LEVL_CODE": 2, "CNTR_CODE": "NL", "NAME_LATN": "Overijssel", "NUTS_NAME": "Overijssel", "MOUNT_TYPE": 0, "URBN_TYPE": 0, "COAST_TYPE": 0, "NAME_ENGL": "Netherlands", "NAME_FREN": "Pays-Bas", "ISO3_CODE": "NLD", "SVRG_UN": "UN Member State", "CAPT": "Amsterdam", "EU_STAT": "T", "EFTA_STAT": "F", "CC_STAT": "F", "NAME_GERM": "Niederlande"}, "geometry": {"type": "MultiPolygon", "coordinates": [[[[4067227.2090000007, 3293191.489600001], [4081673.5604, 3285199.6181000005], [4093073.582800001, 3289797.600299999], [4098287.6952, 3284897.710999999], [4096766.4867000002, 3269198.322899999], [4117146.8552, 3258660.1053], [4120624.0736, 3240894.579399999], [4099187.351500001, 3228125.133300001], [4074003.3797999993, 3243518.6193000004], [4059212.5162000004, 3242599.9755000006], [4056600.6042, 3266091.5625], [4040429.4657000005, 3275634.062000001], [4037609.1753000002, 3307941.5709000006], [4039339.9474, 3309047.7268000003], [4059751.0457000006, 3312033.4175000004], [4067227.2090000007, 3293191.489600001]]]]}}, {"type": "Feature", "properties": {"NUTS_ID": "NL22", "LEVL_CODE": 2, "CNTR_CODE": "NL", "NAME_LATN": "Gelderland", "NUTS_NAME": "Gelderland", "MOUNT_TYPE": 0, "URBN_TYPE": 0, "COAST_TYPE": 0, "NAME_ENGL": "Netherlands", "NAME_FREN": "Pays-Bas", "ISO3_CODE": "NLD", "SVRG_UN": "UN Member State", "CAPT": "Amsterdam", "EU_STAT": "T", "EFTA_STAT": "F", "CC_STAT": "F", "NAME_GERM": "Niederlande"}, "geometry": {"type": "MultiPolygon", "coordinates": [[[[4056600.6042, 3266091.5625], [4059212.5162000004, 3242599.9755000006], [4074003.3797999993, 3243518.6193000004], [4099187.351500001, 3228125.133300001], [4092852.0757999998, 3207673.7051], [4073465.7522, 3196970.059800001], [4057369.1633, 3205892.865700001], [4041680.6645, 3189693.8340000007], [4035672.119000001, 3191097.0657], [4017727.8945000004, 3200027.8693000004], [3984741.6887, 3192038.7158000004], [3976590.988399999, 3201887.2882000003], [3987665.3071999997, 3213689.8334999997], [4019059.823999999, 3212788.3247999996], [4007396.4034, 3247674.8369999994], [4040429.4657000005, 3275634.062000001], [4056600.6042, 3266091.5625]]]]}}, {"type": "Feature", "properties": {"NUTS_ID": "NL23", "LEVL_CODE": 2, "CNTR_CODE": "NL", "NAME_LATN": "Flevoland", "NUTS_NAME": "Flevoland", "MOUNT_TYPE": 0, "URBN_TYPE": 0, "COAST_TYPE": 0, "NAME_ENGL": "Netherlands", "NAME_FREN": "Pays-Bas", "ISO3_CODE": "NLD", "SVRG_UN": "UN Member State", "CAPT": "Amsterdam", "EU_STAT": "T", "EFTA_STAT": "F", "CC_STAT": "F", "NAME_GERM": "Niederlande"}, "geometry": {"type": "MultiPolygon", "coordinates": [[[[4040429.4657000005, 3275634.062000001], [4007396.4034, 3247674.8369999994], [4002973.508300001, 3252483.4716], [3986271.8277000003, 3264565.6158000007], [3986443.3279, 3285784.1576000005], [4009190.2239999995, 3305020.3268999998], [4037609.1753000002, 3307941.5709000006], [4040429.4657000005, 3275634.062000001]]]]}}, {"type": "Feature", "properties": {"NUTS_ID": "NL31", "LEVL_CODE": 2, "CNTR_CODE": "NL", "NAME_LATN": "Utrecht", "NUTS_NAME": "Utrecht", "MOUNT_TYPE": 0, "URBN_TYPE": 0, "COAST_TYPE": 0, "NAME_ENGL": "Netherlands", "NAME_FREN": "Pays-Bas", "ISO3_CODE": "NLD", "SVRG_UN": "UN Member State", "CAPT": "Amsterdam", "EU_STAT": "T", "EFTA_STAT": "F", "CC_STAT": "F", "NAME_GERM": "Niederlande"}, "geometry": {"type": "MultiPolygon", "coordinates": [[[[4002973.508300001, 3252483.4716], [4007396.4034, 3247674.8369999994], [4019059.823999999, 3212788.3247999996], [3987665.3071999997, 3213689.8334999997], [3969072.5023999996, 3215453.1334000006], [3965655.0843, 3247933.936899999], [3981701.3455, 3255264.6537999995], [3985895.5473999996, 3244429.513800001], [4002973.508300001, 3252483.4716]]]]}}, {"type": "Feature", "properties": {"NUTS_ID": "NL32", "LEVL_CODE": 2, "CNTR_CODE": "NL", "NAME_LATN": "Noord-Holland", "NUTS_NAME": "Noord-Holland", "MOUNT_TYPE": 0, "URBN_TYPE": 0, "COAST_TYPE": 0, "NAME_ENGL": "Netherlands", "NAME_FREN": "Pays-Bas", "ISO3_CODE": "NLD", "SVRG_UN": "UN Member State", "CAPT": "Amsterdam", "EU_STAT": "T", "EFTA_STAT": "F", "CC_STAT": "F", "NAME_GERM": "Niederlande"}, "geometry": {"type": "MultiPolygon", "coordinates": [[[[3986271.8277000003, 3264565.6158000007], [4002973.508300001, 3252483.4716], [3985895.5473999996, 3244429.513800001], [3981701.3455, 3255264.6537999995], [3965655.0843, 3247933.936899999], [3961038.724199999, 3246379.8204999994], [3953916.8430000003, 3258484.5315000005], [3946030.5296, 3260714.0299999993], [3951477.2358999997, 3272490.5833], [3955930.2215, 3287337.5961000007], [3960097.4846, 3307432.2420000006], [3971473.9976000004, 3356963.5716999993], [3996616.1115000006, 3332178.267999999], [4009190.2239999995, 3305020.3268999998], [3986443.3279, 3285784.1576000005], [3986271.8277000003, 3264565.6158000007]]]]}}, {"type": "Feature", "properties": {"NUTS_ID": "NL33", "LEVL_CODE": 2, "CNTR_CODE": "NL", "NAME_LATN": "Zuid-Holland", "NUTS_NAME": "Zuid-Holland", "MOUNT_TYPE": 0, "URBN_TYPE": 0, "COAST_TYPE": 0, "NAME_ENGL": "Netherlands", "NAME_FREN": "Pays-Bas", "ISO3_CODE": "NLD", "SVRG_UN": "UN Member State", "CAPT": "Amsterdam", "EU_STAT": "T", "EFTA_STAT": "F", "CC_STAT": "F", "NAME_GERM": "Niederlande"}, "geometry": {"type": "MultiPolygon", "coordinates": [[[[3953916.8430000003, 3258484.5315000005], [3961038.724199999, 3246379.8204999994], [3965655.0843, 3247933.936899999], [3969072.5023999996, 3215453.1334000006], [3987665.3071999997, 3213689.8334999997], [3976590.988399999, 3201887.2882000003], [3953519.616699999, 3192809.0428], [3949582.3794, 3191894.0549999997], [3922965.4871999994, 3186450.334899999], [3896190.6349, 3201061.1819], [3918217.2456, 3226298.0676000006], [3923497.8717, 3231860.2903000005], [3936686.5755000003, 3245668.6426], [3946030.5296, 3260714.0299999993], [3953916.8430000003, 3258484.5315000005]]]]}}, {"type": "Feature", "properties": {"NUTS_ID": "NL34", "LEVL_CODE": 2, "CNTR_CODE": "NL", "NAME_LATN": "Zeeland", "NUTS_NAME": "Zeeland", "MOUNT_TYPE": 0, "URBN_TYPE": 0, "COAST_TYPE": 0, "NAME_ENGL": "Netherlands", "NAME_FREN": "Pays-Bas", "ISO3_CODE": "NLD", "SVRG_UN": "UN Member State", "CAPT": "Amsterdam", "EU_STAT": "T", "EFTA_STAT": "F", "CC_STAT": "F", "NAME_GERM": "Niederlande"}, "geometry": {"type": "MultiPolygon", "coordinates": [[[[3923161.9311999995, 3156164.4332], [3920660.2127, 3156217.704], [3883442.9903999995, 3175162.1089999992], [3896190.6349, 3201061.1819], [3922965.4871999994, 3186450.334899999], [3923161.9311999995, 3156164.4332]]], [[[3900841.3057000004, 3141114.0470000003], [3892268.487299999, 3140257.5569], [3859809.09, 3150168.8783], [3859737.4079, 3160854.8641999997], [3919814.3946, 3153328.4564999994], [3900841.3057000004, 3141114.0470000003]]]]}}, {"type": "Feature", "properties": {"NUTS_ID": "NL41", "LEVL_CODE": 2, "CNTR_CODE": "NL", "NAME_LATN": "Noord-Brabant", "NUTS_NAME": "Noord-Brabant", "MOUNT_TYPE": 0, "URBN_TYPE": 0, "COAST_TYPE": 0, "NAME_ENGL": "Netherlands", "NAME_FREN": "Pays-Bas", "ISO3_CODE": "NLD", "SVRG_UN": "UN Member State", "CAPT": "Amsterdam", "EU_STAT": "T", "EFTA_STAT": "F", "CC_STAT": "F", "NAME_GERM": "Niederlande"}, "geometry": {"type": "MultiPolygon", "coordinates": [[[[4035672.119000001, 3191097.0657], [4032595.3534999993, 3169988.2424999997], [4031357.5250000004, 3145587.2858000007], [4011459.8396000005, 3132703.4902999997], [3988851.4396, 3138673.9134], [3980658.9135, 3157888.2239999995], [3957506.818499999, 3167694.4761999995], [3950633.7397000007, 3159702.9375], [3923161.9311999995, 3156164.4332], [3922965.4871999994, 3186450.334899999], [3949582.3794, 3191894.0549999997], [3953519.616699999, 3192809.0428], [3976590.988399999, 3201887.2882000003], [3984741.6887, 3192038.7158000004], [4017727.8945000004, 3200027.8693000004], [4035672.119000001, 3191097.0657]]]]}}, {"type": "Feature", "properties": {"NUTS_ID": "NL42", "LEVL_CODE": 2, "CNTR_CODE": "NL", "NAME_LATN": "Limburg (NL)", "NUTS_NAME": "Limburg (NL)", "MOUNT_TYPE": 0, "URBN_TYPE": 0, "COAST_TYPE": 0, "NAME_ENGL": "Netherlands", "NAME_FREN": "Pays-Bas", "ISO3_CODE": "NLD", "SVRG_UN": "UN Member State", "CAPT": "Amsterdam", "EU_STAT": "T", "EFTA_STAT": "F", "CC_STAT": "F", "NAME_GERM": "Niederlande"}, "geometry": {"type": "MultiPolygon", "coordinates": [[[[4040360.1849000007, 3079039.3890000004], [4025883.6818000004, 3075418.9510999992], [4017252.1834999993, 3086772.5351], [4024033.4265, 3108310.8542], [4026610.5578000005, 3113861.8872999996], [4011459.8396000005, 3132703.4902999997], [4031357.5250000004, 3145587.2858000007], [4032595.3534999993, 3169988.2424999997], [4035672.119000001, 3191097.0657], [4041680.6645, 3189693.8340000007], [4058181.026799999, 3146140.6393999998], [4046900.025699999, 3133097.6772000007], [4053685.3247999996, 3126266.0513000004], [4031952.4076000005, 3110464.237400001], [4045944.8244000003, 3096437.1327], [4040360.1849000007, 3079039.3890000004]]]]}}, {"type": "Feature", "properties": {"NUTS_ID": "IS00", "LEVL_CODE": 2, "CNTR_CODE": "IS", "NAME_LATN": "Ísland", "NUTS_NAME": "Ísland", "MOUNT_TYPE": 0, "URBN_TYPE": 0, "COAST_TYPE": 0, "NAME_ENGL": "Iceland", "NAME_FREN": "Islande", "ISO3_CODE": "ISL", "SVRG_UN": "UN Member State", "CAPT": "Reykjavík", "EU_STAT": "F", "EFTA_STAT": "T", "CC_STAT": "F", "NAME_GERM": "Island"}, "geometry": {"type": "MultiPolygon", "coordinates": [[[[3232232.5056999996, 4908819.394200001], [3228233.5602, 4870363.569599999], [3204109.8178000003, 4833704.7827], [3134322.9992999993, 4791820.6537999995], [2952145.4415000007, 4768793.2086], [2869561.7916, 4813198.1653], [2806151.7323000003, 4886031.692], [2807712.9813, 4905169.5998], [2838648.7873, 4925562.6888999995], [2858074.2029, 4922790.0057], [2829547.3879000004, 4943649.892899999], [2812929.4616, 4999239.850400001], [2865876.1325000003, 5053660.294600001], [2823221.181, 5079215.351], [2822380.9919000007, 5107070.060799999], [2905636.1961000003, 5139349.110200001], [2929483.0209, 5108676.689099999], [2934492.6215000004, 5028953.1491], [2992571.7792000007, 5054149.333900001], [3105557.8594000004, 5016973.5471], [3182248.6417999994, 5029088.8411], [3215343.221000001, 4973810.8059], [3232232.5056999996, 4908819.394200001]]]]}}, {"type": "Feature", "properties": {"NUTS_ID": "ITC1", "LEVL_CODE": 2, "CNTR_CODE": "IT", "NAME_LATN": "Piemonte", "NUTS_NAME": "Piemonte", "MOUNT_TYPE": 0, "URBN_TYPE": 0, "COAST_TYPE": 0, "NAME_ENGL": "Italy", "NAME_FREN": "Italie", "ISO3_CODE": "ITA", "SVRG_UN": "UN Member State", "CAPT": "Rome", "EU_STAT": "T", "EFTA_STAT": "F", "CC_STAT": "F", "NAME_GERM": "Italien"}, "geometry": {"type": "MultiPolygon", "coordinates": [[[[4257616.285499999, 2389495.8589999992], [4207563.8661, 2378673.4451], [4182530.3291999996, 2380336.1228], [4181854.288899999, 2381385.3564], [4161805.251700001, 2335511.6939000003], [4137476.9604, 2330752.1697000004], [4072437.7837000005, 2366359.4788000006], [4078566.3036, 2398682.6088999994], [4088123.4881999996, 2404818.9069], [4055455.9967, 2450215.5264], [4095551.4164000005, 2465999.3100000005], [4094309.3320000004, 2488413.1999999993], [4156590.7277000006, 2499824.3033000007], [4160175.6658999994, 2514637.7194], [4155107.7885999996, 2536147.715], [4156152.8649000004, 2537251.1045999993], [4196776.6841, 2594561.0877], [4221436.720000001, 2554668.332800001], [4211596.982799999, 2524974.070800001], [4219896.3726, 2494860.8158], [4230259.520400001, 2476435.1432000007], [4204264.291300001, 2467954.550899999], [4206653.733899999, 2451800.567500001], [4257465.7885, 2397552.7474000007], [4257616.285499999, 2389495.8589999992]]]]}}, {"type": "Feature", "properties": {"NUTS_ID": "ITC2", "LEVL_CODE": 2, "CNTR_CODE": "IT", "NAME_LATN": "Valle d’Aosta/Vallée d’Aoste", "NUTS_NAME": "Valle d’Aosta/Vallée d’Aoste", "MOUNT_TYPE": 0, "URBN_TYPE": 0, "COAST_TYPE": 0, "NAME_ENGL": "Italy", "NAME_FREN": "Italie", "ISO3_CODE": "ITA", "SVRG_UN": "UN Member State", "CAPT": "Rome", "EU_STAT": "T", "EFTA_STAT": "F", "CC_STAT": "F", "NAME_GERM": "Italien"}, "geometry": {"type": "MultiPolygon", "coordinates": [[[[4155107.7885999996, 2536147.715], [4160175.6658999994, 2514637.7194], [4156590.7277000006, 2499824.3033000007], [4094309.3320000004, 2488413.1999999993], [4072064.4948999994, 2523773.4279999994], [4091539.9584999997, 2538951.4132000003], [4155107.7885999996, 2536147.715]]]]}}, {"type": "Feature", "properties": {"NUTS_ID": "ITC3", "LEVL_CODE": 2, "CNTR_CODE": "IT", "NAME_LATN": "Liguria", "NUTS_NAME": "Liguria", "MOUNT_TYPE": 0, "URBN_TYPE": 0, "COAST_TYPE": 0, "NAME_ENGL": "Italy", "NAME_FREN": "Italie", "ISO3_CODE": "ITA", "SVRG_UN": "UN Member State", "CAPT": "Rome", "EU_STAT": "T", "EFTA_STAT": "F", "CC_STAT": "F", "NAME_GERM": "Italien"}, "geometry": {"type": "MultiPolygon", "coordinates": [[[[4280666.858999999, 2382904.5429], [4279420.8071, 2366652.8872999996], [4295976.596100001, 2361756.9229000006], [4322507.7072, 2326070.842700001], [4281865.553300001, 2345283.3445999995], [4211842.227299999, 2364240.6691999994], [4170959.8007999994, 2316230.6527999993], [4121719.5385, 2300472.5979999993], [4137476.9604, 2330752.1697000004], [4161805.251700001, 2335511.6939000003], [4181854.288899999, 2381385.3564], [4182530.3291999996, 2380336.1228], [4207563.8661, 2378673.4451], [4257616.285499999, 2389495.8589999992], [4280666.858999999, 2382904.5429]]]]}}, {"type": "Feature", "properties": {"NUTS_ID": "ITC4", "LEVL_CODE": 2, "CNTR_CODE": "IT", "NAME_LATN": "Lombardia", "NUTS_NAME": "Lombardia", "MOUNT_TYPE": 0, "URBN_TYPE": 0, "COAST_TYPE": 0, "NAME_ENGL": "Italy", "NAME_FREN": "Italie", "ISO3_CODE": "ITA", "SVRG_UN": "UN Member State", "CAPT": "Rome", "EU_STAT": "T", "EFTA_STAT": "F", "CC_STAT": "F", "NAME_GERM": "Italien"}, "geometry": {"type": "MultiPolygon", "coordinates": [[[[4360747.8495000005, 2581252.9152000006], [4360977.002800001, 2529888.840500001], [4386364.0463, 2524813.0775000006], [4372320.306600001, 2478396.2885], [4379542.598099999, 2467233.9725], [4387053.4629, 2462036.3608], [4416023.447699999, 2444947.0725999996], [4433784.0461, 2427571.645300001], [4419512.293099999, 2427466.2808999997], [4391236.0659, 2422939.3534999993], [4360889.9023, 2423560.9539], [4357691.773700001, 2425176.9283000007], [4327590.1757, 2436913.4531999994], [4312418.9827, 2446561.6128000002], [4285438.4552, 2446857.064099999], [4257465.7885, 2397552.7474000007], [4206653.733899999, 2451800.567500001], [4204264.291300001, 2467954.550899999], [4230259.520400001, 2476435.1432000007], [4219896.3726, 2494860.8158], [4211596.982799999, 2524974.070800001], [4221436.720000001, 2554668.332800001], [4236365.010399999, 2524805.7344000004], [4256006.521, 2562205.0749999993], [4262968.432399999, 2569255.1774000004], [4270832.195599999, 2595632.4387], [4324907.0221, 2580200.1414], [4334343.9449000005, 2607397.545600001], [4355774.3639, 2602036.5163000003], [4368853.389599999, 2592960.7366000004], [4360747.8495000005, 2581252.9152000006]]]]}}, {"type": "Feature", "properties": {"NUTS_ID": "ITF1", "LEVL_CODE": 2, "CNTR_CODE": "IT", "NAME_LATN": "Abruzzo", "NUTS_NAME": "Abruzzo", "MOUNT_TYPE": 0, "URBN_TYPE": 0, "COAST_TYPE": 0, "NAME_ENGL": "Italy", "NAME_FREN": "Italie", "ISO3_CODE": "ITA", "SVRG_UN": "UN Member State", "CAPT": "Rome", "EU_STAT": "T", "EFTA_STAT": "F", "CC_STAT": "F", "NAME_GERM": "Italien"}, "geometry": {"type": "MultiPolygon", "coordinates": [[[[4717676.632300001, 2119915.694700001], [4695182.58, 2084110.2533], [4673209.844799999, 2095859.5923999995], [4650207.382200001, 2073654.0550999995], [4640644.523800001, 2078168.8268], [4595223.9559, 2099895.607999999], [4572442.542199999, 2117415.037799999], [4589588.7546999995, 2129405.7062], [4586274.109300001, 2148744.4343999997], [4587012.6554000005, 2162843.5639999993], [4600364.228800001, 2171343.3159], [4597068.977700001, 2182062.8752999995], [4641630.086300001, 2206987.3696999997], [4650921.624600001, 2184702.9782999996], [4662614.362400001, 2167738.8082], [4671923.4134, 2158742.1172], [4717676.632300001, 2119915.694700001]]]]}}, {"type": "Feature", "properties": {"NUTS_ID": "ITF2", "LEVL_CODE": 2, "CNTR_CODE": "IT", "NAME_LATN": "Molise", "NUTS_NAME": "Molise", "MOUNT_TYPE": 0, "URBN_TYPE": 0, "COAST_TYPE": 0, "NAME_ENGL": "Italy", "NAME_FREN": "Italie", "ISO3_CODE": "ITA", "SVRG_UN": "UN Member State", "CAPT": "Rome", "EU_STAT": "T", "EFTA_STAT": "F", "CC_STAT": "F", "NAME_GERM": "Italien"}, "geometry": {"type": "MultiPolygon", "coordinates": [[[[4748383.586999999, 2106070.6742000002], [4744955.0843, 2084329.2129999995], [4740542.3081, 2056664.1985], [4699131.263699999, 2042537.3928999994], [4688495.4274, 2048644.864], [4654502.114499999, 2048895.0186], [4650207.382200001, 2073654.0550999995], [4673209.844799999, 2095859.5923999995], [4695182.58, 2084110.2533], [4717676.632300001, 2119915.694700001], [4748383.586999999, 2106070.6742000002]]]]}}, {"type": "Feature", "properties": {"NUTS_ID": "ITF3", "LEVL_CODE": 2, "CNTR_CODE": "IT", "NAME_LATN": "Campania", "NUTS_NAME": "Campania", "MOUNT_TYPE": 0, "URBN_TYPE": 0, "COAST_TYPE": 0, "NAME_ENGL": "Italy", "NAME_FREN": "Italie", "ISO3_CODE": "ITA", "SVRG_UN": "UN Member State", "CAPT": "Rome", "EU_STAT": "T", "EFTA_STAT": "F", "CC_STAT": "F", "NAME_GERM": "Italien"}, "geometry": {"type": "MultiPolygon", "coordinates": [[[[4740542.3081, 2056664.1985], [4753814.5898, 2034719.8154000007], [4788523.5867, 2012270.2522999998], [4772607.5743, 1986622.170499999], [4809657.3464, 1916154.9013], [4804763.6351, 1901170.2929999996], [4756714.554, 1912831.8747000005], [4727078.128900001, 1954206.9710000008], [4701598.084799999, 1960713.5135999992], [4662108.0463, 1986871.4190999996], [4637532.455600001, 2021521.166099999], [4646424.9705, 2034721.1104000006], [4654502.114499999, 2048895.0186], [4688495.4274, 2048644.864], [4699131.263699999, 2042537.3928999994], [4740542.3081, 2056664.1985]]]]}}, {"type": "Feature", "properties": {"NUTS_ID": "ITF4", "LEVL_CODE": 2, "CNTR_CODE": "IT", "NAME_LATN": "Puglia", "NUTS_NAME": "Puglia", "MOUNT_TYPE": 0, "URBN_TYPE": 0, "COAST_TYPE": 0, "NAME_ENGL": "Italy", "NAME_FREN": "Italie", "ISO3_CODE": "ITA", "SVRG_UN": "UN Member State", "CAPT": "Rome", "EU_STAT": "T", "EFTA_STAT": "F", "CC_STAT": "F", "NAME_GERM": "Italien"}, "geometry": {"type": "MultiPolygon", "coordinates": [[[[4871066.9235, 2038145.4593000002], [4945371.7378, 2007500.8091000002], [4990654.573999999, 1988739.8658000007], [5009076.984999999, 1972177.3040999994], [5041303.092499999, 1938834.7643], [5035626.410499999, 1904443.9593000002], [5015703.3989, 1908573.7260999996], [4983093.549900001, 1945002.7710999995], [4905972.885, 1948907.3000000007], [4891046.5507, 1982643.9609999992], [4849351.1789, 1992850.9180999994], [4845180.2754, 2001330.1586000007], [4815411.6855999995, 2023628.6757999994], [4788523.5867, 2012270.2522999998], [4753814.5898, 2034719.8154000007], [4740542.3081, 2056664.1985], [4744955.0843, 2084329.2129999995], [4748383.586999999, 2106070.6742000002], [4824160.8003, 2109316.9856000002], [4824850.307600001, 2090224.0295000002], [4826062.3496, 2056175.3235999998], [4871066.9235, 2038145.4593000002]]]]}}, {"type": "Feature", "properties": {"NUTS_ID": "ITF5", "LEVL_CODE": 2, "CNTR_CODE": "IT", "NAME_LATN": "Basilicata", "NUTS_NAME": "Basilicata", "MOUNT_TYPE": 0, "URBN_TYPE": 0, "COAST_TYPE": 0, "NAME_ENGL": "Italy", "NAME_FREN": "Italie", "ISO3_CODE": "ITA", "SVRG_UN": "UN Member State", "CAPT": "Rome", "EU_STAT": "T", "EFTA_STAT": "F", "CC_STAT": "F", "NAME_GERM": "Italien"}, "geometry": {"type": "MultiPolygon", "coordinates": [[[[4869105.299000001, 1907680.3215999994], [4815169.1022, 1888734.5168999992], [4804763.6351, 1901170.2929999996], [4809657.3464, 1916154.9013], [4772607.5743, 1986622.170499999], [4788523.5867, 2012270.2522999998], [4815411.6855999995, 2023628.6757999994], [4845180.2754, 2001330.1586000007], [4849351.1789, 1992850.9180999994], [4891046.5507, 1982643.9609999992], [4905972.885, 1948907.3000000007], [4889506.1939, 1916502.2782000005], [4869105.299000001, 1907680.3215999994]]]]}}, {"type": "Feature", "properties": {"NUTS_ID": "ITF6", "LEVL_CODE": 2, "CNTR_CODE": "IT", "NAME_LATN": "Calabria", "NUTS_NAME": "Calabria", "MOUNT_TYPE": 0, "URBN_TYPE": 0, "COAST_TYPE": 0, "NAME_ENGL": "Italy", "NAME_FREN": "Italie", "ISO3_CODE": "ITA", "SVRG_UN": "UN Member State", "CAPT": "Rome", "EU_STAT": "T", "EFTA_STAT": "F", "CC_STAT": "F", "NAME_GERM": "Italien"}, "geometry": {"type": "MultiPolygon", "coordinates": [[[[4898485.7995, 1734482.4820000008], [4836966.787599999, 1669863.5932999998], [4819543.7479, 1691928.8340000007], [4840158.866, 1733790.2212000005], [4863490.236500001, 1769259.0022], [4851084.487400001, 1794642.0122999996], [4815169.1022, 1888734.5168999992], [4869105.299000001, 1907680.3215999994], [4889506.1939, 1916502.2782000005], [4884047.857100001, 1871924.1488000005], [4927897.3654, 1849464.5260000005], [4939271.283299999, 1802361.0481000002], [4921369.322899999, 1787169.8807999995], [4909332.9245, 1781128.2804000005], [4895575.9034, 1760870.2741999999], [4898485.7995, 1734482.4820000008]]]]}}, {"type": "Feature", "properties": {"NUTS_ID": "ITG1", "LEVL_CODE": 2, "CNTR_CODE": "IT", "NAME_LATN": "Sicilia", "NUTS_NAME": "Sicilia", "MOUNT_TYPE": 0, "URBN_TYPE": 0, "COAST_TYPE": 0, "NAME_ENGL": "Italy", "NAME_FREN": "Italie", "ISO3_CODE": "ITA", "SVRG_UN": "UN Member State", "CAPT": "Rome", "EU_STAT": "T", "EFTA_STAT": "F", "CC_STAT": "F", "NAME_GERM": "Italien"}, "geometry": {"type": "MultiPolygon", "coordinates": [[[[4605538.501700001, 1685110.6470999997], [4690793.236400001, 1670054.6800999995], [4792129.5252, 1692431.0241], [4787071.7480999995, 1652570.0656000003], [4775275.4198, 1602135.1038000006], [4791105.577099999, 1571965.6993000004], [4771337.8016, 1529624.4864000008], [4732533.237299999, 1534570.0101999994], [4710072.1544, 1558882.7113000005], [4682530.865, 1568851.5188999996], [4578759.5769, 1616090.8729999997], [4556151.842800001, 1622071.7694000006], [4546803.6982, 1653886.3219000008], [4584163.2787, 1667359.9342999998], [4605538.501700001, 1685110.6470999997]]], [[[4518351.7531, 1531189.0841000006], [4500970.6493, 1507150.235200001], [4479217.802100001, 1536458.3197000008], [4487649.129000001, 1545685.8505000006], [4518351.7531, 1531189.0841000006]]]]}}, {"type": "Feature", "properties": {"NUTS_ID": "ITG2", "LEVL_CODE": 2, "CNTR_CODE": "IT", "NAME_LATN": "Sardegna", "NUTS_NAME": "Sardegna", "MOUNT_TYPE": 0, "URBN_TYPE": 0, "COAST_TYPE": 0, "NAME_ENGL": "Italy", "NAME_FREN": "Italie", "ISO3_CODE": "ITA", "SVRG_UN": "UN Member State", "CAPT": "Rome", "EU_STAT": "T", "EFTA_STAT": "F", "CC_STAT": "F", "NAME_GERM": "Italien"}, "geometry": {"type": "MultiPolygon", "coordinates": [[[[4279335.9318, 1788230.9803], [4199979.8377, 1764520.0514000002], [4178712.0921, 1777247.9694999997], [4181881.6336000003, 1818822.1631000005], [4191866.005000001, 1848044.9605], [4189784.4738999996, 1901712.7294999994], [4184513.1996999998, 1924933.2226], [4171082.5823, 1968064.5196000002], [4219713.067500001, 1982154.6537999995], [4268806.916999999, 2010861.2415999994], [4299705.048900001, 1951216.7446999997], [4289165.4836, 1900466.4927999992], [4290842.2005, 1828771.5175], [4279335.9318, 1788230.9803]]]]}}, {"type": "Feature", "properties": {"NUTS_ID": "ITH1", "LEVL_CODE": 2, "CNTR_CODE": "IT", "NAME_LATN": "Provincia Autonoma di Bolzano/Bozen", "NUTS_NAME": "Provincia Autonoma di Bolzano/Bozen", "MOUNT_TYPE": 0, "URBN_TYPE": 0, "COAST_TYPE": 0, "NAME_ENGL": "Italy", "NAME_FREN": "Italie", "ISO3_CODE": "ITA", "SVRG_UN": "UN Member State", "CAPT": "Rome", "EU_STAT": "T", "EFTA_STAT": "F", "CC_STAT": "F", "NAME_GERM": "Italien"}, "geometry": {"type": "MultiPolygon", "coordinates": [[[[4491314.129799999, 2664310.289000001], [4489656.706700001, 2645101.3159], [4510728.830499999, 2621660.5086000003], [4463644.3464, 2602364.7206999995], [4421074.7524, 2576089.964400001], [4402896.658600001, 2597970.269200001], [4368853.389599999, 2592960.7366000004], [4355774.3639, 2602036.5163000003], [4356848.7469999995, 2638051.4913], [4395997.266100001, 2633155.3092], [4409680.1316, 2650942.1194], [4444821.7107, 2656889.1414], [4462343.119100001, 2656248.4411999993], [4483320.7127, 2665352.2216], [4491314.129799999, 2664310.289000001]]]]}}, {"type": "Feature", "properties": {"NUTS_ID": "ITH2", "LEVL_CODE": 2, "CNTR_CODE": "IT", "NAME_LATN": "Provincia Autonoma di Trento", "NUTS_NAME": "Provincia Autonoma di Trento", "MOUNT_TYPE": 0, "URBN_TYPE": 0, "COAST_TYPE": 0, "NAME_ENGL": "Italy", "NAME_FREN": "Italie", "ISO3_CODE": "ITA", "SVRG_UN": "UN Member State", "CAPT": "Rome", "EU_STAT": "T", "EFTA_STAT": "F", "CC_STAT": "F", "NAME_GERM": "Italien"}, "geometry": {"type": "MultiPolygon", "coordinates": [[[[4451662.649599999, 2542720.137700001], [4409779.0087, 2510063.8324999996], [4386364.0463, 2524813.0775000006], [4360977.002800001, 2529888.840500001], [4360747.8495000005, 2581252.9152000006], [4368853.389599999, 2592960.7366000004], [4402896.658600001, 2597970.269200001], [4421074.7524, 2576089.964400001], [4463644.3464, 2602364.7206999995], [4467313.093599999, 2565145.788899999], [4451662.649599999, 2542720.137700001]]]]}}, {"type": "Feature", "properties": {"NUTS_ID": "ITH3", "LEVL_CODE": 2, "CNTR_CODE": "IT", "NAME_LATN": "Veneto", "NUTS_NAME": "Veneto", "MOUNT_TYPE": 0, "URBN_TYPE": 0, "COAST_TYPE": 0, "NAME_ENGL": "Italy", "NAME_FREN": "Italie", "ISO3_CODE": "ITA", "SVRG_UN": "UN Member State", "CAPT": "Rome", "EU_STAT": "T", "EFTA_STAT": "F", "CC_STAT": "F", "NAME_GERM": "Italien"}, "geometry": {"type": "MultiPolygon", "coordinates": [[[[4507006.0847, 2550671.8768000007], [4528180.7412, 2523671.7575000003], [4552694.294299999, 2529222.9178], [4562837.831700001, 2508581.9823000003], [4495895.107000001, 2470763.3575999998], [4504513.282, 2452710.476399999], [4511151.919199999, 2412079.661699999], [4467737.9352, 2430949.7327999994], [4433784.0461, 2427571.645300001], [4416023.447699999, 2444947.0725999996], [4387053.4629, 2462036.3608], [4379542.598099999, 2467233.9725], [4372320.306600001, 2478396.2885], [4386364.0463, 2524813.0775000006], [4409779.0087, 2510063.8324999996], [4451662.649599999, 2542720.137700001], [4467313.093599999, 2565145.788899999], [4463644.3464, 2602364.7206999995], [4510728.830499999, 2621660.5086000003], [4527096.498, 2619689.6187999994], [4530306.198799999, 2617285.803200001], [4513282.143200001, 2592009.2314], [4507006.0847, 2550671.8768000007]]]]}}, {"type": "Feature", "properties": {"NUTS_ID": "TR33", "LEVL_CODE": 2, "CNTR_CODE": "TR", "NAME_LATN": "Manisa, Afyonkarahisar, Kütahya, Uşak", "NUTS_NAME": "Manisa, Afyonkarahisar, Kütahya, Uşak", "MOUNT_TYPE": 0, "URBN_TYPE": 0, "COAST_TYPE": 0, "NAME_ENGL": "Türkiye", "NAME_FREN": "Turquie", "ISO3_CODE": "TUR", "SVRG_UN": "UN Member State", "CAPT": "Ankara", "EU_STAT": "F", "EFTA_STAT": "F", "CC_STAT": "T", "NAME_GERM": "Türkei"}, "geometry": {"type": "MultiPolygon", "coordinates": [[[[6174136.3134, 2045174.2309000008], [6181950.992000001, 1996440.8358999994], [6161142.737600001, 1961385.8542999998], [6122666.162799999, 1941533.2282999996], [6077506.1994, 1862461.2894000001], [6061465.7127, 1858131.6319999993], [6045429.4572, 1879217.8989000004], [6058849.592599999, 1916261.820699999], [6034566.569700001, 1934782.125], [6020199.740499999, 1907310.3389999997], [5963687.315400001, 1888445.1223000009], [5947527.2467, 1867160.9253000002], [5932346.825200001, 1865098.2369], [5806664.2217, 1907211.7214000002], [5825063.044399999, 1945073.5667000003], [5813242.027899999, 1978468.509299999], [5850506.831700001, 1986586.2717000004], [5889014.6844999995, 1966624.6219999995], [5924999.807499999, 1982205.2466000002], [5940257.808, 2037902.5004999992], [5997595.800799999, 2083972.2756999992], [6029510.1701, 2068171.5001999997], [6071934.782400001, 2029136.1410000008], [6174136.3134, 2045174.2309000008]]]]}}, {"type": "Feature", "properties": {"NUTS_ID": "TR41", "LEVL_CODE": 2, "CNTR_CODE": "TR", "NAME_LATN": "Bursa, Eskişehir, Bilecik", "NUTS_NAME": "Bursa, Eskişehir, Bilecik", "MOUNT_TYPE": 0, "URBN_TYPE": 0, "COAST_TYPE": 0, "NAME_ENGL": "Türkiye", "NAME_FREN": "Turquie", "ISO3_CODE": "TUR", "SVRG_UN": "UN Member State", "CAPT": "Ankara", "EU_STAT": "F", "EFTA_STAT": "F", "CC_STAT": "T", "NAME_GERM": "Türkei"}, "geometry": {"type": "MultiPolygon", "coordinates": [[[[5998754.6664, 2159065.0143], [6050523.502599999, 2147135.7052999996], [6065114.2118999995, 2133989.3861999996], [6080013.9122, 2136020.4716999996], [6162945.2016, 2132195.3486], [6195061.7872, 2088659.1948000006], [6189648.3171999995, 2052735.1883000005], [6174136.3134, 2045174.2309000008], [6071934.782400001, 2029136.1410000008], [6029510.1701, 2068171.5001999997], [5997595.800799999, 2083972.2756999992], [5940257.808, 2037902.5004999992], [5929720.073000001, 2037603.3344], [5883305.9417, 2049293.2157000005], [5861181.431299999, 2072131.1176999994], [5854053.862500001, 2107095.8665999994], [5910777.8969, 2119687.5295], [5920390.886499999, 2131891.8538000006], [5952631.791300001, 2149952.3603000008], [5994742.0758, 2161371.919399999], [5998754.6664, 2159065.0143]]]]}}, {"type": "Feature", "properties": {"NUTS_ID": "TR42", "LEVL_CODE": 2, "CNTR_CODE": "TR", "NAME_LATN": "Kocaeli, Sakarya, Düzce, Bolu, Yalova", "NUTS_NAME": "Kocaeli, Sakarya, Düzce, Bolu, Yalova", "MOUNT_TYPE": 0, "URBN_TYPE": 0, "COAST_TYPE": 0, "NAME_ENGL": "Türkiye", "NAME_FREN": "Turquie", "ISO3_CODE": "TUR", "SVRG_UN": "UN Member State", "CAPT": "Ankara", "EU_STAT": "F", "EFTA_STAT": "F", "CC_STAT": "T", "NAME_GERM": "Türkei"}, "geometry": {"type": "MultiPolygon", "coordinates": [[[[6012649.8224, 2239140.841600001], [6066415.911900001, 2241475.3683], [6090470.8893, 2253507.5096000005], [6130554.7805, 2252531.1261], [6160426.8100000005, 2264457.8846000005], [6201360.806299999, 2251096.0535000004], [6204412.6910999995, 2238599.2052999996], [6161439.149, 2184446.1043999996], [6102872.2882, 2165835.9351000004], [6080013.9122, 2136020.4716999996], [6065114.2118999995, 2133989.3861999996], [6050523.502599999, 2147135.7052999996], [5998754.6664, 2159065.0143], [5994742.0758, 2161371.919399999], [5952631.791300001, 2149952.3603000008], [5920390.886499999, 2131891.8538000006], [5917207.304300001, 2145272.4524000008], [5959377.2969, 2169198.0484999996], [5940443.759199999, 2176264.6207], [5974176.278899999, 2223871.1973], [6012649.8224, 2239140.841600001]]]]}}, {"type": "Feature", "properties": {"NUTS_ID": "TR51", "LEVL_CODE": 2, "CNTR_CODE": "TR", "NAME_LATN": "Ankara", "NUTS_NAME": "Ankara", "MOUNT_TYPE": 0, "URBN_TYPE": 0, "COAST_TYPE": 0, "NAME_ENGL": "Türkiye", "NAME_FREN": "Turquie", "ISO3_CODE": "TUR", "SVRG_UN": "UN Member State", "CAPT": "Ankara", "EU_STAT": "F", "EFTA_STAT": "F", "CC_STAT": "T", "NAME_GERM": "Türkei"}, "geometry": {"type": "MultiPolygon", "coordinates": [[[[6307486.4991999995, 2229517.2244000006], [6305350.1719, 2198639.0458000004], [6293354.554099999, 2153489.8380999994], [6317275.9651999995, 2118165.6317], [6363304.8785, 2097196.0867], [6340986.426899999, 2042485.4529], [6315580.1866, 2081068.0634000003], [6289699.5854, 2091438.8943000007], [6237760.7524999995, 2048783.9977000002], [6189648.3171999995, 2052735.1883000005], [6195061.7872, 2088659.1948000006], [6162945.2016, 2132195.3486], [6080013.9122, 2136020.4716999996], [6102872.2882, 2165835.9351000004], [6161439.149, 2184446.1043999996], [6204412.6910999995, 2238599.2052999996], [6264140.600299999, 2220792.6043999996], [6307486.4991999995, 2229517.2244000006]]]]}}, {"type": "Feature", "properties": {"NUTS_ID": "TR52", "LEVL_CODE": 2, "CNTR_CODE": "TR", "NAME_LATN": "Konya, Karaman", "NUTS_NAME": "Konya, Karaman", "MOUNT_TYPE": 0, "URBN_TYPE": 0, "COAST_TYPE": 0, "NAME_ENGL": "Türkiye", "NAME_FREN": "Turquie", "ISO3_CODE": "TUR", "SVRG_UN": "UN Member State", "CAPT": "Ankara", "EU_STAT": "F", "EFTA_STAT": "F", "CC_STAT": "T", "NAME_GERM": "Türkei"}, "geometry": {"type": "MultiPolygon", "coordinates": [[[[6315580.1866, 2081068.0634000003], [6340986.426899999, 2042485.4529], [6333504.615499999, 2002784.3388], [6349568.4702, 1977561.6088999994], [6407746.264599999, 1990570.3210000005], [6438187.8049, 1978170.2369999997], [6447007.323799999, 1970045.4003999997], [6447218.719699999, 1950428.4401999991], [6454800.5385, 1938756.2338999994], [6462258.3958, 1928316.5112999994], [6456979.085100001, 1913801.7331000008], [6432546.1688, 1892968.6580999997], [6361023.414999999, 1841466.0716999993], [6366652.881999999, 1801683.7849000003], [6332622.1887, 1775480.514799999], [6311829.8061, 1813144.4956], [6236896.2886, 1855905.3443], [6194373.706499999, 1855121.1524999999], [6189457.211200001, 1931070.0241999999], [6161142.737600001, 1961385.8542999998], [6181950.992000001, 1996440.8358999994], [6174136.3134, 2045174.2309000008], [6189648.3171999995, 2052735.1883000005], [6237760.7524999995, 2048783.9977000002], [6289699.5854, 2091438.8943000007], [6315580.1866, 2081068.0634000003]]]]}}, {"type": "Feature", "properties": {"NUTS_ID": "TR61", "LEVL_CODE": 2, "CNTR_CODE": "TR", "NAME_LATN": "Antalya, Isparta, Burdur", "NUTS_NAME": "Antalya, Isparta, Burdur", "MOUNT_TYPE": 0, "URBN_TYPE": 0, "COAST_TYPE": 0, "NAME_ENGL": "Türkiye", "NAME_FREN": "Turquie", "ISO3_CODE": "TUR", "SVRG_UN": "UN Member State", "CAPT": "Ankara", "EU_STAT": "F", "EFTA_STAT": "F", "CC_STAT": "T", "NAME_GERM": "Türkei"}, "geometry": {"type": "MultiPolygon", "coordinates": [[[[6236896.2886, 1855905.3443], [6311829.8061, 1813144.4956], [6332622.1887, 1775480.514799999], [6340388.0031, 1747312.3746000007], [6263190.4365, 1781527.7017], [6170186.3872, 1785985.0524000004], [6153377.519099999, 1775001.0872000009], [6143638.330600001, 1714866.6030000001], [6095150.044600001, 1686268.1022999994], [6046336.5285, 1688777.9886000007], [6069641.125600001, 1769260.9295000006], [6036217.391000001, 1766268.4646000005], [6047127.1095, 1817127.5187], [6041512.420499999, 1837716.9072999991], [6061465.7127, 1858131.6319999993], [6077506.1994, 1862461.2894000001], [6122666.162799999, 1941533.2282999996], [6161142.737600001, 1961385.8542999998], [6189457.211200001, 1931070.0241999999], [6194373.706499999, 1855121.1524999999], [6236896.2886, 1855905.3443]]]]}}, {"type": "Feature", "properties": {"NUTS_ID": "TR62", "LEVL_CODE": 2, "CNTR_CODE": "TR", "NAME_LATN": "Adana, Mersin", "NUTS_NAME": "Adana, Mersin", "MOUNT_TYPE": 0, "URBN_TYPE": 0, "COAST_TYPE": 0, "NAME_ENGL": "Türkiye", "NAME_FREN": "Turquie", "ISO3_CODE": "TUR", "SVRG_UN": "UN Member State", "CAPT": "Ankara", "EU_STAT": "F", "EFTA_STAT": "F", "CC_STAT": "T", "NAME_GERM": "Türkei"}, "geometry": {"type": "MultiPolygon", "coordinates": [[[[6604629.318299999, 1929139.0099], [6573381.1, 1879906.4305000007], [6520092.964299999, 1880306.4375], [6475379.6327, 1850275.8661000002], [6428168.735400001, 1781893.5724999998], [6340388.0031, 1747312.3746000007], [6332622.1887, 1775480.514799999], [6366652.881999999, 1801683.7849000003], [6361023.414999999, 1841466.0716999993], [6432546.1688, 1892968.6580999997], [6456979.085100001, 1913801.7331000008], [6462258.3958, 1928316.5112999994], [6486190.8258, 1947243.2069000006], [6514410.7914, 1997926.7486000005], [6540174.549799999, 2009419.4837999996], [6576134.754899999, 2085366.5730000008], [6600315.7785, 2082780.6432000007], [6605439.7172, 2027391.2643999998], [6587877.0644000005, 2013124.331700001], [6584416.341399999, 1983576.5373], [6608354.732799999, 1944062.3164000008], [6604629.318299999, 1929139.0099]]]]}}, {"type": "Feature", "properties": {"NUTS_ID": "TR63", "LEVL_CODE": 2, "CNTR_CODE": "TR", "NAME_LATN": "Hatay, Kahramanmaraş, Osmaniye", "NUTS_NAME": "Hatay, Kahramanmaraş, Osmaniye", "MOUNT_TYPE": 0, "URBN_TYPE": 0, "COAST_TYPE": 0, "NAME_ENGL": "Türkiye", "NAME_FREN": "Turquie", "ISO3_CODE": "TUR", "SVRG_UN": "UN Member State", "CAPT": "Ankara", "EU_STAT": "F", "EFTA_STAT": "F", "CC_STAT": "T", "NAME_GERM": "Türkei"}, "geometry": {"type": "MultiPolygon", "coordinates": [[[[6680951.7039, 1881483.8074999992], [6658440.251700001, 1827795.3937], [6632484.1888, 1824591.7613999993], [6613549.9582, 1863788.5624000002], [6629679.3904, 1913288.8247999996], [6604629.318299999, 1929139.0099], [6608354.732799999, 1944062.3164000008], [6584416.341399999, 1983576.5373], [6587877.0644000005, 2013124.331700001], [6605439.7172, 2027391.2643999998], [6600315.7785, 2082780.6432000007], [6616088.110400001, 2127307.026799999], [6661038.324100001, 2149836.0636], [6703062.0254999995, 2122519.2378000002], [6708748.788699999, 2089365.8983999994], [6706212.133199999, 2057208.6623], [6722287.4943, 2044702.9537000004], [6691372.096000001, 2000340.1098999996], [6655602.6204, 1984805.5326000005], [6645312.9498, 1949219.1265999991], [6665485.5601, 1942998.0375999995], [6680951.7039, 1881483.8074999992]]]]}}, {"type": "Feature", "properties": {"NUTS_ID": "TR71", "LEVL_CODE": 2, "CNTR_CODE": "TR", "NAME_LATN": "Kırıkkale, Aksaray, Niğde, Nevşehir, Kırşehir", "NUTS_NAME": "Kırıkkale, Aksaray, Niğde, Nevşehir, Kırşehir", "MOUNT_TYPE": 0, "URBN_TYPE": 0, "COAST_TYPE": 0, "NAME_ENGL": "Türkiye", "NAME_FREN": "Turquie", "ISO3_CODE": "TUR", "SVRG_UN": "UN Member State", "CAPT": "Ankara", "EU_STAT": "F", "EFTA_STAT": "F", "CC_STAT": "T", "NAME_GERM": "Türkei"}, "geometry": {"type": "MultiPolygon", "coordinates": [[[[6486190.8258, 1947243.2069000006], [6462258.3958, 1928316.5112999994], [6454800.5385, 1938756.2338999994], [6447218.719699999, 1950428.4401999991], [6447007.323799999, 1970045.4003999997], [6438187.8049, 1978170.2369999997], [6407746.264599999, 1990570.3210000005], [6349568.4702, 1977561.6088999994], [6333504.615499999, 2002784.3388], [6340986.426899999, 2042485.4529], [6363304.8785, 2097196.0867], [6317275.9651999995, 2118165.6317], [6293354.554099999, 2153489.8380999994], [6305350.1719, 2198639.0458000004], [6307486.4991999995, 2229517.2244000006], [6327485.274, 2228000.0990999993], [6346535.680400001, 2212188.1711], [6358692.760199999, 2200596.4716], [6357905.8114, 2183067.997300001], [6378143.4901, 2180564.0095000006], [6413607.672599999, 2157187.7695000004], [6458764.182, 2124883.0186], [6467866.4202, 2050535.4310999997], [6503223.5908, 2033908.9598999992], [6514410.7914, 1997926.7486000005], [6486190.8258, 1947243.2069000006]]]]}}, {"type": "Feature", "properties": {"NUTS_ID": "TR72", "LEVL_CODE": 2, "CNTR_CODE": "TR", "NAME_LATN": "Kayseri, Sivas, Yozgat", "NUTS_NAME": "Kayseri, Sivas, Yozgat", "MOUNT_TYPE": 0, "URBN_TYPE": 0, "COAST_TYPE": 0, "NAME_ENGL": "Türkiye", "NAME_FREN": "Turquie", "ISO3_CODE": "TUR", "SVRG_UN": "UN Member State", "CAPT": "Ankara", "EU_STAT": "F", "EFTA_STAT": "F", "CC_STAT": "T", "NAME_GERM": "Türkei"}, "geometry": {"type": "MultiPolygon", "coordinates": [[[[6721968.2149, 2351935.1194], [6702085.297499999, 2325896.047700001], [6722393.4244, 2240132.432], [6666667.023600001, 2199966.6971000005], [6661038.324100001, 2149836.0636], [6616088.110400001, 2127307.026799999], [6600315.7785, 2082780.6432000007], [6576134.754899999, 2085366.5730000008], [6540174.549799999, 2009419.4837999996], [6514410.7914, 1997926.7486000005], [6503223.5908, 2033908.9598999992], [6467866.4202, 2050535.4310999997], [6458764.182, 2124883.0186], [6413607.672599999, 2157187.7695000004], [6378143.4901, 2180564.0095000006], [6357905.8114, 2183067.997300001], [6358692.760199999, 2200596.4716], [6369506.8969, 2209279.3779000007], [6423468.592800001, 2233124.3762], [6443511.6151, 2265324.0183000006], [6451150.9176, 2266919.5760999992], [6505588.749600001, 2253402.3932000007], [6609227.9333, 2322759.0796000008], [6614730.6587000005, 2350190.0317], [6655466.173, 2378131.1993000004], [6676715.2192, 2350425.6413000003], [6721968.2149, 2351935.1194]]]]}}, {"type": "Feature", "properties": {"NUTS_ID": "TR81", "LEVL_CODE": 2, "CNTR_CODE": "TR", "NAME_LATN": "Zonguldak, Karabük, Bartın", "NUTS_NAME": "Zonguldak, Karabük, Bartın", "MOUNT_TYPE": 0, "URBN_TYPE": 0, "COAST_TYPE": 0, "NAME_ENGL": "Türkiye", "NAME_FREN": "Turquie", "ISO3_CODE": "TUR", "SVRG_UN": "UN Member State", "CAPT": "Ankara", "EU_STAT": "F", "EFTA_STAT": "F", "CC_STAT": "T", "NAME_GERM": "Türkei"}, "geometry": {"type": "MultiPolygon", "coordinates": [[[[6232063.3245, 2291272.327299999], [6201360.806299999, 2251096.0535000004], [6160426.8100000005, 2264457.8846000005], [6130554.7805, 2252531.1261], [6090470.8893, 2253507.5096000005], [6138406.577299999, 2321627.943600001], [6164277.663899999, 2347358.2804000005], [6183748.3344, 2366948.9923], [6192277.251700001, 2356117.248299999], [6203891.6644, 2341407.5200999994], [6220779.8771, 2334272.511499999], [6232063.3245, 2291272.327299999]]]]}}, {"type": "Feature", "properties": {"NUTS_ID": "TR82", "LEVL_CODE": 2, "CNTR_CODE": "TR", "NAME_LATN": "Kastamonu, Çankırı, Sinop", "NUTS_NAME": "Kastamonu, Çankırı, Sinop", "MOUNT_TYPE": 0, "URBN_TYPE": 0, "COAST_TYPE": 0, "NAME_ENGL": "Türkiye", "NAME_FREN": "Turquie", "ISO3_CODE": "TUR", "SVRG_UN": "UN Member State", "CAPT": "Ankara", "EU_STAT": "F", "EFTA_STAT": "F", "CC_STAT": "T", "NAME_GERM": "Türkei"}, "geometry": {"type": "MultiPolygon", "coordinates": [[[[6356465.817399999, 2443434.8202], [6395523.5098, 2424239.2030999996], [6409166.8167, 2417609.2498000003], [6407484.206700001, 2382143.2272999994], [6371698.684699999, 2354815.135], [6335793.326300001, 2355642.7764], [6327159.839299999, 2348699.580600001], [6329349.2663, 2305287.0316000003], [6310638.3452, 2288562.7649000008], [6332603.4537, 2259528.1251], [6327485.274, 2228000.0990999993], [6307486.4991999995, 2229517.2244000006], [6264140.600299999, 2220792.6043999996], [6204412.6910999995, 2238599.2052999996], [6201360.806299999, 2251096.0535000004], [6232063.3245, 2291272.327299999], [6220779.8771, 2334272.511499999], [6203891.6644, 2341407.5200999994], [6192277.251700001, 2356117.248299999], [6183748.3344, 2366948.9923], [6228777.543500001, 2399837.196900001], [6297883.448899999, 2416571.0295], [6356465.817399999, 2443434.8202]]]]}}, {"type": "Feature", "properties": {"NUTS_ID": "TR83", "LEVL_CODE": 2, "CNTR_CODE": "TR", "NAME_LATN": "Samsun, Tokat, Çorum, Amasya", "NUTS_NAME": "Samsun, Tokat, Çorum, Amasya", "MOUNT_TYPE": 0, "URBN_TYPE": 0, "COAST_TYPE": 0, "NAME_ENGL": "Türkiye", "NAME_FREN": "Turquie", "ISO3_CODE": "TUR", "SVRG_UN": "UN Member State", "CAPT": "Ankara", "EU_STAT": "F", "EFTA_STAT": "F", "CC_STAT": "T", "NAME_GERM": "Türkei"}, "geometry": {"type": "MultiPolygon", "coordinates": [[[[6440997.9889, 2436614.3001000006], [6484464.5649999995, 2407241.4979], [6518512.2499, 2422758.3924000002], [6554504.056, 2413417.5238000005], [6525132.1633, 2374582.5919000003], [6614730.6587000005, 2350190.0317], [6609227.9333, 2322759.0796000008], [6505588.749600001, 2253402.3932000007], [6451150.9176, 2266919.5760999992], [6443511.6151, 2265324.0183000006], [6423468.592800001, 2233124.3762], [6369506.8969, 2209279.3779000007], [6358692.760199999, 2200596.4716], [6346535.680400001, 2212188.1711], [6327485.274, 2228000.0990999993], [6332603.4537, 2259528.1251], [6310638.3452, 2288562.7649000008], [6329349.2663, 2305287.0316000003], [6327159.839299999, 2348699.580600001], [6335793.326300001, 2355642.7764], [6371698.684699999, 2354815.135], [6407484.206700001, 2382143.2272999994], [6409166.8167, 2417609.2498000003], [6440997.9889, 2436614.3001000006]]]]}}, {"type": "Feature", "properties": {"NUTS_ID": "TR90", "LEVL_CODE": 2, "CNTR_CODE": "TR", "NAME_LATN": "Trabzon, Ordu, Giresun, Rize, Artvin, Gümüşhane", "NUTS_NAME": "Trabzon, Ordu, Giresun, Rize, Artvin, Gümüşhane", "MOUNT_TYPE": 0, "URBN_TYPE": 0, "COAST_TYPE": 0, "NAME_ENGL": "Türkiye", "NAME_FREN": "Turquie", "ISO3_CODE": "TUR", "SVRG_UN": "UN Member State", "CAPT": "Ankara", "EU_STAT": "F", "EFTA_STAT": "F", "CC_STAT": "T", "NAME_GERM": "Türkei"}, "geometry": {"type": "MultiPolygon", "coordinates": [[[[6954095.9932, 2618883.6136000007], [6959207.1371, 2556866.7488], [6909046.4549, 2497298.0008000005], [6877147.202400001, 2509330.334899999], [6846437.569700001, 2459256.9769], [6835553.1829, 2453614.9880999997], [6805051.5483, 2445704.2975999992], [6793626.861300001, 2385674.5406], [6806550.441500001, 2369776.0393000003], [6736159.1733, 2355953.659], [6721968.2149, 2351935.1194], [6676715.2192, 2350425.6413000003], [6655466.173, 2378131.1993000004], [6614730.6587000005, 2350190.0317], [6525132.1633, 2374582.5919000003], [6554504.056, 2413417.5238000005], [6636245.636299999, 2422566.8159999996], [6714844.6566, 2468396.6492], [6806797.9845, 2496974.0232999995], [6863319.487, 2563702.9341], [6877693.0627999995, 2593564.760399999], [6954095.9932, 2618883.6136000007]]]]}}, {"type": "Feature", "properties": {"NUTS_ID": "TRA1", "LEVL_CODE": 2, "CNTR_CODE": "TR", "NAME_LATN": "Erzurum, Erzincan, Bayburt", "NUTS_NAME": "Erzurum, Erzincan, Bayburt", "MOUNT_TYPE": 0, "URBN_TYPE": 0, "COAST_TYPE": 0, "NAME_ENGL": "Türkiye", "NAME_FREN": "Turquie", "ISO3_CODE": "TUR", "SVRG_UN": "UN Member State", "CAPT": "Ankara", "EU_STAT": "F", "EFTA_STAT": "F", "CC_STAT": "T", "NAME_GERM": "Türkei"}, "geometry": {"type": "MultiPolygon", "coordinates": [[[[6991803.0436, 2541648.3685999997], [6979587.4946, 2491059.5407], [7022462.030099999, 2467852.5573999994], [7012020.947799999, 2449136.3979], [7030101.6467, 2411478.2982], [6997231.081, 2359183.1187999994], [6941119.2848000005, 2357007.570699999], [6890718.9651, 2355370.4728999995], [6874779.8068, 2348344.1842], [6777252.6307, 2298993.8944000006], [6756213.982799999, 2271587.579399999], [6761243.476199999, 2238517.0902999993], [6753848.1204, 2237636.3071], [6722393.4244, 2240132.432], [6702085.297499999, 2325896.047700001], [6721968.2149, 2351935.1194], [6736159.1733, 2355953.659], [6806550.441500001, 2369776.0393000003], [6793626.861300001, 2385674.5406], [6805051.5483, 2445704.2975999992], [6835553.1829, 2453614.9880999997], [6846437.569700001, 2459256.9769], [6877147.202400001, 2509330.334899999], [6909046.4549, 2497298.0008000005], [6959207.1371, 2556866.7488], [6991803.0436, 2541648.3685999997]]]]}}, {"type": "Feature", "properties": {"NUTS_ID": "TRA2", "LEVL_CODE": 2, "CNTR_CODE": "TR", "NAME_LATN": "Ağrı, Kars, Iğdır, Ardahan", "NUTS_NAME": "Ağrı, Kars, Iğdır, Ardahan", "MOUNT_TYPE": 0, "URBN_TYPE": 0, "COAST_TYPE": 0, "NAME_ENGL": "Türkiye", "NAME_FREN": "Turquie", "ISO3_CODE": "TUR", "SVRG_UN": "UN Member State", "CAPT": "Ankara", "EU_STAT": "F", "EFTA_STAT": "F", "CC_STAT": "T", "NAME_GERM": "Türkei"}, "geometry": {"type": "MultiPolygon", "coordinates": [[[[7157971.4132, 2539552.8128999993], [7200768.670700001, 2525292.1191000007], [7207824.4076000005, 2518558.9759], [7180384.485200001, 2515331.3751999997], [7182389.863500001, 2483234.6312000006], [7161574.8838, 2461759.922700001], [7104180.201300001, 2429613.3396000005], [7093772.661900001, 2385962.5437000003], [7079743.9672, 2368049.1874], [7030101.6467, 2411478.2982], [7012020.947799999, 2449136.3979], [7022462.030099999, 2467852.5573999994], [6979587.4946, 2491059.5407], [6991803.0436, 2541648.3685999997], [6959207.1371, 2556866.7488], [6954095.9932, 2618883.6136000007], [6971457.456800001, 2641629.5605999995], [7039843.9048999995, 2620996.2040999997], [7042456.9915, 2614067.5738999993], [7072348.187899999, 2593859.6841], [7097392.381899999, 2525649.5086000003], [7157971.4132, 2539552.8128999993]]]]}}, {"type": "Feature", "properties": {"NUTS_ID": "TRB1", "LEVL_CODE": 2, "CNTR_CODE": "TR", "NAME_LATN": "Malatya, Elazığ, Bingöl, Tunceli", "NUTS_NAME": "Malatya, Elazığ, Bingöl, Tunceli", "MOUNT_TYPE": 0, "URBN_TYPE": 0, "COAST_TYPE": 0, "NAME_ENGL": "Türkiye", "NAME_FREN": "Turquie", "ISO3_CODE": "TUR", "SVRG_UN": "UN Member State", "CAPT": "Ankara", "EU_STAT": "F", "EFTA_STAT": "F", "CC_STAT": "T", "NAME_GERM": "Türkei"}, "geometry": {"type": "MultiPolygon", "coordinates": [[[[6941119.2848000005, 2357007.570699999], [6964478.6295, 2289771.9605], [6905712.176899999, 2233650.579500001], [6819279.630799999, 2177918.3121000007], [6820569.1172, 2163902.579500001], [6802517.764900001, 2141215.7075999994], [6755623.5604, 2134636.023600001], [6708748.788699999, 2089365.8983999994], [6703062.0254999995, 2122519.2378000002], [6661038.324100001, 2149836.0636], [6666667.023600001, 2199966.6971000005], [6722393.4244, 2240132.432], [6753848.1204, 2237636.3071], [6761243.476199999, 2238517.0902999993], [6756213.982799999, 2271587.579399999], [6777252.6307, 2298993.8944000006], [6874779.8068, 2348344.1842], [6890718.9651, 2355370.4728999995], [6941119.2848000005, 2357007.570699999]]]]}}, {"type": "Feature", "properties": {"NUTS_ID": "TRB2", "LEVL_CODE": 2, "CNTR_CODE": "TR", "NAME_LATN": "Van, Muş, Bitlis, Hakkari", "NUTS_NAME": "Van, Muş, Bitlis, Hakkari", "MOUNT_TYPE": 0, "URBN_TYPE": 0, "COAST_TYPE": 0, "NAME_ENGL": "Türkiye", "NAME_FREN": "Turquie", "ISO3_CODE": "TUR", "SVRG_UN": "UN Member State", "CAPT": "Ankara", "EU_STAT": "F", "EFTA_STAT": "F", "CC_STAT": "T", "NAME_GERM": "Türkei"}, "geometry": {"type": "MultiPolygon", "coordinates": [[[[7030101.6467, 2411478.2982], [7079743.9672, 2368049.1874], [7093772.661900001, 2385962.5437000003], [7104180.201300001, 2429613.3396000005], [7161574.8838, 2461759.922700001], [7236798.2401, 2366482.6076999996], [7242714.932399999, 2323929.8709999993], [7262037.1986, 2318390.437000001], [7293423.442, 2286500.9360000007], [7315862.6073, 2266543.1262], [7283937.5315000005, 2233986.6587000005], [7258803.624500001, 2250900.5209999997], [7202815.5611000005, 2223242.4891999997], [7187106.236400001, 2234434.8192999996], [7190646.163699999, 2271467.7052999996], [7145800.417199999, 2256049.5785000008], [7123706.707699999, 2264268.8818999995], [7025257.2268, 2259676.6944999993], [6996744.650900001, 2285689.8411], [6989716.5985, 2273670.5238000005], [6964478.6295, 2289771.9605], [6941119.2848000005, 2357007.570699999], [6997231.081, 2359183.1187999994], [7030101.6467, 2411478.2982]]]]}}, {"type": "Feature", "properties": {"NUTS_ID": "TRC1", "LEVL_CODE": 2, "CNTR_CODE": "TR", "NAME_LATN": "Gaziantep, Adıyaman, Kilis", "NUTS_NAME": "Gaziantep, Adıyaman, Kilis", "MOUNT_TYPE": 0, "URBN_TYPE": 0, "COAST_TYPE": 0, "NAME_ENGL": "Türkiye", "NAME_FREN": "Turquie", "ISO3_CODE": "TUR", "SVRG_UN": "UN Member State", "CAPT": "Ankara", "EU_STAT": "F", "EFTA_STAT": "F", "CC_STAT": "T", "NAME_GERM": "Türkei"}, "geometry": {"type": "MultiPolygon", "coordinates": [[[[6820569.1172, 2163902.579500001], [6825088.8773, 2145247.5712], [6809051.8182, 2093545.1718000006], [6755864.2201000005, 2047650.1999999993], [6756111.703600001, 2014179.367900001], [6780983.347200001, 1988231.3523999993], [6747420.0195, 1958428.3577999994], [6712732.7217999995, 1942071.8383000009], [6667078.8047, 1943517.4802], [6665485.5601, 1942998.0375999995], [6645312.9498, 1949219.1265999991], [6655602.6204, 1984805.5326000005], [6691372.096000001, 2000340.1098999996], [6722287.4943, 2044702.9537000004], [6706212.133199999, 2057208.6623], [6708748.788699999, 2089365.8983999994], [6755623.5604, 2134636.023600001], [6802517.764900001, 2141215.7075999994], [6820569.1172, 2163902.579500001]]]]}}, {"type": "Feature", "properties": {"NUTS_ID": "TRC2", "LEVL_CODE": 2, "CNTR_CODE": "TR", "NAME_LATN": "Şanlıurfa, Diyarbakır", "NUTS_NAME": "Şanlıurfa, Diyarbakır", "MOUNT_TYPE": 0, "URBN_TYPE": 0, "COAST_TYPE": 0, "NAME_ENGL": "Türkiye", "NAME_FREN": "Turquie", "ISO3_CODE": "TUR", "SVRG_UN": "UN Member State", "CAPT": "Ankara", "EU_STAT": "F", "EFTA_STAT": "F", "CC_STAT": "T", "NAME_GERM": "Türkei"}, "geometry": {"type": "MultiPolygon", "coordinates": [[[[6958937.7105, 2067415.2199000008], [6884158.5572, 2009049.2844999991], [6780983.347200001, 1988231.3523999993], [6756111.703600001, 2014179.367900001], [6755864.2201000005, 2047650.1999999993], [6809051.8182, 2093545.1718000006], [6825088.8773, 2145247.5712], [6820569.1172, 2163902.579500001], [6819279.630799999, 2177918.3121000007], [6905712.176899999, 2233650.579500001], [6964478.6295, 2289771.9605], [6989716.5985, 2273670.5238000005], [6993930.330399999, 2180990.1007000003], [6904684.585100001, 2120354.8017999995], [6914871.414899999, 2112129.6005000006], [6958937.7105, 2067415.2199000008]]]]}}, {"type": "Feature", "properties": {"NUTS_ID": "TRC3", "LEVL_CODE": 2, "CNTR_CODE": "TR", "NAME_LATN": "Mardin, Batman, Şırnak, Siirt", "NUTS_NAME": "Mardin, Batman, Şırnak, Siirt", "MOUNT_TYPE": 0, "URBN_TYPE": 0, "COAST_TYPE": 0, "NAME_ENGL": "Türkiye", "NAME_FREN": "Turquie", "ISO3_CODE": "TUR", "SVRG_UN": "UN Member State", "CAPT": "Ankara", "EU_STAT": "F", "EFTA_STAT": "F", "CC_STAT": "T", "NAME_GERM": "Türkei"}, "geometry": {"type": "MultiPolygon", "coordinates": [[[[7187106.236400001, 2234434.8192999996], [7202815.5611000005, 2223242.4891999997], [7154667.656300001, 2212020.4042000007], [7124012.305400001, 2165629.3127999995], [7103113.676200001, 2171297.1703999992], [7068256.7217, 2139622.1384999994], [6995339.5594, 2106571.0227000006], [6958937.7105, 2067415.2199000008], [6914871.414899999, 2112129.6005000006], [6904684.585100001, 2120354.8017999995], [6993930.330399999, 2180990.1007000003], [6989716.5985, 2273670.5238000005], [6996744.650900001, 2285689.8411], [7025257.2268, 2259676.6944999993], [7123706.707699999, 2264268.8818999995], [7145800.417199999, 2256049.5785000008], [7190646.163699999, 2271467.7052999996], [7187106.236400001, 2234434.8192999996]]]]}}, {"type": "Feature", "properties": {"NUTS_ID": "UKC1", "LEVL_CODE": 2, "CNTR_CODE": "UK", "NAME_LATN": "Tees Valley and Durham", "NUTS_NAME": "Tees Valley and Durham", "MOUNT_TYPE": 0, "URBN_TYPE": 0, "COAST_TYPE": 0, "NAME_ENGL": "United Kingdom", "NAME_FREN": "Royaume-Uni", "ISO3_CODE": "GBR", "SVRG_UN": "UN Member State", "CAPT": "London", "EU_STAT": "F", "EFTA_STAT": "F", "CC_STAT": "F", "NAME_GERM": "Vereinigtes Königreich"}, "geometry": {"type": "MultiPolygon", "coordinates": [[[[3625708.122300001, 3546887.1467000004], [3616352.0808000006, 3541012.1609000005], [3596507.6523, 3545844.8852999993], [3583327.063100001, 3545355.5205000006], [3567477.7687, 3553406.0548], [3553961.8670000006, 3549588.0239000004], [3535837.3202, 3549899.0714], [3533199.3494000006, 3588017.660599999], [3566413.4825999998, 3595362.1487000007], [3582515.8056000005, 3590052.7025000006], [3595544.8106999993, 3585543.0714999996], [3599768.0418, 3569285.7589], [3599388.4892999995, 3553305.4936999995], [3625708.122300001, 3546887.1467000004]]]]}}, {"type": "Feature", "properties": {"NUTS_ID": "UKC2", "LEVL_CODE": 2, "CNTR_CODE": "UK", "NAME_LATN": "Northumberland and Tyne and Wear", "NUTS_NAME": "Northumberland and Tyne and Wear", "MOUNT_TYPE": 0, "URBN_TYPE": 0, "COAST_TYPE": 0, "NAME_ENGL": "United Kingdom", "NAME_FREN": "Royaume-Uni", "ISO3_CODE": "GBR", "SVRG_UN": "UN Member State", "CAPT": "London", "EU_STAT": "F", "EFTA_STAT": "F", "CC_STAT": "F", "NAME_GERM": "Vereinigtes Königreich"}, "geometry": {"type": "MultiPolygon", "coordinates": [[[[3595987.894200001, 3594899.253900001], [3595544.8106999993, 3585543.0714999996], [3582515.8056000005, 3590052.7025000006], [3566413.4825999998, 3595362.1487000007], [3533199.3494000006, 3588017.660599999], [3517247.5638999995, 3635893.7815000005], [3527498.7194, 3647483.7238], [3570116.0853000004, 3697125.9514000006], [3576951.0308, 3684729.3123000003], [3582187.912799999, 3675297.9571], [3589903.4712000005, 3661272.846999999], [3590374.2598, 3636825.9058999997], [3592155.2672000006, 3610215.7831999995], [3595987.894200001, 3594899.253900001]]]]}}, {"type": "Feature", "properties": {"NUTS_ID": "UKD1", "LEVL_CODE": 2, "CNTR_CODE": "UK", "NAME_LATN": "Cumbria", "NUTS_NAME": "Cumbria", "MOUNT_TYPE": 0, "URBN_TYPE": 0, "COAST_TYPE": 0, "NAME_ENGL": "United Kingdom", "NAME_FREN": "Royaume-Uni", "ISO3_CODE": "GBR", "SVRG_UN": "UN Member State", "CAPT": "London", "EU_STAT": "F", "EFTA_STAT": "F", "CC_STAT": "F", "NAME_GERM": "Vereinigtes Königreich"}, "geometry": {"type": "MultiPolygon", "coordinates": [[[[3485612.7661000006, 3526832.8169], [3466270.4267999995, 3521147.6422000006], [3449638.3654999994, 3576478.7024000008], [3466493.3277000003, 3603700.755999999], [3485013.3154000007, 3612131.7843999993], [3490108.832699999, 3617887.9864000008], [3505060.0076, 3628944.0888], [3517247.5638999995, 3635893.7815000005], [3533199.3494000006, 3588017.660599999], [3535837.3202, 3549899.0714], [3512798.6491, 3527673.4349000007], [3485612.7661000006, 3526832.8169]]]]}}, {"type": "Feature", "properties": {"NUTS_ID": "UKD3", "LEVL_CODE": 2, "CNTR_CODE": "UK", "NAME_LATN": "Greater Manchester", "NUTS_NAME": "Greater Manchester", "MOUNT_TYPE": 0, "URBN_TYPE": 0, "COAST_TYPE": 0, "NAME_ENGL": "United Kingdom", "NAME_FREN": "Royaume-Uni", "ISO3_CODE": "GBR", "SVRG_UN": "UN Member State", "CAPT": "London", "EU_STAT": "F", "EFTA_STAT": "F", "CC_STAT": "F", "NAME_GERM": "Vereinigtes Königreich"}, "geometry": {"type": "MultiPolygon", "coordinates": [[[[3531390.5485999994, 3443379.2981000002], [3524374.4679000005, 3428773.198999999], [3510436.9250000007, 3429925.8597], [3505602.307, 3430511.8772], [3498804.7149, 3435082.9384000003], [3496085.2075999994, 3443802.4080999997], [3490125.732000001, 3443233.071900001], [3481557.1762000006, 3453198.7554], [3497903.6821999997, 3462365.1269000005], [3506575.6169000007, 3461294.1635], [3507783.4738, 3465184.3354], [3522690.5502000004, 3464343.8395000007], [3535428.7907, 3445936.0376999993], [3531390.5485999994, 3443379.2981000002]]]]}}, {"type": "Feature", "properties": {"NUTS_ID": "UKD4", "LEVL_CODE": 2, "CNTR_CODE": "UK", "NAME_LATN": "Lancashire", "NUTS_NAME": "Lancashire", "MOUNT_TYPE": 0, "URBN_TYPE": 0, "COAST_TYPE": 0, "NAME_ENGL": "United Kingdom", "NAME_FREN": "Royaume-Uni", "ISO3_CODE": "GBR", "SVRG_UN": "UN Member State", "CAPT": "London", "EU_STAT": "F", "EFTA_STAT": "F", "CC_STAT": "F", "NAME_GERM": "Vereinigtes Königreich"}, "geometry": {"type": "MultiPolygon", "coordinates": [[[[3481557.1762000006, 3453198.7554], [3470965.9805999994, 3453193.8274000008], [3470406.6829000004, 3475254.0593999997], [3481999.7444, 3476443.699100001], [3474370.2081000004, 3491917.5001999997], [3481171.6976999994, 3504640.4196000006], [3485612.7661000006, 3526832.8169], [3512798.6491, 3527673.4349000007], [3508736.6163, 3507943.2552000005], [3525316.1872000005, 3494447.8455], [3532340.818, 3481700.5157999992], [3530905.8991, 3479174.916200001], [3522690.5502000004, 3464343.8395000007], [3507783.4738, 3465184.3354], [3506575.6169000007, 3461294.1635], [3497903.6821999997, 3462365.1269000005], [3481557.1762000006, 3453198.7554]]], [[[3472384.513800001, 3481603.9678000007], [3461943.4733000007, 3481447.4974000007], [3464057.1643000003, 3491282.1532000005], [3471740.8751999997, 3502049.3111000005], [3472384.513800001, 3481603.9678000007]]]]}}, {"type": "Feature", "properties": {"NUTS_ID": "RO11", "LEVL_CODE": 2, "CNTR_CODE": "RO", "NAME_LATN": "Nord-Vest", "NUTS_NAME": "Nord-Vest", "MOUNT_TYPE": 0, "URBN_TYPE": 0, "COAST_TYPE": 0, "NAME_ENGL": "Romania", "NAME_FREN": "Roumanie", "ISO3_CODE": "ROU", "SVRG_UN": "UN Member State", "CAPT": "Bucharest", "EU_STAT": "T", "EFTA_STAT": "F", "CC_STAT": "F", "NAME_GERM": "Rumänien"}, "geometry": {"type": "MultiPolygon", "coordinates": [[[[5455651.7653, 2785164.8654999994], [5415223.285599999, 2738131.299900001], [5396830.4615, 2735657.1108999997], [5389799.6138, 2691920.4398999996], [5325767.4727, 2688422.1973], [5298663.6086, 2690837.1088999994], [5291415.3927, 2671162.720899999], [5193727.933599999, 2682800.758199999], [5203937.8378, 2726154.8417000007], [5229004.0033, 2795171.6274999995], [5232859.490499999, 2796039.1740000006], [5279162.0724, 2843993.0884000007], [5295136.3665, 2864796.5406], [5322716.993799999, 2853435.5439999998], [5401520.148, 2864803.687999999], [5434196.9673, 2848154.7302], [5438078.484200001, 2833904.871099999], [5455651.7653, 2785164.8654999994]]]]}}, {"type": "Feature", "properties": {"NUTS_ID": "RO12", "LEVL_CODE": 2, "CNTR_CODE": "RO", "NAME_LATN": "Centru", "NUTS_NAME": "Centru", "MOUNT_TYPE": 0, "URBN_TYPE": 0, "COAST_TYPE": 0, "NAME_ENGL": "Romania", "NAME_FREN": "Roumanie", "ISO3_CODE": "ROU", "SVRG_UN": "UN Member State", "CAPT": "Bucharest", "EU_STAT": "T", "EFTA_STAT": "F", "CC_STAT": "F", "NAME_GERM": "Rumänien"}, "geometry": {"type": "MultiPolygon", "coordinates": [[[[5500966.635299999, 2789635.9683999997], [5533240.767200001, 2751698.9384000003], [5565220.155099999, 2707331.1367000006], [5583340.0426, 2687720.0648], [5585248.367900001, 2661149.0448000003], [5569157.477399999, 2624923.741699999], [5567826.614700001, 2623431.0766000003], [5521937.114600001, 2606182.0187], [5513231.5463, 2597496.3298000004], [5459801.4957, 2611870.852], [5447923.6413, 2606828.6898999996], [5386811.028100001, 2585566.4595999997], [5379095.205, 2581494.9672999997], [5334633.952199999, 2636778.7743999995], [5297873.818700001, 2666114.99], [5291415.3927, 2671162.720899999], [5298663.6086, 2690837.1088999994], [5325767.4727, 2688422.1973], [5389799.6138, 2691920.4398999996], [5396830.4615, 2735657.1108999997], [5415223.285599999, 2738131.299900001], [5455651.7653, 2785164.8654999994], [5470087.4639, 2783779.8378999997], [5500966.635299999, 2789635.9683999997]]]]}}, {"type": "Feature", "properties": {"NUTS_ID": "RO21", "LEVL_CODE": 2, "CNTR_CODE": "RO", "NAME_LATN": "Nord-Est", "NUTS_NAME": "Nord-Est", "MOUNT_TYPE": 0, "URBN_TYPE": 0, "COAST_TYPE": 0, "NAME_ENGL": "Romania", "NAME_FREN": "Roumanie", "ISO3_CODE": "ROU", "SVRG_UN": "UN Member State", "CAPT": "Bucharest", "EU_STAT": "T", "EFTA_STAT": "F", "CC_STAT": "F", "NAME_GERM": "Rumänien"}, "geometry": {"type": "MultiPolygon", "coordinates": [[[[5707261.7586, 2763100.8388], [5707440.4903, 2725187.3452000003], [5660770.499500001, 2717353.6224000007], [5659515.1099, 2719296.5985000003], [5583340.0426, 2687720.0648], [5565220.155099999, 2707331.1367000006], [5533240.767200001, 2751698.9384000003], [5500966.635299999, 2789635.9683999997], [5470087.4639, 2783779.8378999997], [5455651.7653, 2785164.8654999994], [5438078.484200001, 2833904.871099999], [5434196.9673, 2848154.7302], [5512616.740900001, 2893427.4849999994], [5544403.6996, 2932763.283], [5593798.1768, 2903635.9738999996], [5616141.5503, 2872864.2773], [5688359.5791, 2804383.0753000006], [5707261.7586, 2763100.8388]]]]}}, {"type": "Feature", "properties": {"NUTS_ID": "RO22", "LEVL_CODE": 2, "CNTR_CODE": "RO", "NAME_LATN": "Sud-Est", "NUTS_NAME": "Sud-Est", "MOUNT_TYPE": 0, "URBN_TYPE": 0, "COAST_TYPE": 0, "NAME_ENGL": "Romania", "NAME_FREN": "Roumanie", "ISO3_CODE": "ROU", "SVRG_UN": "UN Member State", "CAPT": "Bucharest", "EU_STAT": "T", "EFTA_STAT": "F", "CC_STAT": "F", "NAME_GERM": "Rumänien"}, "geometry": {"type": "MultiPolygon", "coordinates": [[[[5731142.557600001, 2657535.0019000005], [5770137.441400001, 2642596.7248], [5814677.389, 2672729.356899999], [5845263.706700001, 2669525.889799999], [5848989.4395, 2658978.6268000007], [5849006.036699999, 2619962.917300001], [5811317.4219, 2587520.1794000007], [5797648.9791, 2549192.7453000005], [5803878.310699999, 2477397.2667999994], [5728800.2762, 2487225.7224000003], [5692416.938200001, 2494414.3203999996], [5744994.5293000005, 2531629.0986], [5723872.881899999, 2574903.4060999993], [5671239.263800001, 2564968.395300001], [5623585.9822, 2561911.0876], [5584445.0703, 2605005.516899999], [5567826.614700001, 2623431.0766000003], [5569157.477399999, 2624923.741699999], [5585248.367900001, 2661149.0448000003], [5583340.0426, 2687720.0648], [5659515.1099, 2719296.5985000003], [5660770.499500001, 2717353.6224000007], [5707440.4903, 2725187.3452000003], [5731142.557600001, 2657535.0019000005]]]]}}, {"type": "Feature", "properties": {"NUTS_ID": "RO31", "LEVL_CODE": 2, "CNTR_CODE": "RO", "NAME_LATN": "Sud-Muntenia", "NUTS_NAME": "Sud-Muntenia", "MOUNT_TYPE": 0, "URBN_TYPE": 0, "COAST_TYPE": 0, "NAME_ENGL": "Romania", "NAME_FREN": "Roumanie", "ISO3_CODE": "ROU", "SVRG_UN": "UN Member State", "CAPT": "Bucharest", "EU_STAT": "T", "EFTA_STAT": "F", "CC_STAT": "F", "NAME_GERM": "Rumänien"}, "geometry": {"type": "MultiPolygon", "coordinates": [[[[5459801.4957, 2611870.852], [5513231.5463, 2597496.3298000004], [5521937.114600001, 2606182.0187], [5567826.614700001, 2623431.0766000003], [5584445.0703, 2605005.516899999], [5623585.9822, 2561911.0876], [5671239.263800001, 2564968.395300001], [5723872.881899999, 2574903.4060999993], [5744994.5293000005, 2531629.0986], [5692416.938200001, 2494414.3203999996], [5625117.978399999, 2468918.4036], [5623303.4111, 2468347.4583], [5577228.5008000005, 2418572.3232000005], [5568140.8038, 2411494.9099000003], [5548282.5320999995, 2408758.8222000003], [5496185.8872, 2405891.3795999996], [5500624.645, 2481498.7249], [5457799.8927, 2527102.2354000006], [5450913.665899999, 2576949.7543], [5447923.6413, 2606828.6898999996], [5459801.4957, 2611870.852]], [[5578386.2379, 2496628.3072999995], [5599813.011600001, 2487773.863500001], [5609779.0754, 2494714.0913999993], [5616721.293, 2522105.0481000002], [5602218.0033, 2547044.1008], [5577969.187999999, 2535030.0326000005], [5575557.934699999, 2515211.8664999995], [5578386.2379, 2496628.3072999995]]]]}}, {"type": "Feature", "properties": {"NUTS_ID": "RO32", "LEVL_CODE": 2, "CNTR_CODE": "RO", "NAME_LATN": "Bucureşti-Ilfov", "NUTS_NAME": "Bucureşti-Ilfov", "MOUNT_TYPE": 0, "URBN_TYPE": 0, "COAST_TYPE": 0, "NAME_ENGL": "Romania", "NAME_FREN": "Roumanie", "ISO3_CODE": "ROU", "SVRG_UN": "UN Member State", "CAPT": "Bucharest", "EU_STAT": "T", "EFTA_STAT": "F", "CC_STAT": "F", "NAME_GERM": "Rumänien"}, "geometry": {"type": "MultiPolygon", "coordinates": [[[[5609779.0754, 2494714.0913999993], [5599813.011600001, 2487773.863500001], [5578386.2379, 2496628.3072999995], [5575557.934699999, 2515211.8664999995], [5577969.187999999, 2535030.0326000005], [5602218.0033, 2547044.1008], [5616721.293, 2522105.0481000002], [5609779.0754, 2494714.0913999993]]]]}}, {"type": "Feature", "properties": {"NUTS_ID": "RO41", "LEVL_CODE": 2, "CNTR_CODE": "RO", "NAME_LATN": "Sud-Vest Oltenia", "NUTS_NAME": "Sud-Vest Oltenia", "MOUNT_TYPE": 0, "URBN_TYPE": 0, "COAST_TYPE": 0, "NAME_ENGL": "Romania", "NAME_FREN": "Roumanie", "ISO3_CODE": "ROU", "SVRG_UN": "UN Member State", "CAPT": "Bucharest", "EU_STAT": "T", "EFTA_STAT": "F", "CC_STAT": "F", "NAME_GERM": "Rumänien"}, "geometry": {"type": "MultiPolygon", "coordinates": [[[[5457799.8927, 2527102.2354000006], [5500624.645, 2481498.7249], [5496185.8872, 2405891.3795999996], [5470511.1852, 2397911.185900001], [5453726.007200001, 2394931.2346], [5413836.1129, 2397732.036699999], [5375819.819, 2393236.6164999995], [5363358.685799999, 2390534.4637], [5355670.479599999, 2421937.2738000005], [5330611.946599999, 2430822.4794999994], [5309847.146500001, 2471925.0744000003], [5272190.4103, 2464260.9650999997], [5313280.033299999, 2528481.4716999996], [5312889.7059, 2545312.1766999997], [5380904.3224, 2568211.0632000007], [5379095.205, 2581494.9672999997], [5386811.028100001, 2585566.4595999997], [5447923.6413, 2606828.6898999996], [5450913.665899999, 2576949.7543], [5457799.8927, 2527102.2354000006]]]]}}, {"type": "Feature", "properties": {"NUTS_ID": "RO42", "LEVL_CODE": 2, "CNTR_CODE": "RO", "NAME_LATN": "Vest", "NUTS_NAME": "Vest", "MOUNT_TYPE": 0, "URBN_TYPE": 0, "COAST_TYPE": 0, "NAME_ENGL": "Romania", "NAME_FREN": "Roumanie", "ISO3_CODE": "ROU", "SVRG_UN": "UN Member State", "CAPT": "Bucharest", "EU_STAT": "T", "EFTA_STAT": "F", "CC_STAT": "F", "NAME_GERM": "Rumänien"}, "geometry": {"type": "MultiPolygon", "coordinates": [[[[5313280.033299999, 2528481.4716999996], [5272190.4103, 2464260.9650999997], [5271841.4077, 2464554.9574999996], [5217048.233999999, 2480557.5320999995], [5220467.4044, 2522847.3762999997], [5182474.6197, 2531852.3934000004], [5147917.9965, 2579517.2293], [5112369.7859000005, 2611777.776900001], [5145578.1417, 2620383.8599999994], [5149175.4487, 2633827.471999999], [5176556.373, 2644649.0899], [5193727.933599999, 2682800.758199999], [5291415.3927, 2671162.720899999], [5297873.818700001, 2666114.99], [5334633.952199999, 2636778.7743999995], [5379095.205, 2581494.9672999997], [5380904.3224, 2568211.0632000007], [5312889.7059, 2545312.1766999997], [5313280.033299999, 2528481.4716999996]]]]}}, {"type": "Feature", "properties": {"NUTS_ID": "RS11", "LEVL_CODE": 2, "CNTR_CODE": "RS", "NAME_LATN": "City of Belgrade", "NUTS_NAME": "Београдски регион", "MOUNT_TYPE": 0, "URBN_TYPE": 0, "COAST_TYPE": 0, "NAME_ENGL": "Serbia", "NAME_FREN": "Serbie", "ISO3_CODE": "SRB", "SVRG_UN": "UN Member State", "CAPT": "Belgrade", "EU_STAT": "F", "EFTA_STAT": "F", "CC_STAT": "T", "NAME_GERM": "Serbien"}, "geometry": {"type": "MultiPolygon", "coordinates": [[[[5177374.6877, 2456218.573000001], [5179560.6371, 2419360.783], [5159469.7598, 2424300.7229999993], [5149476.993000001, 2413549.249500001], [5126113.574100001, 2429974.0997], [5113220.33, 2439111.0407], [5112074.074999999, 2445302.2935000006], [5121257.015000001, 2467494.1893000007], [5133172.7486000005, 2496641.7514999993], [5139287.580399999, 2498593.7947000004], [5177374.6877, 2456218.573000001]]]]}}, {"type": "Feature", "properties": {"NUTS_ID": "RS12", "LEVL_CODE": 2, "CNTR_CODE": "RS", "NAME_LATN": "Autonomous Province of Vojvodina", "NUTS_NAME": "Регион Војводине", "MOUNT_TYPE": 0, "URBN_TYPE": 0, "COAST_TYPE": 0, "NAME_ENGL": "Serbia", "NAME_FREN": "Serbie", "ISO3_CODE": "SRB", "SVRG_UN": "UN Member State", "CAPT": "Belgrade", "EU_STAT": "F", "EFTA_STAT": "F", "CC_STAT": "T", "NAME_GERM": "Serbien"}, "geometry": {"type": "MultiPolygon", "coordinates": [[[[5220467.4044, 2522847.3762999997], [5217048.233999999, 2480557.5320999995], [5193547.4253, 2465374.5090999994], [5177374.6877, 2456218.573000001], [5139287.580399999, 2498593.7947000004], [5133172.7486000005, 2496641.7514999993], [5121257.015000001, 2467494.1893000007], [5112074.074999999, 2445302.2935000006], [5084161.2601, 2468673.2375000007], [5058853.6995, 2465999.955499999], [5033462.4998, 2459084.4516000003], [5039110.455499999, 2489241.2667999994], [5060947.4131000005, 2497458.0582999997], [5031555.451400001, 2513131.0206000004], [5024761.136399999, 2522836.0852000006], [5026320.3224, 2528866.5682999995], [5009623.0449, 2575455.7397000007], [5040491.776900001, 2587133.3753999993], [5068153.706700001, 2612699.3713000007], [5081487.072000001, 2610251.4306000005], [5102473.9651, 2611270.4463], [5112369.7859000005, 2611777.776900001], [5147917.9965, 2579517.2293], [5182474.6197, 2531852.3934000004], [5220467.4044, 2522847.3762999997]]]]}}, {"type": "Feature", "properties": {"NUTS_ID": "RS21", "LEVL_CODE": 2, "CNTR_CODE": "RS", "NAME_LATN": "Region Šumadije i Zapadne Srbije", "NUTS_NAME": "Регион Шумадије и Западне Србије", "MOUNT_TYPE": 0, "URBN_TYPE": 0, "COAST_TYPE": 0, "NAME_ENGL": "Serbia", "NAME_FREN": "Serbie", "ISO3_CODE": "SRB", "SVRG_UN": "UN Member State", "CAPT": "Belgrade", "EU_STAT": "F", "EFTA_STAT": "F", "CC_STAT": "T", "NAME_GERM": "Serbien"}, "geometry": {"type": "MultiPolygon", "coordinates": [[[[5126113.574100001, 2429974.0997], [5149476.993000001, 2413549.249500001], [5159469.7598, 2424300.7229999993], [5179560.6371, 2419360.783], [5209011.470899999, 2411110.758199999], [5208481.912900001, 2422354.304199999], [5265525.2761, 2405053.3377], [5263139.6052, 2398311.8948], [5256716.361099999, 2374019.2673000004], [5243306.908299999, 2366013.2996999994], [5249688.4289, 2323506.482999999], [5208552.1359, 2291175.2666999996], [5198294.206, 2303847.0112999994], [5166993.0154, 2250206.426000001], [5141136.5436, 2266081.0558], [5066457.268100001, 2314658.2445], [5085287.898600001, 2329284.5242999997], [5080833.128900001, 2380379.4864000008], [5048464.5754, 2412450.329500001], [5058853.6995, 2465999.955499999], [5084161.2601, 2468673.2375000007], [5112074.074999999, 2445302.2935000006], [5113220.33, 2439111.0407], [5126113.574100001, 2429974.0997]]]]}}, {"type": "Feature", "properties": {"NUTS_ID": "RS22", "LEVL_CODE": 2, "CNTR_CODE": "RS", "NAME_LATN": "Region Južne i Istočne Srbije", "NUTS_NAME": "Регион Јужне и Источне Србије", "MOUNT_TYPE": 0, "URBN_TYPE": 0, "COAST_TYPE": 0, "NAME_ENGL": "Serbia", "NAME_FREN": "Serbie", "ISO3_CODE": "SRB", "SVRG_UN": "UN Member State", "CAPT": "Belgrade", "EU_STAT": "F", "EFTA_STAT": "F", "CC_STAT": "T", "NAME_GERM": "Serbien"}, "geometry": {"type": "MultiPolygon", "coordinates": [[[[5271841.4077, 2464554.9574999996], [5272190.4103, 2464260.9650999997], [5309847.146500001, 2471925.0744000003], [5330611.946599999, 2430822.4794999994], [5322636.3971, 2410288.7277000006], [5317492.5178, 2376326.8265000004], [5344289.3862, 2341572.718800001], [5351004.2761, 2340906.9679000005], [5375157.8499, 2323275.2777999993], [5359818.047800001, 2286468.8461000007], [5341408.2982, 2280944.8636000007], [5336280.7314, 2275236.1873000003], [5340814.5933, 2256088.8045000006], [5338319.639799999, 2217739.3945000004], [5276030.969699999, 2202300.501599999], [5277999.6954, 2217207.2006], [5282575.4122, 2252504.2894], [5269237.211300001, 2252081.4225999992], [5254073.8344, 2267297.9202999994], [5208552.1359, 2291175.2666999996], [5249688.4289, 2323506.482999999], [5243306.908299999, 2366013.2996999994], [5256716.361099999, 2374019.2673000004], [5263139.6052, 2398311.8948], [5265525.2761, 2405053.3377], [5208481.912900001, 2422354.304199999], [5209011.470899999, 2411110.758199999], [5179560.6371, 2419360.783], [5177374.6877, 2456218.573000001], [5193547.4253, 2465374.5090999994], [5217048.233999999, 2480557.5320999995], [5271841.4077, 2464554.9574999996]]]]}}, {"type": "Feature", "properties": {"NUTS_ID": "SE11", "LEVL_CODE": 2, "CNTR_CODE": "SE", "NAME_LATN": "Stockholm", "NUTS_NAME": "Stockholm", "MOUNT_TYPE": 0, "URBN_TYPE": 0, "COAST_TYPE": 0, "NAME_ENGL": "Sweden", "NAME_FREN": "Suède", "ISO3_CODE": "SWE", "SVRG_UN": "UN Member State", "CAPT": "Stockholm", "EU_STAT": "T", "EFTA_STAT": "F", "CC_STAT": "F", "NAME_GERM": "Schweden"}, "geometry": {"type": "MultiPolygon", "coordinates": [[[[4756741.1951, 4006531.7815000005], [4748056.5715, 4016598.2533], [4740044.191, 4025941.2380999997], [4742523.704, 4053508.4154000003], [4802428.181700001, 4155190.641899999], [4828639.4246, 4099628.105799999], [4813627.897500001, 4024026.3301], [4778123.9757, 3992595.4799000006], [4756741.1951, 4006531.7815000005]]]]}}, {"type": "Feature", "properties": {"NUTS_ID": "SE12", "LEVL_CODE": 2, "CNTR_CODE": "SE", "NAME_LATN": "Östra Mellansverige", "NUTS_NAME": "Östra Mellansverige", "MOUNT_TYPE": 0, "URBN_TYPE": 0, "COAST_TYPE": 0, "NAME_ENGL": "Sweden", "NAME_FREN": "Suède", "ISO3_CODE": "SWE", "SVRG_UN": "UN Member State", "CAPT": "Stockholm", "EU_STAT": "T", "EFTA_STAT": "F", "CC_STAT": "F", "NAME_GERM": "Schweden"}, "geometry": {"type": "MultiPolygon", "coordinates": [[[[4802428.181700001, 4155190.641899999], [4742523.704, 4053508.4154000003], [4740044.191, 4025941.2380999997], [4748056.5715, 4016598.2533], [4756741.1951, 4006531.7815000005], [4749146.8927, 3979009.009299999], [4713515.568299999, 3965892.4120000005], [4730318.3267, 3916416.1548999995], [4715177.6598000005, 3895576.2678999994], [4690731.280099999, 3903986.5338000003], [4644268.718599999, 3857038.2368], [4628068.6854, 3858855.0007000007], [4621057.6282, 3872038.305400001], [4616484.418199999, 3896839.401799999], [4607432.4904, 3897000.7974999994], [4581023.400599999, 3906467.3607], [4592481.7469, 3940633.105799999], [4598743.253900001, 3958747.832699999], [4568141.9915, 3997671.1078999992], [4568853.777799999, 4110600.4020000007], [4596617.7425, 4114963.8233000003], [4625290.9211, 4095427.3366], [4647936.631899999, 4131604.8771], [4693220.2875, 4139304.01], [4717503.636399999, 4157228.4594], [4724601.1691, 4193676.019200001], [4802428.181700001, 4155190.641899999]]]]}}, {"type": "Feature", "properties": {"NUTS_ID": "SE21", "LEVL_CODE": 2, "CNTR_CODE": "SE", "NAME_LATN": "Småland med öarna", "NUTS_NAME": "Småland med öarna", "MOUNT_TYPE": 0, "URBN_TYPE": 0, "COAST_TYPE": 0, "NAME_ENGL": "Sweden", "NAME_FREN": "Suède", "ISO3_CODE": "SWE", "SVRG_UN": "UN Member State", "CAPT": "Stockholm", "EU_STAT": "T", "EFTA_STAT": "F", "CC_STAT": "F", "NAME_GERM": "Schweden"}, "geometry": {"type": "MultiPolygon", "coordinates": [[[[4628068.6854, 3858855.0007000007], [4644268.718599999, 3857038.2368], [4690731.280099999, 3903986.5338000003], [4715177.6598000005, 3895576.2678999994], [4723660.3072999995, 3846239.482000001], [4714642.3265, 3797035.8910000008], [4734261.931299999, 3762690.9342], [4722886.927300001, 3713585.4924999997], [4707053.106899999, 3735827.7872], [4695105.4978, 3706695.4233999997], [4682816.550000001, 3706798.9734000005], [4661869.768300001, 3724257.7097999994], [4651385.9363, 3721132.3110000007], [4620891.0679, 3705766.2773], [4599347.9669, 3715052.3739], [4534729.697899999, 3707907.955499999], [4526136.895099999, 3749092.8205999993], [4544998.956499999, 3769019.6570999995], [4508843.1074, 3786621.3369999994], [4536813.5209, 3831792.6960000005], [4549152.5656, 3882064.9077000003], [4581023.400599999, 3906467.3607], [4607432.4904, 3897000.7974999994], [4616484.418199999, 3896839.401799999], [4621057.6282, 3872038.305400001], [4628068.6854, 3858855.0007000007]]], [[[4848366.974300001, 3829771.1625999995], [4819113.076400001, 3791717.662799999], [4817976.391899999, 3810697.2008999996], [4808950.644099999, 3823345.8236999996], [4812958.930299999, 3837542.9165000003], [4806240.5188, 3853278.9408], [4823231.8354, 3886955.7137], [4837869.4964000005, 3900907.4658000004], [4859010.725199999, 3904881.4912], [4856709.8451000005, 3882759.2256000005], [4845993.246200001, 3871328.3907999992], [4848366.974300001, 3829771.1625999995]]]]}}, {"type": "Feature", "properties": {"NUTS_ID": "SE22", "LEVL_CODE": 2, "CNTR_CODE": "SE", "NAME_LATN": "Sydsverige", "NUTS_NAME": "Sydsverige", "MOUNT_TYPE": 0, "URBN_TYPE": 0, "COAST_TYPE": 0, "NAME_ENGL": "Sweden", "NAME_FREN": "Suède", "ISO3_CODE": "SWE", "SVRG_UN": "UN Member State", "CAPT": "Stockholm", "EU_STAT": "T", "EFTA_STAT": "F", "CC_STAT": "F", "NAME_GERM": "Schweden"}, "geometry": {"type": "MultiPolygon", "coordinates": [[[[4661869.768300001, 3724257.7097999994], [4682816.550000001, 3706798.9734000005], [4695105.4978, 3706695.4233999997], [4680618.7213, 3681309.1801999994], [4604192.8281, 3670893.6075], [4583909.419, 3601419.1911999993], [4522235.599300001, 3592091.9229000006], [4487078.975199999, 3662743.1703999992], [4499886.534700001, 3708681.501700001], [4534729.697899999, 3707907.955499999], [4599347.9669, 3715052.3739], [4620891.0679, 3705766.2773], [4651385.9363, 3721132.3110000007], [4661869.768300001, 3724257.7097999994]]]]}}, {"type": "Feature", "properties": {"NUTS_ID": "SE23", "LEVL_CODE": 2, "CNTR_CODE": "SE", "NAME_LATN": "Västsverige", "NUTS_NAME": "Västsverige", "MOUNT_TYPE": 0, "URBN_TYPE": 0, "COAST_TYPE": 0, "NAME_ENGL": "Sweden", "NAME_FREN": "Suède", "ISO3_CODE": "SWE", "SVRG_UN": "UN Member State", "CAPT": "Stockholm", "EU_STAT": "T", "EFTA_STAT": "F", "CC_STAT": "F", "NAME_GERM": "Schweden"}, "geometry": {"type": "MultiPolygon", "coordinates": [[[[4481231.6995, 3997378.2521], [4503177.2195999995, 3966219.4902], [4531212.164899999, 3998690.477600001], [4568141.9915, 3997671.1078999992], [4598743.253900001, 3958747.832699999], [4592481.7469, 3940633.105799999], [4581023.400599999, 3906467.3607], [4549152.5656, 3882064.9077000003], [4536813.5209, 3831792.6960000005], [4508843.1074, 3786621.3369999994], [4544998.956499999, 3769019.6570999995], [4526136.895099999, 3749092.8205999993], [4534729.697899999, 3707907.955499999], [4499886.534700001, 3708681.501700001], [4436222.649900001, 3830455.2589999996], [4409723.8868, 3876749.5907000005], [4390494.7667, 3950683.3049999997], [4390976.5208, 3986335.1828000005], [4404885.393100001, 3988539.145199999], [4414590.9651999995, 3982028.8113], [4419716.5154, 3995431.0604], [4425445.6281, 4016571.0274], [4443881.4363, 4018636.2785], [4475706.251800001, 4005315.1854999997], [4481231.6995, 3997378.2521]]]]}}, {"type": "Feature", "properties": {"NUTS_ID": "SE31", "LEVL_CODE": 2, "CNTR_CODE": "SE", "NAME_LATN": "Norra Mellansverige", "NUTS_NAME": "Norra Mellansverige", "MOUNT_TYPE": 0, "URBN_TYPE": 0, "COAST_TYPE": 0, "NAME_ENGL": "Sweden", "NAME_FREN": "Suède", "ISO3_CODE": "SWE", "SVRG_UN": "UN Member State", "CAPT": "Stockholm", "EU_STAT": "T", "EFTA_STAT": "F", "CC_STAT": "F", "NAME_GERM": "Schweden"}, "geometry": {"type": "MultiPolygon", "coordinates": [[[[4717890.8456999995, 4307525.6906], [4707581.9307, 4249823.112400001], [4724601.1691, 4193676.019200001], [4717503.636399999, 4157228.4594], [4693220.2875, 4139304.01], [4647936.631899999, 4131604.8771], [4625290.9211, 4095427.3366], [4596617.7425, 4114963.8233000003], [4568853.777799999, 4110600.4020000007], [4568141.9915, 3997671.1078999992], [4531212.164899999, 3998690.477600001], [4503177.2195999995, 3966219.4902], [4481231.6995, 3997378.2521], [4475706.251800001, 4005315.1854999997], [4443881.4363, 4018636.2785], [4425445.6281, 4016571.0274], [4429455.153999999, 4078125.6467000004], [4424393.606000001, 4083582.6481999997], [4441629.048599999, 4089343.866800001], [4457049.282199999, 4110970.5056999996], [4462806.228700001, 4150810.2381999996], [4445605.062000001, 4211601.132300001], [4465658.2871, 4219983.2985], [4465246.070800001, 4261087.826400001], [4436644.1457, 4298009.4877], [4440904.7279, 4353715.4593], [4494308.6796, 4326444.5275], [4514172.788899999, 4290443.662799999], [4557821.091600001, 4284568.118799999], [4594830.625600001, 4323937.424799999], [4598507.612299999, 4362772.997099999], [4650256.562999999, 4362951.5218], [4712400.866699999, 4358106.142100001], [4708560.2783, 4324518.272500001], [4717890.8456999995, 4307525.6906]]]]}}, {"type": "Feature", "properties": {"NUTS_ID": "SE32", "LEVL_CODE": 2, "CNTR_CODE": "SE", "NAME_LATN": "Mellersta Norrland", "NUTS_NAME": "Mellersta Norrland", "MOUNT_TYPE": 0, "URBN_TYPE": 0, "COAST_TYPE": 0, "NAME_ENGL": "Sweden", "NAME_FREN": "Suède", "ISO3_CODE": "SWE", "SVRG_UN": "UN Member State", "CAPT": "Stockholm", "EU_STAT": "T", "EFTA_STAT": "F", "CC_STAT": "F", "NAME_GERM": "Schweden"}, "geometry": {"type": "MultiPolygon", "coordinates": [[[[4590781.997300001, 4615337.4803], [4650735.352499999, 4562849.209000001], [4661348.813100001, 4555022.7959], [4699835.703600001, 4551738.595799999], [4727533.961200001, 4564094.293], [4739428.8105, 4552772.0868999995], [4761704.672900001, 4547080.330700001], [4769487.7432, 4538348.2839], [4784816.1929, 4515904.392100001], [4748512.5888, 4460124.615900001], [4748689.9761, 4441848.693299999], [4708274.867900001, 4382150.151799999], [4712400.866699999, 4358106.142100001], [4650256.562999999, 4362951.5218], [4598507.612299999, 4362772.997099999], [4594830.625600001, 4323937.424799999], [4557821.091600001, 4284568.118799999], [4514172.788899999, 4290443.662799999], [4494308.6796, 4326444.5275], [4440904.7279, 4353715.4593], [4438332.4803, 4360687.112199999], [4424849.4953000005, 4454897.044], [4428899.1995, 4481072.204600001], [4430966.837200001, 4503388.899800001], [4445732.5723, 4529630.7809], [4475502.457900001, 4555685.7949], [4517888.839400001, 4557693.2116], [4520389.6183, 4592218.7552000005], [4506168.570599999, 4609613.9451], [4500553.1686, 4616548.5276], [4525407.6393, 4674222.130000001], [4555630.306600001, 4647388.533399999], [4590781.997300001, 4615337.4803]]]]}}, {"type": "Feature", "properties": {"NUTS_ID": "SE33", "LEVL_CODE": 2, "CNTR_CODE": "SE", "NAME_LATN": "Övre Norrland", "NUTS_NAME": "Övre Norrland", "MOUNT_TYPE": 0, "URBN_TYPE": 0, "COAST_TYPE": 0, "NAME_ENGL": "Sweden", "NAME_FREN": "Suède", "ISO3_CODE": "SWE", "SVRG_UN": "UN Member State", "CAPT": "Stockholm", "EU_STAT": "T", "EFTA_STAT": "F", "CC_STAT": "F", "NAME_GERM": "Schweden"}, "geometry": {"type": "MultiPolygon", "coordinates": [[[[4744757.5046, 5136005.0243], [4882630.9618999995, 5043779.6998], [4929425.7168000005, 4919018.998299999], [4939457.887, 4857278.8039], [4967895.5929000005, 4811191.227299999], [4971226.650800001, 4797934.918099999], [4915519.2436999995, 4784777.3561], [4897826.8837, 4749343.784600001], [4882949.412699999, 4752630.926899999], [4865014.382099999, 4706862.0638], [4852405.141799999, 4671786.730900001], [4863191.8124, 4648471.6743], [4866056.1239, 4612841.6285], [4824121.6776, 4539689.8155000005], [4784816.1929, 4515904.392100001], [4769487.7432, 4538348.2839], [4761704.672900001, 4547080.330700001], [4739428.8105, 4552772.0868999995], [4727533.961200001, 4564094.293], [4699835.703600001, 4551738.595799999], [4661348.813100001, 4555022.7959], [4650735.352499999, 4562849.209000001], [4590781.997300001, 4615337.4803], [4555630.306600001, 4647388.533399999], [4525407.6393, 4674222.130000001], [4532037.6675, 4779505.4033], [4566978.611199999, 4813265.669600001], [4563730.3927, 4830690.195], [4598950.251599999, 4895824.906199999], [4587371.919, 4935277.019400001], [4605710.551100001, 4987904.661900001], [4626113.4443, 5012633.2763], [4644414.573000001, 5008079.9103], [4659061.4355999995, 5021416.403899999], [4655620.2413, 5065448.5865], [4731700.331700001, 5058529.409600001], [4736996.603800001, 5130193.0163], [4744757.5046, 5136005.0243]]]]}}, {"type": "Feature", "properties": {"NUTS_ID": "SI03", "LEVL_CODE": 2, "CNTR_CODE": "SI", "NAME_LATN": "Vzhodna Slovenija", "NUTS_NAME": "Vzhodna Slovenija", "MOUNT_TYPE": 0, "URBN_TYPE": 0, "COAST_TYPE": 0, "NAME_ENGL": "Slovenia", "NAME_FREN": "Slovénie", "ISO3_CODE": "SVN", "SVRG_UN": "UN Member State", "CAPT": "Ljubljana", "EU_STAT": "T", "EFTA_STAT": "F", "CC_STAT": "F", "NAME_GERM": "Slowenien"}, "geometry": {"type": "MultiPolygon", "coordinates": [[[[4807826.1532000005, 2644113.7391999997], [4827385.8894, 2618351.326199999], [4800109.809699999, 2617566.9919000007], [4805669.1493, 2605574.086100001], [4773662.2333, 2591913.8157], [4767522.000399999, 2589203.2477], [4756287.5679, 2569024.9848999996], [4763299.947699999, 2557231.321799999], [4741351.1735, 2535261.6369000003], [4735901.171599999, 2531543.4870999996], [4730255.16, 2493771.1679], [4677333.5853, 2517639.023499999], [4664447.307399999, 2498010.1328999996], [4643271.7804000005, 2494333.5858999994], [4635731.6998, 2525062.6215000004], [4641875.954500001, 2537424.276799999], [4676156.704, 2530749.645300001], [4704643.658399999, 2553395.6874], [4699952.8423, 2578566.340500001], [4672420.993899999, 2594629.7028], [4672386.9882, 2595156.8956000004], [4680269.760500001, 2604354.046], [4708765.1296999995, 2628648.7771000005], [4734492.067299999, 2630626.1513], [4753009.4882, 2637824.3693000004], [4763403.3181, 2638817.9725], [4778298.5133, 2654263.0853000004], [4786947.8336, 2658724.9250000007], [4807826.1532000005, 2644113.7391999997]]]]}}, {"type": "Feature", "properties": {"NUTS_ID": "SI04", "LEVL_CODE": 2, "CNTR_CODE": "SI", "NAME_LATN": "Zahodna Slovenija", "NUTS_NAME": "Zahodna Slovenija", "MOUNT_TYPE": 0, "URBN_TYPE": 0, "COAST_TYPE": 0, "NAME_ENGL": "Slovenia", "NAME_FREN": "Slovénie", "ISO3_CODE": "SVN", "SVRG_UN": "UN Member State", "CAPT": "Ljubljana", "EU_STAT": "T", "EFTA_STAT": "F", "CC_STAT": "F", "NAME_GERM": "Slowenien"}, "geometry": {"type": "MultiPolygon", "coordinates": [[[[4704643.658399999, 2553395.6874], [4676156.704, 2530749.645300001], [4641875.954500001, 2537424.276799999], [4635731.6998, 2525062.6215000004], [4643271.7804000005, 2494333.5858999994], [4642725.0929000005, 2494425.2696], [4606910.833699999, 2489415.437000001], [4611706.6953, 2505312.588199999], [4620627.842700001, 2504937.5133999996], [4625607.4045, 2510559.301999999], [4615786.936899999, 2521947.978599999], [4600790.590299999, 2528446.5233999994], [4600801.203500001, 2529734.6720000003], [4591854.307499999, 2555074.1741000004], [4591448.658299999, 2588075.378900001], [4604291.080700001, 2598604.5420999993], [4606152.070499999, 2608175.0654000007], [4661893.2820999995, 2602363.9946], [4672386.9882, 2595156.8956000004], [4672420.993899999, 2594629.7028], [4699952.8423, 2578566.340500001], [4704643.658399999, 2553395.6874]]]]}}, {"type": "Feature", "properties": {"NUTS_ID": "SK01", "LEVL_CODE": 2, "CNTR_CODE": "SK", "NAME_LATN": "Bratislavský kraj", "NUTS_NAME": "Bratislavský kraj", "MOUNT_TYPE": 0, "URBN_TYPE": 0, "COAST_TYPE": 0, "NAME_ENGL": "Slovakia", "NAME_FREN": "Slovaquie", "ISO3_CODE": "SVK", "SVRG_UN": "UN Member State", "CAPT": "Bratislava", "EU_STAT": "T", "EFTA_STAT": "F", "CC_STAT": "F", "NAME_GERM": "Slowakei"}, "geometry": {"type": "MultiPolygon", "coordinates": [[[[4861008.709100001, 2793004.7731], [4854633.2936, 2791782.4586999994], [4846489.8573, 2803511.3914], [4839232.970000001, 2808802.6084000003], [4827291.811899999, 2837437.805400001], [4833565.827299999, 2848880.935799999], [4853814.821, 2849144.3302999996], [4872520.371099999, 2831561.2532], [4873400.4596, 2810540.5832], [4861008.709100001, 2793004.7731]]]]}}, {"type": "Feature", "properties": {"NUTS_ID": "SK02", "LEVL_CODE": 2, "CNTR_CODE": "SK", "NAME_LATN": "Západné Slovensko", "NUTS_NAME": "Západné Slovensko", "MOUNT_TYPE": 0, "URBN_TYPE": 0, "COAST_TYPE": 0, "NAME_ENGL": "Slovakia", "NAME_FREN": "Slovaquie", "ISO3_CODE": "SVK", "SVRG_UN": "UN Member State", "CAPT": "Bratislava", "EU_STAT": "T", "EFTA_STAT": "F", "CC_STAT": "F", "NAME_GERM": "Slowakei"}, "geometry": {"type": "MultiPolygon", "coordinates": [[[[4982212.621300001, 2784591.9952000007], [4912119.8091, 2767793.6603999995], [4897845.193, 2768465.3463000003], [4861008.709100001, 2793004.7731], [4873400.4596, 2810540.5832], [4872520.371099999, 2831561.2532], [4853814.821, 2849144.3302999996], [4833565.827299999, 2848880.935799999], [4832035.225400001, 2857836.831599999], [4863380.6556, 2882817.0767], [4881191.0218, 2889219.8411999997], [4924768.599400001, 2945551.253799999], [4968582.875600001, 2886703.6557], [4945647.1998, 2862094.8418000005], [4991117.540200001, 2814757.4297], [4985038.552200001, 2811671.278999999], [4974418.3094, 2794447.3637000006], [4982212.621300001, 2784591.9952000007]]]]}}, {"type": "Feature", "properties": {"NUTS_ID": "SK03", "LEVL_CODE": 2, "CNTR_CODE": "SK", "NAME_LATN": "Stredné Slovensko", "NUTS_NAME": "Stredné Slovensko", "MOUNT_TYPE": 0, "URBN_TYPE": 0, "COAST_TYPE": 0, "NAME_ENGL": "Slovakia", "NAME_FREN": "Slovaquie", "ISO3_CODE": "SVK", "SVRG_UN": "UN Member State", "CAPT": "Bratislava", "EU_STAT": "T", "EFTA_STAT": "F", "CC_STAT": "F", "NAME_GERM": "Slowakei"}, "geometry": {"type": "MultiPolygon", "coordinates": [[[[5003133.9341, 2988592.054199999], [5038951.0986, 2947340.4475], [5051147.4816, 2915667.0638999995], [5061871.8927, 2915176.2376000006], [5071614.842499999, 2914749.0692999996], [5092186.1017, 2871555.9102999996], [5066406.101399999, 2834643.9049999993], [4991117.540200001, 2814757.4297], [4945647.1998, 2862094.8418000005], [4968582.875600001, 2886703.6557], [4924768.599400001, 2945551.253799999], [4929608.184, 2955255.7161], [4960290.233100001, 2972378.4113999996], [4981146.918199999, 2964053.5408999994], [5003133.9341, 2988592.054199999]]]]}}, {"type": "Feature", "properties": {"NUTS_ID": "SK04", "LEVL_CODE": 2, "CNTR_CODE": "SK", "NAME_LATN": "Východné Slovensko", "NUTS_NAME": "Východné Slovensko", "MOUNT_TYPE": 0, "URBN_TYPE": 0, "COAST_TYPE": 0, "NAME_ENGL": "Slovakia", "NAME_FREN": "Slovaquie", "ISO3_CODE": "SVK", "SVRG_UN": "UN Member State", "CAPT": "Bratislava", "EU_STAT": "T", "EFTA_STAT": "F", "CC_STAT": "F", "NAME_GERM": "Slowakei"}, "geometry": {"type": "MultiPolygon", "coordinates": [[[[5215149.253900001, 2903071.4311999995], [5216710.2202, 2884027.4801000003], [5214660.069499999, 2880853.8320000004], [5159903.8344, 2891350.2935000006], [5092186.1017, 2871555.9102999996], [5071614.842499999, 2914749.0692999996], [5061871.8927, 2915176.2376000006], [5051147.4816, 2915667.0638999995], [5038951.0986, 2947340.4475], [5056054.9975000005, 2957982.587099999], [5088278.376800001, 2978299.3541], [5144084.4395, 2988537.182600001], [5234032.6688, 2964367.443499999], [5224941.452400001, 2937247.0222999994], [5224306.5472, 2918985.7387000006], [5215149.253900001, 2903071.4311999995]]]]}}, {"type": "Feature", "properties": {"NUTS_ID": "TR10", "LEVL_CODE": 2, "CNTR_CODE": "TR", "NAME_LATN": "İstanbul", "NUTS_NAME": "İstanbul", "MOUNT_TYPE": 0, "URBN_TYPE": 0, "COAST_TYPE": 0, "NAME_ENGL": "Türkiye", "NAME_FREN": "Turquie", "ISO3_CODE": "TUR", "SVRG_UN": "UN Member State", "CAPT": "Ankara", "EU_STAT": "F", "EFTA_STAT": "F", "CC_STAT": "T", "NAME_GERM": "Türkei"}, "geometry": {"type": "MultiPolygon", "coordinates": [[[[5888007.035499999, 2217366.2183999997], [5895969.377699999, 2183332.2357], [5824749.2566, 2171034.837200001], [5826981.3456999995, 2233956.2378000002], [5888007.035499999, 2217366.2183999997]]], [[[5974176.278899999, 2223871.1973], [5940443.759199999, 2176264.6207], [5903691.669, 2182081.2392999995], [5912477.327, 2219090.911699999], [5974176.278899999, 2223871.1973]]]]}}, {"type": "Feature", "properties": {"NUTS_ID": "TR21", "LEVL_CODE": 2, "CNTR_CODE": "TR", "NAME_LATN": "Tekirdağ, Edirne, Kırklareli", "NUTS_NAME": "Tekirdağ, Edirne, Kırklareli", "MOUNT_TYPE": 0, "URBN_TYPE": 0, "COAST_TYPE": 0, "NAME_ENGL": "Türkiye", "NAME_FREN": "Turquie", "ISO3_CODE": "TUR", "SVRG_UN": "UN Member State", "CAPT": "Ankara", "EU_STAT": "F", "EFTA_STAT": "F", "CC_STAT": "T", "NAME_GERM": "Türkei"}, "geometry": {"type": "MultiPolygon", "coordinates": [[[[5791286.5868999995, 2156409.0371000003], [5751528.5013, 2100720.0274], [5731207.483999999, 2117440.9878000002], [5730711.5539, 2116727.4126999993], [5729837.5152, 2114394.3406000007], [5729073.500399999, 2111401.6416999996], [5729204.5054, 2109586.1379000004], [5730188.575300001, 2106048.3146], [5670221.351600001, 2102712.0823], [5701097.2457, 2187851.018100001], [5675518.538699999, 2215228.6450999994], [5687246.9263, 2242311.344799999], [5716919.9485, 2257473.069700001], [5723794.925799999, 2269102.7313], [5804912.6646, 2276442.7947000004], [5816890.4836, 2250802.4026999995], [5824292.444399999, 2234996.306500001], [5826981.3456999995, 2233956.2378000002], [5824749.2566, 2171034.837200001], [5791286.5868999995, 2156409.0371000003]]]]}}, {"type": "Feature", "properties": {"NUTS_ID": "DEB1", "LEVL_CODE": 2, "CNTR_CODE": "DE", "NAME_LATN": "Koblenz", "NUTS_NAME": "Koblenz", "MOUNT_TYPE": 0, "URBN_TYPE": 0, "COAST_TYPE": 0, "NAME_ENGL": "Germany", "NAME_FREN": "Allemagne", "ISO3_CODE": "DEU", "SVRG_UN": "UN Member State", "CAPT": "Berlin", "EU_STAT": "T", "EFTA_STAT": "F", "CC_STAT": "F", "NAME_GERM": "Deutschland"}, "geometry": {"type": "MultiPolygon", "coordinates": [[[[4187131.1447, 3020058.2782000005], [4161636.7204, 2997328.3943000007], [4161035.4487999994, 2999132.7479999997], [4158589.2907999996, 2989871.3440000005], [4174492.3016999997, 2970980.7377000004], [4170059.4047, 2962111.3729999997], [4155158.4398999996, 2951458.5373], [4142328.0644000005, 2958007.4800000004], [4123939.3675999995, 2940964.590399999], [4106360.834899999, 2951753.6241999995], [4107759.330600001, 2957247.4101], [4121419.8255000003, 2978490.8312999997], [4120336.351399999, 2987589.2519000005], [4104897.1720000003, 3002849.8132000007], [4112113.3806, 3022804.5502000004], [4106412.7726000007, 3030729.8527000006], [4093417.544500001, 3032716.157400001], [4103368.4568000007, 3054207.5143999998], [4123782.9295000006, 3060603.5248000007], [4140271.5187, 3069801.261499999], [4156201.991800001, 3081392.8111000005], [4165398.3935000002, 3094413.0482], [4169961.1691999994, 3092709.6643000003], [4182511.1171000004, 3066931.9251000006], [4188558.5787000004, 3065486.9448000006], [4190141.560900001, 3055827.5045], [4176810.116800001, 3034687.0622000005], [4187131.1447, 3020058.2782000005]]]]}}, {"type": "Feature", "properties": {"NUTS_ID": "DEB2", "LEVL_CODE": 2, "CNTR_CODE": "DE", "NAME_LATN": "Trier", "NUTS_NAME": "Trier", "MOUNT_TYPE": 0, "URBN_TYPE": 0, "COAST_TYPE": 0, "NAME_ENGL": "Germany", "NAME_FREN": "Allemagne", "ISO3_CODE": "DEU", "SVRG_UN": "UN Member State", "CAPT": "Berlin", "EU_STAT": "T", "EFTA_STAT": "F", "CC_STAT": "F", "NAME_GERM": "Deutschland"}, "geometry": {"type": "MultiPolygon", "coordinates": [[[[4106412.7726000007, 3030729.8527000006], [4112113.3806, 3022804.5502000004], [4104897.1720000003, 3002849.8132000007], [4120336.351399999, 2987589.2519000005], [4121419.8255000003, 2978490.8312999997], [4107759.330600001, 2957247.4101], [4106360.834899999, 2951753.6241999995], [4096387.0096000005, 2949270.6457], [4059130.7711999994, 2944039.3893999998], [4067410.837099999, 2973721.5833], [4044953.8672, 3009232.5731000006], [4065087.3355, 3029745.6953], [4066527.1193000004, 3029642.1941], [4093417.544500001, 3032716.157400001], [4106412.7726000007, 3030729.8527000006]]]]}}, {"type": "Feature", "properties": {"NUTS_ID": "DEB3", "LEVL_CODE": 2, "CNTR_CODE": "DE", "NAME_LATN": "Rheinhessen-Pfalz", "NUTS_NAME": "Rheinhessen-Pfalz", "MOUNT_TYPE": 0, "URBN_TYPE": 0, "COAST_TYPE": 0, "NAME_ENGL": "Germany", "NAME_FREN": "Allemagne", "ISO3_CODE": "DEU", "SVRG_UN": "UN Member State", "CAPT": "Berlin", "EU_STAT": "T", "EFTA_STAT": "F", "CC_STAT": "F", "NAME_GERM": "Deutschland"}, "geometry": {"type": "MultiPolygon", "coordinates": [[[[4161636.7204, 2997328.3943000007], [4171106.0220999997, 2987851.4814999998], [4190259.1007000003, 2992945.9571], [4191329.383300001, 2993035.2079000007], [4198260.7392, 2988400.6974], [4202052.8475, 2982236.3563], [4205818.420700001, 2966931.2860000003], [4209167.978599999, 2959144.514799999], [4209058.5528, 2958914.4233999997], [4208936.184800001, 2958700.2425999995], [4206384.4662999995, 2943712.678099999], [4206911.1763, 2942403.6646], [4206908.4438000005, 2941381.1796000004], [4206858.979800001, 2937781.563100001], [4210213.2182, 2926776.3453], [4211940.493899999, 2923163.1141999997], [4209211.3783, 2912146.7809999995], [4210938.595899999, 2909690.4781], [4209447.0976, 2908937.1611], [4205446.5603, 2905334.1197999995], [4199706.8018, 2886591.1183], [4194902.055500001, 2876668.8454], [4193703.1273, 2875693.6634], [4191568.4299, 2874149.0747999996], [4179638.1773000006, 2878090.5392000005], [4168238.4449000005, 2883501.2454000004], [4148169.9397, 2885085.8198000006], [4129088.6479, 2897694.362400001], [4125670.738500001, 2900937.8211000003], [4125617.5218, 2907240.1494999994], [4131564.0308, 2914841.1143999994], [4132313.287900001, 2920530.2566], [4131881.620100001, 2921027.0637], [4124529.294399999, 2925318.3159], [4121722.1779999994, 2928009.0362], [4123939.3675999995, 2940964.590399999], [4142328.0644000005, 2958007.4800000004], [4155158.4398999996, 2951458.5373], [4170059.4047, 2962111.3729999997], [4174492.3016999997, 2970980.7377000004], [4158589.2907999996, 2989871.3440000005], [4161035.4487999994, 2999132.7479999997], [4161636.7204, 2997328.3943000007]]]]}}, {"type": "Feature", "properties": {"NUTS_ID": "DEC0", "LEVL_CODE": 2, "CNTR_CODE": "DE", "NAME_LATN": "Saarland", "NUTS_NAME": "Saarland", "MOUNT_TYPE": 0, "URBN_TYPE": 0, "COAST_TYPE": 0, "NAME_ENGL": "Germany", "NAME_FREN": "Allemagne", "ISO3_CODE": "DEU", "SVRG_UN": "UN Member State", "CAPT": "Berlin", "EU_STAT": "T", "EFTA_STAT": "F", "CC_STAT": "F", "NAME_GERM": "Deutschland"}, "geometry": {"type": "MultiPolygon", "coordinates": [[[[4129088.6479, 2897694.362400001], [4121360.4156, 2894898.5023], [4109552.371200001, 2897821.1248000003], [4082335.1054, 2905956.7978000008], [4071243.3954000007, 2928770.9639], [4057753.9418, 2935021.0808000006], [4059130.7711999994, 2944039.3893999998], [4096387.0096000005, 2949270.6457], [4106360.834899999, 2951753.6241999995], [4123939.3675999995, 2940964.590399999], [4121722.1779999994, 2928009.0362], [4124529.294399999, 2925318.3159], [4131881.620100001, 2921027.0637], [4132313.287900001, 2920530.2566], [4131564.0308, 2914841.1143999994], [4125617.5218, 2907240.1494999994], [4125670.738500001, 2900937.8211000003], [4129088.6479, 2897694.362400001]]]]}}, {"type": "Feature", "properties": {"NUTS_ID": "DED2", "LEVL_CODE": 2, "CNTR_CODE": "DE", "NAME_LATN": "Dresden", "NUTS_NAME": "Dresden", "MOUNT_TYPE": 0, "URBN_TYPE": 0, "COAST_TYPE": 0, "NAME_ENGL": "Germany", "NAME_FREN": "Allemagne", "ISO3_CODE": "DEU", "SVRG_UN": "UN Member State", "CAPT": "Berlin", "EU_STAT": "T", "EFTA_STAT": "F", "CC_STAT": "F", "NAME_GERM": "Deutschland"}, "geometry": {"type": "MultiPolygon", "coordinates": [[[[4648590.561000001, 3174085.7885], [4667129.407400001, 3151023.3308000006], [4660255.7794, 3095529.1428999994], [4645979.160499999, 3093185.0231999997], [4635755.0407, 3113254.6547], [4623550.103499999, 3113763.4321], [4613160.545, 3090520.4581000004], [4578743.5452, 3075177.8411], [4560934.8804, 3108161.7599], [4544347.410599999, 3129263.5979999993], [4544296.3726, 3148677.8440000005], [4577902.957699999, 3146844.5265999995], [4587902.7784, 3147669.7345000003], [4609662.673699999, 3167168.9530999996], [4629350.4406, 3168446.2354000006], [4648590.561000001, 3174085.7885]]]]}}, {"type": "Feature", "properties": {"NUTS_ID": "DED4", "LEVL_CODE": 2, "CNTR_CODE": "DE", "NAME_LATN": "Chemnitz", "NUTS_NAME": "Chemnitz", "MOUNT_TYPE": 0, "URBN_TYPE": 0, "COAST_TYPE": 0, "NAME_ENGL": "Germany", "NAME_FREN": "Allemagne", "ISO3_CODE": "DEU", "SVRG_UN": "UN Member State", "CAPT": "Berlin", "EU_STAT": "T", "EFTA_STAT": "F", "CC_STAT": "F", "NAME_GERM": "Deutschland"}, "geometry": {"type": "MultiPolygon", "coordinates": [[[[4568654.602399999, 3063911.0807000007], [4530540.3905, 3036694.340399999], [4504645.4372000005, 3036024.5754000004], [4470617.443499999, 3025026.0146999992], [4457382.0583999995, 3036536.161800001], [4454607.3774, 3058977.0988], [4468706.778000001, 3053983.9733000007], [4484887.0134, 3065354.6834999993], [4479595.025699999, 3080970.499399999], [4507487.627900001, 3093633.5681999996], [4504766.5649999995, 3099894.009299999], [4525373.305500001, 3127109.5373], [4544347.410599999, 3129263.5979999993], [4560934.8804, 3108161.7599], [4578743.5452, 3075177.8411], [4568654.602399999, 3063911.0807000007]]]]}}, {"type": "Feature", "properties": {"NUTS_ID": "DED5", "LEVL_CODE": 2, "CNTR_CODE": "DE", "NAME_LATN": "Leipzig", "NUTS_NAME": "Leipzig", "MOUNT_TYPE": 0, "URBN_TYPE": 0, "COAST_TYPE": 0, "NAME_ENGL": "Germany", "NAME_FREN": "Allemagne", "ISO3_CODE": "DEU", "SVRG_UN": "UN Member State", "CAPT": "Berlin", "EU_STAT": "T", "EFTA_STAT": "F", "CC_STAT": "F", "NAME_GERM": "Deutschland"}, "geometry": {"type": "MultiPolygon", "coordinates": [[[[4525373.305500001, 3127109.5373], [4504766.5649999995, 3099894.009299999], [4480955.006200001, 3111466.7685000002], [4472463.4035, 3131642.7738000005], [4473852.6492, 3138030.1097999997], [4473564.054400001, 3160150.9649], [4499636.73, 3171552.625499999], [4532107.862500001, 3175212.723200001], [4544296.3726, 3148677.8440000005], [4544347.410599999, 3129263.5979999993], [4525373.305500001, 3127109.5373]]]]}}, {"type": "Feature", "properties": {"NUTS_ID": "DEE0", "LEVL_CODE": 2, "CNTR_CODE": "DE", "NAME_LATN": "Sachsen-Anhalt", "NUTS_NAME": "Sachsen-Anhalt", "MOUNT_TYPE": 0, "URBN_TYPE": 0, "COAST_TYPE": 0, "NAME_ENGL": "Germany", "NAME_FREN": "Allemagne", "ISO3_CODE": "DEU", "SVRG_UN": "UN Member State", "CAPT": "Berlin", "EU_STAT": "T", "EFTA_STAT": "F", "CC_STAT": "F", "NAME_GERM": "Deutschland"}, "geometry": {"type": "MultiPolygon", "coordinates": [[[[4480955.006200001, 3111466.7685000002], [4477298.6808, 3094770.4496], [4472987.5779, 3096384.671], [4462947.085999999, 3097268.5284], [4451204.464500001, 3106378.3058], [4439886.3727, 3109855.222100001], [4424972.8518, 3111527.7709999997], [4417729.1798, 3127014.0998], [4423804.021400001, 3132604.6384999994], [4420561.8938, 3137520.1327], [4389027.0594999995, 3146689.5657], [4384447.4417, 3167714.4239000008], [4369550.9746, 3170421.583799999], [4359540.0276, 3210600.778000001], [4375984.5593, 3215642.853], [4387148.2928, 3216740.2146000005], [4384504.692500001, 3262904.8532], [4389510.3927, 3265748.5569], [4372219.352700001, 3298822.0715999994], [4377693.4977, 3305156.0545000006], [4422177.787900001, 3315760.3845000006], [4428178.2282, 3326451.125], [4445937.5496, 3312754.6325000003], [4464133.2762, 3311150.4800000004], [4472708.3358, 3300460.1272], [4468427.135500001, 3268540.7090000007], [4478495.880899999, 3263035.0746], [4476969.282299999, 3224010.7676999997], [4483990.0326000005, 3217677.5808000006], [4511257.8675999995, 3211308.9679000005], [4537996.311899999, 3199068.1853], [4532107.862500001, 3175212.723200001], [4499636.73, 3171552.625499999], [4473564.054400001, 3160150.9649], [4473852.6492, 3138030.1097999997], [4472463.4035, 3131642.7738000005], [4480955.006200001, 3111466.7685000002]]]]}}, {"type": "Feature", "properties": {"NUTS_ID": "DEF0", "LEVL_CODE": 2, "CNTR_CODE": "DE", "NAME_LATN": "Schleswig-Holstein", "NUTS_NAME": "Schleswig-Holstein", "MOUNT_TYPE": 0, "URBN_TYPE": 0, "COAST_TYPE": 0, "NAME_ENGL": "Germany", "NAME_FREN": "Allemagne", "ISO3_CODE": "DEU", "SVRG_UN": "UN Member State", "CAPT": "Berlin", "EU_STAT": "T", "EFTA_STAT": "F", "CC_STAT": "F", "NAME_GERM": "Deutschland"}, "geometry": {"type": "MultiPolygon", "coordinates": [[[[4264045.7861, 3530123.4396], [4274283.7929, 3523118.9946999997], [4283856.6886, 3525296.4646000005], [4286822.7674, 3523626.4880999997], [4288333.1447, 3524216.9692], [4306700.0561999995, 3513563.8450000007], [4307694.2598, 3495169.0646], [4331938.636299999, 3480738.1951], [4332328.8266, 3471046.3947], [4367472.4155, 3466735.8474000003], [4386496.9418, 3468978.9275], [4376190.2784, 3431980.1624999996], [4380328.672700001, 3428122.1577000003], [4371265.0853, 3411806.030099999], [4383955.1503, 3393756.4636000004], [4360616.3913, 3361935.1107], [4352221.028100001, 3364312.532400001], [4341469.7293, 3369525.0382000003], [4336708.861400001, 3376535.1194], [4326001.2456, 3400557.9850999992], [4317387.771299999, 3393934.8505000006], [4303112.0996, 3383356.2509000003], [4287046.539899999, 3400145.1939000003], [4273209.700099999, 3418043.1238], [4268364.658, 3419505.3093], [4244479.204, 3435836.931], [4245717.2721, 3462796.1393], [4233488.610400001, 3534838.2576], [4249689.6296999995, 3532312.2336999997], [4264045.7861, 3530123.4396]]], [[[4194192.7557999995, 3462176.4882999994], [4188683.2228999995, 3433561.2444], [4166955.4499999993, 3464869.876], [4184291.8157, 3472667.3577999994], [4194192.7557999995, 3462176.4882999994]]]]}}, {"type": "Feature", "properties": {"NUTS_ID": "DEG0", "LEVL_CODE": 2, "CNTR_CODE": "DE", "NAME_LATN": "Thüringen", "NUTS_NAME": "Thüringen", "MOUNT_TYPE": 0, "URBN_TYPE": 0, "COAST_TYPE": 0, "NAME_ENGL": "Germany", "NAME_FREN": "Allemagne", "ISO3_CODE": "DEU", "SVRG_UN": "UN Member State", "CAPT": "Berlin", "EU_STAT": "T", "EFTA_STAT": "F", "CC_STAT": "F", "NAME_GERM": "Deutschland"}, "geometry": {"type": "MultiPolygon", "coordinates": [[[[4472987.5779, 3096384.671], [4477298.6808, 3094770.4496], [4480955.006200001, 3111466.7685000002], [4504766.5649999995, 3099894.009299999], [4507487.627900001, 3093633.5681999996], [4479595.025699999, 3080970.499399999], [4484887.0134, 3065354.6834999993], [4468706.778000001, 3053983.9733000007], [4454607.3774, 3058977.0988], [4457382.0583999995, 3036536.161800001], [4434992.7326, 3033109.2880000006], [4426266.5825, 3036581.0529999994], [4410856.785800001, 3041609.9941000007], [4405835.591399999, 3018360.4021000005], [4388261.3780000005, 3030928.3318000007], [4373034.312899999, 3013350.507200001], [4364538.604800001, 3013049.3050999995], [4353033.0975, 3032305.0207], [4323932.0865, 3044955.5941000003], [4326486.758400001, 3058434.242799999], [4315791.7147, 3072868.8969], [4322513.615499999, 3097958.4123], [4335696.8663, 3114792.5781999994], [4335467.350400001, 3119972.4294000007], [4316010.240800001, 3140497.266899999], [4354869.3541, 3162801.6997999996], [4367887.4537, 3169981.7795], [4369550.9746, 3170421.583799999], [4384447.4417, 3167714.4239000008], [4389027.0594999995, 3146689.5657], [4420561.8938, 3137520.1327], [4423804.021400001, 3132604.6384999994], [4417729.1798, 3127014.0998], [4424972.8518, 3111527.7709999997], [4439886.3727, 3109855.222100001], [4451204.464500001, 3106378.3058], [4462947.085999999, 3097268.5284], [4472987.5779, 3096384.671]]]]}}, {"type": "Feature", "properties": {"NUTS_ID": "DK01", "LEVL_CODE": 2, "CNTR_CODE": "DK", "NAME_LATN": "Hovedstaden", "NUTS_NAME": "Hovedstaden", "MOUNT_TYPE": 0, "URBN_TYPE": 0, "COAST_TYPE": 0, "NAME_ENGL": "Denmark", "NAME_FREN": "Danemark", "ISO3_CODE": "DNK", "SVRG_UN": "UN Member State", "CAPT": "Copenhagen", "EU_STAT": "T", "EFTA_STAT": "F", "CC_STAT": "F", "NAME_GERM": "Dänemark"}, "geometry": {"type": "MultiPolygon", "coordinates": [[[[4483003.9076000005, 3636653.2402], [4483442.702199999, 3627096.3663999997], [4494202.343, 3619375.9897000007], [4486271.765799999, 3610440.0326000005], [4478644.9537, 3616397.9992999993], [4470058.706900001, 3612362.066400001], [4462528.4355, 3624901.6665000003], [4456014.6384, 3630030.286800001], [4438851.8803, 3627457.1996], [4442809.4101, 3636989.2061], [4454857.100199999, 3667685.5846999995], [4477924.5309, 3664114.4546000008], [4478969.6675, 3648032.8610999994], [4483003.9076000005, 3636653.2402]]], [[[4650436.6755, 3566064.9552999996], [4646834.236400001, 3554928.2983999997], [4637471.761700001, 3554821.074100001], [4620473.755100001, 3568132.855900001], [4624296.5853, 3584535.6273999996], [4635779.866599999, 3578896.6063], [4650436.6755, 3566064.9552999996]]]]}}, {"type": "Feature", "properties": {"NUTS_ID": "DK02", "LEVL_CODE": 2, "CNTR_CODE": "DK", "NAME_LATN": "Sjælland", "NUTS_NAME": "Sjælland", "MOUNT_TYPE": 0, "URBN_TYPE": 0, "COAST_TYPE": 0, "NAME_ENGL": "Denmark", "NAME_FREN": "Danemark", "ISO3_CODE": "DNK", "SVRG_UN": "UN Member State", "CAPT": "Copenhagen", "EU_STAT": "T", "EFTA_STAT": "F", "CC_STAT": "F", "NAME_GERM": "Dänemark"}, "geometry": {"type": "MultiPolygon", "coordinates": [[[[4442809.4101, 3636989.2061], [4438851.8803, 3627457.1996], [4456014.6384, 3630030.286800001], [4462528.4355, 3624901.6665000003], [4470058.706900001, 3612362.066400001], [4461580.009400001, 3593304.3318000007], [4466903.742799999, 3569192.7401], [4447265.077199999, 3510327.7759000007], [4409463.0046999995, 3523907.976399999], [4415598.7502999995, 3550646.374399999], [4398888.3050999995, 3579315.2716000006], [4398650.158600001, 3616062.6950000003], [4416603.817, 3640365.8100000005], [4442809.4101, 3636989.2061]]]]}}, {"type": "Feature", "properties": {"NUTS_ID": "PL63", "LEVL_CODE": 2, "CNTR_CODE": "PL", "NAME_LATN": "Pomorskie", "NUTS_NAME": "Pomorskie", "MOUNT_TYPE": 0, "URBN_TYPE": 0, "COAST_TYPE": 0, "NAME_ENGL": "Poland", "NAME_FREN": "Pologne", "ISO3_CODE": "POL", "SVRG_UN": "UN Member State", "CAPT": "Warsaw", "EU_STAT": "T", "EFTA_STAT": "F", "CC_STAT": "F", "NAME_GERM": "Polen"}, "geometry": {"type": "MultiPolygon", "coordinates": [[[[4871927.0243, 3530224.727600001], [4901276.725, 3508415.4630999994], [4944136.4856, 3525194.486300001], [4944637.576400001, 3524517.5705999993], [4925940.6598000005, 3510876.572899999], [4922206.6141, 3502100.9487999994], [4922008.0495, 3483837.1378000006], [4939030.963400001, 3461990.4044000003], [4932427.1687, 3445776.602], [4923774.5198, 3424768.466600001], [4899411.0383, 3423607.2138], [4851908.4188, 3437817.764799999], [4810611.8617, 3400891.4113], [4775949.1953, 3415916.7786999997], [4777367.061000001, 3428306.7985999994], [4779151.2842999995, 3444086.980900001], [4765919.850400001, 3451844.6153999995], [4753691.1339, 3515984.9076000005], [4813353.057, 3545894.5317], [4852859.773499999, 3552930.579399999], [4871927.0243, 3530224.727600001]]]]}}, {"type": "Feature", "properties": {"NUTS_ID": "PL71", "LEVL_CODE": 2, "CNTR_CODE": "PL", "NAME_LATN": "Łódzkie", "NUTS_NAME": "Łódzkie", "MOUNT_TYPE": 0, "URBN_TYPE": 0, "COAST_TYPE": 0, "NAME_ENGL": "Poland", "NAME_FREN": "Pologne", "ISO3_CODE": "POL", "SVRG_UN": "UN Member State", "CAPT": "Warsaw", "EU_STAT": "T", "EFTA_STAT": "F", "CC_STAT": "F", "NAME_GERM": "Polen"}, "geometry": {"type": "MultiPolygon", "coordinates": [[[[5023356.678099999, 3145975.1181000005], [5004869.150699999, 3129485.9338000007], [4967352.926100001, 3143773.6854999997], [4927441.4178, 3141101.5847999994], [4890580.1066, 3149792.3606000002], [4903249.142899999, 3227301.2530000005], [4917572.547599999, 3230021.1088999994], [4924698.122400001, 3253777.3490999993], [4935890.8847, 3285311.678200001], [4951388.194, 3294005.5461999997], [4996398.107100001, 3289545.039999999], [5012254.950099999, 3274781.4114999995], [5043406.3258, 3246136.6866999995], [5037099.4704, 3221210.7576], [5040303.120100001, 3218295.4136999995], [5045154.001700001, 3188348.0420999993], [5026059.168, 3167409.9163000006], [5023356.678099999, 3145975.1181000005]]]]}}, {"type": "Feature", "properties": {"NUTS_ID": "PL72", "LEVL_CODE": 2, "CNTR_CODE": "PL", "NAME_LATN": "Świętokrzyskie", "NUTS_NAME": "Świętokrzyskie", "MOUNT_TYPE": 0, "URBN_TYPE": 0, "COAST_TYPE": 0, "NAME_ENGL": "Poland", "NAME_FREN": "Pologne", "ISO3_CODE": "POL", "SVRG_UN": "UN Member State", "CAPT": "Warsaw", "EU_STAT": "T", "EFTA_STAT": "F", "CC_STAT": "F", "NAME_GERM": "Polen"}, "geometry": {"type": "MultiPolygon", "coordinates": [[[[5045154.001700001, 3188348.0420999993], [5132344.8979, 3170532.332699999], [5144126.7793000005, 3173424.066400001], [5153176.590399999, 3144480.5182000007], [5145312.2563000005, 3123362.5286999997], [5115170.2829, 3087891.115599999], [5080508.3136, 3065872.6415999997], [5038661.3412, 3084936.708799999], [5024412.8838, 3091535.7601999994], [5019715.885199999, 3104638.9046], [5012798.5482, 3112171.2750000004], [5004494.466600001, 3114059.7521], [5004869.150699999, 3129485.9338000007], [5023356.678099999, 3145975.1181000005], [5026059.168, 3167409.9163000006], [5045154.001700001, 3188348.0420999993]]]]}}, {"type": "Feature", "properties": {"NUTS_ID": "UKD6", "LEVL_CODE": 2, "CNTR_CODE": "UK", "NAME_LATN": "Cheshire", "NUTS_NAME": "Cheshire", "MOUNT_TYPE": 0, "URBN_TYPE": 0, "COAST_TYPE": 0, "NAME_ENGL": "United Kingdom", "NAME_FREN": "Royaume-Uni", "ISO3_CODE": "GBR", "SVRG_UN": "UN Member State", "CAPT": "London", "EU_STAT": "F", "EFTA_STAT": "F", "CC_STAT": "F", "NAME_GERM": "Vereinigtes Königreich"}, "geometry": {"type": "MultiPolygon", "coordinates": [[[[3498804.7149, 3435082.9384000003], [3505602.307, 3430511.8772], [3510436.9250000007, 3429925.8597], [3524374.4679000005, 3428773.198999999], [3524333.0480000004, 3411063.2358], [3501626.6378000006, 3400165.1241999995], [3494373.3387, 3391813.906300001], [3473298.7687, 3395166.4691000003], [3471243.4305000007, 3394153.145199999], [3453179.0140000004, 3428337.3719999995], [3452256.0638999995, 3433065.543400001], [3453747.9985000007, 3434033.0089], [3454430.6264999993, 3434357.568499999], [3454816.6308999993, 3434690.388800001], [3455098.7565, 3434792.799799999], [3455637.2424, 3434221.7262999993], [3455852.9880999997, 3433849.158], [3456647.8869000003, 3433883.2238999996], [3456799.4604, 3433503.2029], [3456989.316400001, 3433307.3389999997], [3457159.992799999, 3433172.7674000002], [3457194.645199999, 3432760.9339000005], [3457496.7062999997, 3432357.815300001], [3458842.6553000007, 3432279.6860000007], [3460189.838199999, 3432798.3384000007], [3460971.2145000007, 3432422.158], [3461654.0550999995, 3431995.6591999996], [3462307.068600001, 3432097.6723999996], [3463081.9855000004, 3432075.700099999], [3463700.8948, 3432506.5526], [3464151.3002000004, 3432079.853700001], [3464414.4016999993, 3432207.4518], [3473828.511499999, 3431100.3741999995], [3486513.2420000006, 3429871.2598], [3490125.732000001, 3443233.071900001], [3496085.2075999994, 3443802.4080999997], [3498804.7149, 3435082.9384000003]]]]}}, {"type": "Feature", "properties": {"NUTS_ID": "UKD7", "LEVL_CODE": 2, "CNTR_CODE": "UK", "NAME_LATN": "Merseyside", "NUTS_NAME": "Merseyside", "MOUNT_TYPE": 0, "URBN_TYPE": 0, "COAST_TYPE": 0, "NAME_ENGL": "United Kingdom", "NAME_FREN": "Royaume-Uni", "ISO3_CODE": "GBR", "SVRG_UN": "UN Member State", "CAPT": "London", "EU_STAT": "F", "EFTA_STAT": "F", "CC_STAT": "F", "NAME_GERM": "Vereinigtes Königreich"}, "geometry": {"type": "MultiPolygon", "coordinates": [[[[3470406.6829000004, 3475254.0593999997], [3470965.9805999994, 3453193.8274000008], [3481557.1762000006, 3453198.7554], [3490125.732000001, 3443233.071900001], [3486513.2420000006, 3429871.2598], [3473828.511499999, 3431100.3741999995], [3471545.5427, 3433575.1773000006], [3471269.745100001, 3434116.4317000005], [3461783.0678000003, 3447439.755000001], [3460571.7983999997, 3462266.2422], [3470406.6829000004, 3475254.0593999997]]], [[[3455781.6843, 3444576.0884000007], [3464414.4016999993, 3432207.4518], [3464151.3002000004, 3432079.853700001], [3463700.8948, 3432506.5526], [3463081.9855000004, 3432075.700099999], [3462307.068600001, 3432097.6723999996], [3461654.0550999995, 3431995.6591999996], [3460971.2145000007, 3432422.158], [3460189.838199999, 3432798.3384000007], [3458842.6553000007, 3432279.6860000007], [3457496.7062999997, 3432357.815300001], [3457194.645199999, 3432760.9339000005], [3457159.992799999, 3433172.7674000002], [3456989.316400001, 3433307.3389999997], [3456799.4604, 3433503.2029], [3456647.8869000003, 3433883.2238999996], [3455852.9880999997, 3433849.158], [3455637.2424, 3434221.7262999993], [3455098.7565, 3434792.799799999], [3454816.6308999993, 3434690.388800001], [3454430.6264999993, 3434357.568499999], [3453747.9985000007, 3434033.0089], [3452256.0638999995, 3433065.543400001], [3455781.6843, 3444576.0884000007]]]]}}, {"type": "Feature", "properties": {"NUTS_ID": "UKE1", "LEVL_CODE": 2, "CNTR_CODE": "UK", "NAME_LATN": "East Yorkshire and Northern Lincolnshire", "NUTS_NAME": "East Yorkshire and Northern Lincolnshire", "MOUNT_TYPE": 0, "URBN_TYPE": 0, "COAST_TYPE": 0, "NAME_ENGL": "United Kingdom", "NAME_FREN": "Royaume-Uni", "ISO3_CODE": "GBR", "SVRG_UN": "UN Member State", "CAPT": "London", "EU_STAT": "F", "EFTA_STAT": "F", "CC_STAT": "F", "NAME_GERM": "Vereinigtes Königreich"}, "geometry": {"type": "MultiPolygon", "coordinates": [[[[3635823.5885000005, 3450747.5012], [3617033.8850999996, 3449572.4760999996], [3636536.3488999996, 3447545.7858000007], [3661305.2819999997, 3425260.6345000006], [3606730.6128000002, 3425238.683599999], [3598478.2135000005, 3431836.4075000007], [3605355.6810999997, 3446038.1885], [3593703.0310999993, 3449887.6689999998], [3599539.227, 3461321.9672999997], [3605679.8440000005, 3473397.051000001], [3605942.6886, 3474398.8172999993], [3605095.891899999, 3474586.4202999994], [3604308.3652, 3475109.3028999995], [3604880.4384000003, 3475583.2092000004], [3605131.6698000003, 3476435.0528999995], [3605590.7841999996, 3476649.8959], [3605573.3583000004, 3477073.2808999997], [3605812.738, 3477469.0249000005], [3606446.2271999996, 3477869.7094], [3606257.8981, 3478958.2290000003], [3606544.5908000004, 3479374.959899999], [3606480.6906000003, 3480342.8709999993], [3606676.273600001, 3481337.1187999994], [3607152.8455999997, 3482125.8705], [3606535.4569000006, 3483262.0295], [3606802.8697999995, 3483726.4979999997], [3607012.9372000005, 3484091.4163000006], [3607211.7522, 3484870.4309], [3607663.963300001, 3485397.142999999], [3607446.7271, 3485617.9714], [3656090.2706000004, 3496747.442399999], [3654434.0238000005, 3476708.7763], [3660686.4996000007, 3452358.1659999993], [3644569.4272000007, 3454641.7156000007], [3635823.5885000005, 3450747.5012]]]]}}, {"type": "Feature", "properties": {"NUTS_ID": "UKE2", "LEVL_CODE": 2, "CNTR_CODE": "UK", "NAME_LATN": "North Yorkshire", "NUTS_NAME": "North Yorkshire", "MOUNT_TYPE": 0, "URBN_TYPE": 0, "COAST_TYPE": 0, "NAME_ENGL": "United Kingdom", "NAME_FREN": "Royaume-Uni", "ISO3_CODE": "GBR", "SVRG_UN": "UN Member State", "CAPT": "London", "EU_STAT": "F", "EFTA_STAT": "F", "CC_STAT": "F", "NAME_GERM": "Vereinigtes Königreich"}, "geometry": {"type": "MultiPolygon", "coordinates": [[[[3625708.122300001, 3546887.1467000004], [3656090.2706000004, 3496747.442399999], [3607446.7271, 3485617.9714], [3607663.963300001, 3485397.142999999], [3607211.7522, 3484870.4309], [3607012.9372000005, 3484091.4163000006], [3606802.8697999995, 3483726.4979999997], [3606535.4569000006, 3483262.0295], [3607152.8455999997, 3482125.8705], [3606676.273600001, 3481337.1187999994], [3606480.6906000003, 3480342.8709999993], [3606544.5908000004, 3479374.959899999], [3606257.8981, 3478958.2290000003], [3606446.2271999996, 3477869.7094], [3605812.738, 3477469.0249000005], [3605573.3583000004, 3477073.2808999997], [3605590.7841999996, 3476649.8959], [3605131.6698000003, 3476435.0528999995], [3604880.4384000003, 3475583.2092000004], [3604308.3652, 3475109.3028999995], [3605095.891899999, 3474586.4202999994], [3605942.6886, 3474398.8172999993], [3605679.8440000005, 3473397.051000001], [3599539.227, 3461321.9672999997], [3593703.0310999993, 3449887.6689999998], [3581082.158, 3447906.227600001], [3578681.3211000003, 3461897.1709000003], [3571292.0704999994, 3479095.168400001], [3554102.7091000006, 3484877.912799999], [3542774.9592000004, 3483210.7775999997], [3532340.818, 3481700.5157999992], [3525316.1872000005, 3494447.8455], [3508736.6163, 3507943.2552000005], [3512798.6491, 3527673.4349000007], [3535837.3202, 3549899.0714], [3553961.8670000006, 3549588.0239000004], [3567477.7687, 3553406.0548], [3583327.063100001, 3545355.5205000006], [3596507.6523, 3545844.8852999993], [3616352.0808000006, 3541012.1609000005], [3625708.122300001, 3546887.1467000004]]]]}}, {"type": "Feature", "properties": {"NUTS_ID": "UKE3", "LEVL_CODE": 2, "CNTR_CODE": "UK", "NAME_LATN": "South Yorkshire", "NUTS_NAME": "South Yorkshire", "MOUNT_TYPE": 0, "URBN_TYPE": 0, "COAST_TYPE": 0, "NAME_ENGL": "United Kingdom", "NAME_FREN": "Royaume-Uni", "ISO3_CODE": "GBR", "SVRG_UN": "UN Member State", "CAPT": "London", "EU_STAT": "F", "EFTA_STAT": "F", "CC_STAT": "F", "NAME_GERM": "Vereinigtes Königreich"}, "geometry": {"type": "MultiPolygon", "coordinates": [[[[3598478.2135000005, 3431836.4075000007], [3577873.797700001, 3413460.8771], [3569962.6051000003, 3416661.127699999], [3551626.3835000005, 3417615.9892999995], [3541437.1242999993, 3438450.0154], [3540816.9535000008, 3443087.3638000004], [3557766.3137999997, 3450044.9433999993], [3581082.158, 3447906.227600001], [3593703.0310999993, 3449887.6689999998], [3605355.6810999997, 3446038.1885], [3598478.2135000005, 3431836.4075000007]]]]}}, {"type": "Feature", "properties": {"NUTS_ID": "UKE4", "LEVL_CODE": 2, "CNTR_CODE": "UK", "NAME_LATN": "West Yorkshire", "NUTS_NAME": "West Yorkshire", "MOUNT_TYPE": 0, "URBN_TYPE": 0, "COAST_TYPE": 0, "NAME_ENGL": "United Kingdom", "NAME_FREN": "Royaume-Uni", "ISO3_CODE": "GBR", "SVRG_UN": "UN Member State", "CAPT": "London", "EU_STAT": "F", "EFTA_STAT": "F", "CC_STAT": "F", "NAME_GERM": "Vereinigtes Königreich"}, "geometry": {"type": "MultiPolygon", "coordinates": [[[[3557766.3137999997, 3450044.9433999993], [3540816.9535000008, 3443087.3638000004], [3535428.7907, 3445936.0376999993], [3522690.5502000004, 3464343.8395000007], [3530905.8991, 3479174.916200001], [3532340.818, 3481700.5157999992], [3542774.9592000004, 3483210.7775999997], [3554102.7091000006, 3484877.912799999], [3571292.0704999994, 3479095.168400001], [3578681.3211000003, 3461897.1709000003], [3581082.158, 3447906.227600001], [3557766.3137999997, 3450044.9433999993]]]]}}, {"type": "Feature", "properties": {"NUTS_ID": "UKF1", "LEVL_CODE": 2, "CNTR_CODE": "UK", "NAME_LATN": "Derbyshire and Nottinghamshire", "NUTS_NAME": "Derbyshire and Nottinghamshire", "MOUNT_TYPE": 0, "URBN_TYPE": 0, "COAST_TYPE": 0, "NAME_ENGL": "United Kingdom", "NAME_FREN": "Royaume-Uni", "ISO3_CODE": "GBR", "SVRG_UN": "UN Member State", "CAPT": "London", "EU_STAT": "F", "EFTA_STAT": "F", "CC_STAT": "F", "NAME_GERM": "Vereinigtes Königreich"}, "geometry": {"type": "MultiPolygon", "coordinates": [[[[3541437.1242999993, 3438450.0154], [3551626.3835000005, 3417615.9892999995], [3569962.6051000003, 3416661.127699999], [3577873.797700001, 3413460.8771], [3598478.2135000005, 3431836.4075000007], [3606730.6128000002, 3425238.683599999], [3600030.8748000003, 3372345.2743999995], [3596988.195699999, 3370946.7369999997], [3578839.9224999994, 3358129.0396999996], [3565779.1559999995, 3365916.9252000004], [3540854.2145000007, 3350396.793400001], [3532776.5557000004, 3379736.9156], [3528253.478700001, 3396431.6775], [3524333.0480000004, 3411063.2358], [3524374.4679000005, 3428773.198999999], [3531390.5485999994, 3443379.2981000002], [3535428.7907, 3445936.0376999993], [3540816.9535000008, 3443087.3638000004], [3541437.1242999993, 3438450.0154]]]]}}, {"type": "Feature", "properties": {"NUTS_ID": "UKF2", "LEVL_CODE": 2, "CNTR_CODE": "UK", "NAME_LATN": "Leicestershire, Rutland and Northamptonshire", "NUTS_NAME": "Leicestershire, Rutland and Northamptonshire", "MOUNT_TYPE": 0, "URBN_TYPE": 0, "COAST_TYPE": 0, "NAME_ENGL": "United Kingdom", "NAME_FREN": "Royaume-Uni", "ISO3_CODE": "GBR", "SVRG_UN": "UN Member State", "CAPT": "London", "EU_STAT": "F", "EFTA_STAT": "F", "CC_STAT": "F", "NAME_GERM": "Vereinigtes Königreich"}, "geometry": {"type": "MultiPolygon", "coordinates": [[[[3600030.8748000003, 3372345.2743999995], [3613387.6269000005, 3332434.6242999993], [3617728.054199999, 3324878.8275000006], [3610280.7167000007, 3297152.0734], [3594536.204399999, 3285049.4004999995], [3591959.3412999995, 3285040.9942000005], [3578248.1027000006, 3270038.7072], [3569462.7316999994, 3275367.2250999995], [3561117.6699, 3269851.6603999995], [3549284.9652999993, 3288961.5157999992], [3561987.9704, 3312728.5999], [3541111.1701999996, 3348830.5715999994], [3540854.2145000007, 3350396.793400001], [3565779.1559999995, 3365916.9252000004], [3578839.9224999994, 3358129.0396999996], [3596988.195699999, 3370946.7369999997], [3600030.8748000003, 3372345.2743999995]]]]}}, {"type": "Feature", "properties": {"NUTS_ID": "UKF3", "LEVL_CODE": 2, "CNTR_CODE": "UK", "NAME_LATN": "Lincolnshire", "NUTS_NAME": "Lincolnshire", "MOUNT_TYPE": 0, "URBN_TYPE": 0, "COAST_TYPE": 0, "NAME_ENGL": "United Kingdom", "NAME_FREN": "Royaume-Uni", "ISO3_CODE": "GBR", "SVRG_UN": "UN Member State", "CAPT": "London", "EU_STAT": "F", "EFTA_STAT": "F", "CC_STAT": "F", "NAME_GERM": "Vereinigtes Königreich"}, "geometry": {"type": "MultiPolygon", "coordinates": [[[[3666864.9111, 3344046.1195], [3659484.9255, 3336941.651900001], [3644740.6744999997, 3330364.5229], [3613387.6269000005, 3332434.6242999993], [3600030.8748000003, 3372345.2743999995], [3606730.6128000002, 3425238.683599999], [3661305.2819999997, 3425260.6345000006], [3673865.431399999, 3390409.7146000005], [3658415.1522000004, 3356366.1446], [3666864.9111, 3344046.1195]]]]}}, {"type": "Feature", "properties": {"NUTS_ID": "UKG1", "LEVL_CODE": 2, "CNTR_CODE": "UK", "NAME_LATN": "Herefordshire, Worcestershire and Warwickshire", "NUTS_NAME": "Herefordshire, Worcestershire and Warwickshire", "MOUNT_TYPE": 0, "URBN_TYPE": 0, "COAST_TYPE": 0, "NAME_ENGL": "United Kingdom", "NAME_FREN": "Royaume-Uni", "ISO3_CODE": "GBR", "SVRG_UN": "UN Member State", "CAPT": "London", "EU_STAT": "F", "EFTA_STAT": "F", "CC_STAT": "F", "NAME_GERM": "Vereinigtes Königreich"}, "geometry": {"type": "MultiPolygon", "coordinates": [[[[3541111.1701999996, 3348830.5715999994], [3561987.9704, 3312728.5999], [3549284.9652999993, 3288961.5157999992], [3523551.5446000006, 3272636.346999999], [3518901.5076, 3287524.0513000004], [3510068.9115999993, 3286757.0387999993], [3477827.3617000002, 3284094.0786000006], [3453901.7196999993, 3266156.8003000002], [3445681.6556, 3273410.6163999997], [3428780.9026999995, 3288439.5797000006], [3443614.7017, 3327252.8661], [3454471.5226000007, 3322907.9077000003], [3465333.0394, 3318592.1841], [3490294.153000001, 3331056.6301000006], [3498020.2726000007, 3326900.9617999997], [3507962.686899999, 3325507.9564999994], [3517380.8069, 3320784.3099000007], [3516485.667199999, 3316734.9026999995], [3522162.6434000004, 3315172.0536], [3528529.896400001, 3320391.2225], [3527051.7979000006, 3331425.1493999995], [3526259.5891999993, 3340140.427100001], [3541111.1701999996, 3348830.5715999994]], [[3532725.990700001, 3321601.7970000003], [3537512.8902000003, 3311091.0164], [3548144.3111000005, 3313423.5209], [3547306.9858999997, 3323731.5482], [3532725.990700001, 3321601.7970000003]]]]}}, {"type": "Feature", "properties": {"NUTS_ID": "UKG2", "LEVL_CODE": 2, "CNTR_CODE": "UK", "NAME_LATN": "Shropshire and Staffordshire", "NUTS_NAME": "Shropshire and Staffordshire", "MOUNT_TYPE": 0, "URBN_TYPE": 0, "COAST_TYPE": 0, "NAME_ENGL": "United Kingdom", "NAME_FREN": "Royaume-Uni", "ISO3_CODE": "GBR", "SVRG_UN": "UN Member State", "CAPT": "London", "EU_STAT": "F", "EFTA_STAT": "F", "CC_STAT": "F", "NAME_GERM": "Vereinigtes Königreich"}, "geometry": {"type": "MultiPolygon", "coordinates": [[[[3541111.1701999996, 3348830.5715999994], [3526259.5891999993, 3340140.427100001], [3520403.0691, 3340651.5777000003], [3509173.943499999, 3346543.4848999996], [3508963.4354, 3346737.5481000002], [3508380.7214, 3346704.8303999994], [3507965.3039999995, 3346432.0760999992], [3507872.2752, 3345872.0639999993], [3506991.591, 3345897.9846], [3506229.2303, 3345937.4617999997], [3505117.2509000003, 3345462.1679], [3504088.1249, 3344497.7190000005], [3503234.5548, 3343130.9701000005], [3502633.6193000004, 3341485.0200999994], [3502503.9691000003, 3340619.2216], [3502384.8494000006, 3340216.066299999], [3498020.2726000007, 3326900.9617999997], [3490294.153000001, 3331056.6301000006], [3465333.0394, 3318592.1841], [3454471.5226000007, 3322907.9077000003], [3443614.7017, 3327252.8661], [3441624.966499999, 3388946.7896999996], [3471243.4305000007, 3394153.145199999], [3473298.7687, 3395166.4691000003], [3494373.3387, 3391813.906300001], [3501626.6378000006, 3400165.1241999995], [3524333.0480000004, 3411063.2358], [3528253.478700001, 3396431.6775], [3532776.5557000004, 3379736.9156], [3540854.2145000007, 3350396.793400001], [3541111.1701999996, 3348830.5715999994]]]]}}, {"type": "Feature", "properties": {"NUTS_ID": "UKG3", "LEVL_CODE": 2, "CNTR_CODE": "UK", "NAME_LATN": "West Midlands", "NUTS_NAME": "West Midlands", "MOUNT_TYPE": 0, "URBN_TYPE": 0, "COAST_TYPE": 0, "NAME_ENGL": "United Kingdom", "NAME_FREN": "Royaume-Uni", "ISO3_CODE": "GBR", "SVRG_UN": "UN Member State", "CAPT": "London", "EU_STAT": "F", "EFTA_STAT": "F", "CC_STAT": "F", "NAME_GERM": "Vereinigtes Königreich"}, "geometry": {"type": "MultiPolygon", "coordinates": [[[[3509173.943499999, 3346543.4848999996], [3520403.0691, 3340651.5777000003], [3526259.5891999993, 3340140.427100001], [3527051.7979000006, 3331425.1493999995], [3528529.896400001, 3320391.2225], [3522162.6434000004, 3315172.0536], [3516485.667199999, 3316734.9026999995], [3517380.8069, 3320784.3099000007], [3507962.686899999, 3325507.9564999994], [3498020.2726000007, 3326900.9617999997], [3502384.8494000006, 3340216.066299999], [3502503.9691000003, 3340619.2216], [3502633.6193000004, 3341485.0200999994], [3503234.5548, 3343130.9701000005], [3504088.1249, 3344497.7190000005], [3505117.2509000003, 3345462.1679], [3506229.2303, 3345937.4617999997], [3506991.591, 3345897.9846], [3507872.2752, 3345872.0639999993], [3507965.3039999995, 3346432.0760999992], [3508380.7214, 3346704.8303999994], [3508963.4354, 3346737.5481000002], [3509173.943499999, 3346543.4848999996]]], [[[3548144.3111000005, 3313423.5209], [3537512.8902000003, 3311091.0164], [3532725.990700001, 3321601.7970000003], [3547306.9858999997, 3323731.5482], [3548144.3111000005, 3313423.5209]]]]}}, {"type": "Feature", "properties": {"NUTS_ID": "UKH1", "LEVL_CODE": 2, "CNTR_CODE": "UK", "NAME_LATN": "East Anglia", "NUTS_NAME": "East Anglia", "MOUNT_TYPE": 0, "URBN_TYPE": 0, "COAST_TYPE": 0, "NAME_ENGL": "United Kingdom", "NAME_FREN": "Royaume-Uni", "ISO3_CODE": "GBR", "SVRG_UN": "UN Member State", "CAPT": "London", "EU_STAT": "F", "EFTA_STAT": "F", "CC_STAT": "F", "NAME_GERM": "Vereinigtes Königreich"}, "geometry": {"type": "MultiPolygon", "coordinates": [[[[3741353.467599999, 3254283.0979999993], [3707889.301999999, 3242284.7193], [3700671.0472999997, 3245479.6997999996], [3687474.103, 3251047.0265999995], [3665172.1229, 3260562.5930000003], [3663731.6207999997, 3257490.6185999997], [3641428.7953999992, 3257056.2145000007], [3627278.9400999993, 3267434.3680000007], [3622635.0437000003, 3279775.6381], [3610280.7167000007, 3297152.0734], [3617728.054199999, 3324878.8275000006], [3613387.6269000005, 3332434.6242999993], [3644740.6744999997, 3330364.5229], [3659484.9255, 3336941.651900001], [3666864.9111, 3344046.1195], [3700407.666099999, 3351757.2805000003], [3714435.7141999993, 3355058.8991], [3739365.8357999995, 3346662.9119000006], [3760200.0012, 3324800.736300001], [3761888.236300001, 3300995.782299999], [3741353.467599999, 3254283.0979999993]]]]}}, {"type": "Feature", "properties": {"NUTS_ID": "UKH2", "LEVL_CODE": 2, "CNTR_CODE": "UK", "NAME_LATN": "Bedfordshire and Hertfordshire", "NUTS_NAME": "Bedfordshire and Hertfordshire", "MOUNT_TYPE": 0, "URBN_TYPE": 0, "COAST_TYPE": 0, "NAME_ENGL": "United Kingdom", "NAME_FREN": "Royaume-Uni", "ISO3_CODE": "GBR", "SVRG_UN": "UN Member State", "CAPT": "London", "EU_STAT": "F", "EFTA_STAT": "F", "CC_STAT": "F", "NAME_GERM": "Vereinigtes Königreich"}, "geometry": {"type": "MultiPolygon", "coordinates": [[[[3610331.7595000006, 3219841.4452], [3596327.0062000006, 3217729.2481999993], [3596595.0047999993, 3242916.7047000006], [3591887.3707, 3260001.1861000005], [3598326.2398000006, 3274989.1446], [3594536.204399999, 3285049.4004999995], [3610280.7167000007, 3297152.0734], [3622635.0437000003, 3279775.6381], [3627278.9400999993, 3267434.3680000007], [3641428.7953999992, 3257056.2145000007], [3631036.6236000005, 3221943.825099999], [3619206.9842000008, 3222214.1579], [3610331.7595000006, 3219841.4452]]]]}}, {"type": "Feature", "properties": {"NUTS_ID": "UKH3", "LEVL_CODE": 2, "CNTR_CODE": "UK", "NAME_LATN": "Essex", "NUTS_NAME": "Essex", "MOUNT_TYPE": 0, "URBN_TYPE": 0, "COAST_TYPE": 0, "NAME_ENGL": "United Kingdom", "NAME_FREN": "Royaume-Uni", "ISO3_CODE": "GBR", "SVRG_UN": "UN Member State", "CAPT": "London", "EU_STAT": "F", "EFTA_STAT": "F", "CC_STAT": "F", "NAME_GERM": "Vereinigtes Königreich"}, "geometry": {"type": "MultiPolygon", "coordinates": [[[[3671573.747300001, 3210859.3913000003], [3671064.6777999997, 3198229.4825], [3664855.6209999993, 3200561.199100001], [3654719.1642000005, 3193810.1154999994], [3643416.5744000003, 3198789.3972999994], [3651581.773499999, 3206209.8567999993], [3644725.964400001, 3213778.2339999992], [3640447.8110000007, 3214203.2128], [3630485.8785999995, 3218122.6433000006], [3631036.6236000005, 3221943.825099999], [3641428.7953999992, 3257056.2145000007], [3663731.6207999997, 3257490.6185999997], [3665172.1229, 3260562.5930000003], [3687474.103, 3251047.0265999995], [3700671.0472999997, 3245479.6997999996], [3707889.301999999, 3242284.7193], [3697392.159600001, 3219210.3500999995], [3682807.2401, 3214473.0602], [3671573.747300001, 3210859.3913000003]]], [[[3684013.7095, 3200542.8089000005], [3683737.4542999994, 3197132.6165999994], [3680718.2339999992, 3198060.7863], [3672442.753799999, 3200615.7368], [3673905.1149000004, 3204464.0983000007], [3681173.7656999994, 3201641.8335999995], [3684013.7095, 3200542.8089000005]]]]}}, {"type": "Feature", "properties": {"NUTS_ID": "UKI3", "LEVL_CODE": 2, "CNTR_CODE": "UK", "NAME_LATN": "Inner London — West", "NUTS_NAME": "Inner London — West", "MOUNT_TYPE": 0, "URBN_TYPE": 0, "COAST_TYPE": 0, "NAME_ENGL": "United Kingdom", "NAME_FREN": "Royaume-Uni", "ISO3_CODE": "GBR", "SVRG_UN": "UN Member State", "CAPT": "London", "EU_STAT": "F", "EFTA_STAT": "F", "CC_STAT": "F", "NAME_GERM": "Vereinigtes Königreich"}, "geometry": {"type": "MultiPolygon", "coordinates": [[[[3618461.0468000006, 3211497.421599999], [3623564.1139, 3204921.7294999994], [3624042.0343999993, 3204988.234099999], [3623764.2393999994, 3203484.5467000008], [3621681.0913999993, 3203977.2249], [3621527.3604000006, 3204088.022], [3618580.2809999995, 3201701.3999000005], [3612135.8245, 3202967.9835], [3611748.2216999996, 3204452.003799999], [3612695.7761000004, 3207851.367799999], [3614703.482000001, 3207019.2337999996], [3616517.082800001, 3207704.3606000002], [3615301.7272999994, 3209998.0228000004], [3618461.0468000006, 3211497.421599999]]], [[[3620055.7709999997, 3201443.211100001], [3618220.6577000003, 3194295.859099999], [3610684.7698999997, 3197381.9104999993], [3613362.2228999995, 3200894.5220999997], [3620055.7709999997, 3201443.211100001]]]]}}, {"type": "Feature", "properties": {"NUTS_ID": "UKI4", "LEVL_CODE": 2, "CNTR_CODE": "UK", "NAME_LATN": "Inner London — East", "NUTS_NAME": "Inner London — East", "MOUNT_TYPE": 0, "URBN_TYPE": 0, "COAST_TYPE": 0, "NAME_ENGL": "United Kingdom", "NAME_FREN": "Royaume-Uni", "ISO3_CODE": "GBR", "SVRG_UN": "UN Member State", "CAPT": "London", "EU_STAT": "F", "EFTA_STAT": "F", "CC_STAT": "F", "NAME_GERM": "Vereinigtes Königreich"}, "geometry": {"type": "MultiPolygon", "coordinates": [[[[3634469.319700001, 3206122.441400001], [3636000.4470000006, 3202680.2786], [3629855.9514000006, 3202560.5429999996], [3623764.2393999994, 3203484.5467000008], [3624042.0343999993, 3204988.234099999], [3623564.1139, 3204921.7294999994], [3618461.0468000006, 3211497.421599999], [3621270.7376000006, 3215351.8939999994], [3627869.8387, 3213919.083799999], [3626091.7852999996, 3211033.080600001], [3634469.319700001, 3206122.441400001]]], [[[3622476.281199999, 3193766.3605000004], [3618980.9749, 3193409.637700001], [3618220.6577000003, 3194295.859099999], [3620055.7709999997, 3201443.211100001], [3621681.0913999993, 3203977.2249], [3627185.7415999994, 3200517.068499999], [3630207.557, 3195148.0160000008], [3622476.281199999, 3193766.3605000004]]]]}}, {"type": "Feature", "properties": {"NUTS_ID": "UKI5", "LEVL_CODE": 2, "CNTR_CODE": "UK", "NAME_LATN": "Outer London — East and North East", "NUTS_NAME": "Outer London — East and North East", "MOUNT_TYPE": 0, "URBN_TYPE": 0, "COAST_TYPE": 0, "NAME_ENGL": "United Kingdom", "NAME_FREN": "Royaume-Uni", "ISO3_CODE": "GBR", "SVRG_UN": "UN Member State", "CAPT": "London", "EU_STAT": "F", "EFTA_STAT": "F", "CC_STAT": "F", "NAME_GERM": "Vereinigtes Königreich"}, "geometry": {"type": "MultiPolygon", "coordinates": [[[[3630485.8785999995, 3218122.6433000006], [3640447.8110000007, 3214203.2128], [3644725.964400001, 3213778.2339999992], [3651581.773499999, 3206209.8567999993], [3643416.5744000003, 3198789.3972999994], [3636000.4470000006, 3202680.2786], [3634469.319700001, 3206122.441400001], [3626091.7852999996, 3211033.080600001], [3627869.8387, 3213919.083799999], [3621270.7376000006, 3215351.8939999994], [3619206.9842000008, 3222214.1579], [3631036.6236000005, 3221943.825099999], [3630485.8785999995, 3218122.6433000006]]], [[[3638246.8321, 3190346.008199999], [3637961.3795999996, 3190362.507099999], [3630207.557, 3195148.0160000008], [3627185.7415999994, 3200517.068499999], [3643744.4990999997, 3197624.8969], [3638246.8321, 3190346.008199999]]]]}}, {"type": "Feature", "properties": {"NUTS_ID": "UKI6", "LEVL_CODE": 2, "CNTR_CODE": "UK", "NAME_LATN": "Outer London — South", "NUTS_NAME": "Outer London — South", "MOUNT_TYPE": 0, "URBN_TYPE": 0, "COAST_TYPE": 0, "NAME_ENGL": "United Kingdom", "NAME_FREN": "Royaume-Uni", "ISO3_CODE": "GBR", "SVRG_UN": "UN Member State", "CAPT": "London", "EU_STAT": "F", "EFTA_STAT": "F", "CC_STAT": "F", "NAME_GERM": "Vereinigtes Königreich"}, "geometry": {"type": "MultiPolygon", "coordinates": [[[[3630207.557, 3195148.0160000008], [3637961.3795999996, 3190362.507099999], [3628886.1655, 3178577.8178000003], [3626671.0786000006, 3182983.8823000006], [3615604.2519000005, 3183666.037799999], [3603719.2753999997, 3186191.965], [3605622.9131000005, 3193197.7841], [3610684.7698999997, 3197381.9104999993], [3618220.6577000003, 3194295.859099999], [3618980.9749, 3193409.637700001], [3622476.281199999, 3193766.3605000004], [3630207.557, 3195148.0160000008]]]]}}, {"type": "Feature", "properties": {"NUTS_ID": "UKI7", "LEVL_CODE": 2, "CNTR_CODE": "UK", "NAME_LATN": "Outer London — West and North West", "NUTS_NAME": "Outer London — West and North West", "MOUNT_TYPE": 0, "URBN_TYPE": 0, "COAST_TYPE": 0, "NAME_ENGL": "United Kingdom", "NAME_FREN": "Royaume-Uni", "ISO3_CODE": "GBR", "SVRG_UN": "UN Member State", "CAPT": "London", "EU_STAT": "F", "EFTA_STAT": "F", "CC_STAT": "F", "NAME_GERM": "Vereinigtes Königreich"}, "geometry": {"type": "MultiPolygon", "coordinates": [[[[3616517.082800001, 3207704.3606000002], [3614703.482000001, 3207019.2337999996], [3612695.7761000004, 3207851.367799999], [3611748.2216999996, 3204452.003799999], [3612135.8245, 3202967.9835], [3613362.2228999995, 3200894.5220999997], [3610684.7698999997, 3197381.9104999993], [3605622.9131000005, 3193197.7841], [3596923.4042000007, 3201499.0403000005], [3593621.536800001, 3203425.571900001], [3595379.5144999996, 3206049.9722000007], [3596327.0062000006, 3217729.2481999993], [3610331.7595000006, 3219841.4452], [3619206.9842000008, 3222214.1579], [3621270.7376000006, 3215351.8939999994], [3618461.0468000006, 3211497.421599999], [3615301.7272999994, 3209998.0228000004], [3616517.082800001, 3207704.3606000002]]]]}}, {"type": "Feature", "properties": {"NUTS_ID": "UKJ1", "LEVL_CODE": 2, "CNTR_CODE": "UK", "NAME_LATN": "Berkshire, Buckinghamshire and Oxfordshire", "NUTS_NAME": "Berkshire, Buckinghamshire and Oxfordshire", "MOUNT_TYPE": 0, "URBN_TYPE": 0, "COAST_TYPE": 0, "NAME_ENGL": "United Kingdom", "NAME_FREN": "Royaume-Uni", "ISO3_CODE": "GBR", "SVRG_UN": "UN Member State", "CAPT": "London", "EU_STAT": "F", "EFTA_STAT": "F", "CC_STAT": "F", "NAME_GERM": "Vereinigtes Königreich"}, "geometry": {"type": "MultiPolygon", "coordinates": [[[[3598326.2398000006, 3274989.1446], [3591887.3707, 3260001.1861000005], [3596595.0047999993, 3242916.7047000006], [3596327.0062000006, 3217729.2481999993], [3595379.5144999996, 3206049.9722000007], [3593621.536800001, 3203425.571900001], [3573139.4043000005, 3190983.7335], [3548175.3839999996, 3199319.8983999994], [3528228.8334, 3198398.4811000004], [3523391.1520000007, 3198358.6543000005], [3520888.1023999993, 3220831.8643999994], [3519533.440199999, 3220302.2694000006], [3517091.3573000003, 3240097.6658999994], [3523551.5446000006, 3272636.346999999], [3549284.9652999993, 3288961.5157999992], [3561117.6699, 3269851.6603999995], [3569462.7316999994, 3275367.2250999995], [3578248.1027000006, 3270038.7072], [3591959.3412999995, 3285040.9942000005], [3594536.204399999, 3285049.4004999995], [3598326.2398000006, 3274989.1446]]]]}}, {"type": "Feature", "properties": {"NUTS_ID": "UKJ2", "LEVL_CODE": 2, "CNTR_CODE": "UK", "NAME_LATN": "Surrey, East and West Sussex", "NUTS_NAME": "Surrey, East and West Sussex", "MOUNT_TYPE": 0, "URBN_TYPE": 0, "COAST_TYPE": 0, "NAME_ENGL": "United Kingdom", "NAME_FREN": "Royaume-Uni", "ISO3_CODE": "GBR", "SVRG_UN": "UN Member State", "CAPT": "London", "EU_STAT": "F", "EFTA_STAT": "F", "CC_STAT": "F", "NAME_GERM": "Vereinigtes Königreich"}, "geometry": {"type": "MultiPolygon", "coordinates": [[[[3603719.2753999997, 3186191.965], [3615604.2519000005, 3183666.037799999], [3626671.0786000006, 3182983.8823000006], [3628886.1655, 3178577.8178000003], [3627153.0643000007, 3161944.8686999995], [3663773.5448000003, 3142386.1920999996], [3673243.4832000006, 3139126.3669000007], [3675526.2985999994, 3138343.762700001], [3679891.0244999994, 3130408.2580999993], [3672050.7456, 3129691.793299999], [3615846.2278000005, 3124914.9778000005], [3603878.9793999996, 3129741.9738999996], [3553352.2958000004, 3136848.3926], [3570658.9448000006, 3163694.0908000004], [3566094.2635999992, 3178375.6282], [3575082.4025, 3182183.590500001], [3573139.4043000005, 3190983.7335], [3593621.536800001, 3203425.571900001], [3596923.4042000007, 3201499.0403000005], [3605622.9131000005, 3193197.7841], [3603719.2753999997, 3186191.965]]]]}}, {"type": "Feature", "properties": {"NUTS_ID": "UKJ3", "LEVL_CODE": 2, "CNTR_CODE": "UK", "NAME_LATN": "Hampshire and Isle of Wight", "NUTS_NAME": "Hampshire and Isle of Wight", "MOUNT_TYPE": 0, "URBN_TYPE": 0, "COAST_TYPE": 0, "NAME_ENGL": "United Kingdom", "NAME_FREN": "Royaume-Uni", "ISO3_CODE": "GBR", "SVRG_UN": "UN Member State", "CAPT": "London", "EU_STAT": "F", "EFTA_STAT": "F", "CC_STAT": "F", "NAME_GERM": "Vereinigtes Königreich"}, "geometry": {"type": "MultiPolygon", "coordinates": [[[[3570658.9448000006, 3163694.0908000004], [3553352.2958000004, 3136848.3926], [3546122.244999999, 3135664.585000001], [3534366.0965, 3137638.798800001], [3524825.1017000005, 3147432.1055999994], [3522689.3104, 3148843.6772000007], [3499622.7479999997, 3135259.5458000004], [3485772.9976000004, 3166122.5425000004], [3523391.1520000007, 3198358.6543000005], [3528228.8334, 3198398.4811000004], [3548175.3839999996, 3199319.8983999994], [3573139.4043000005, 3190983.7335], [3575082.4025, 3182183.590500001], [3566094.2635999992, 3178375.6282], [3570658.9448000006, 3163694.0908000004]]], [[[3539420.0056999996, 3132835.039000001], [3535765.1164999995, 3108410.8841999993], [3518486.8004, 3111151.4234999996], [3513561.3089000005, 3128341.3149999995], [3522551.3373000007, 3139323.5561999995], [3539420.0056999996, 3132835.039000001]]]]}}, {"type": "Feature", "properties": {"NUTS_ID": "UKJ4", "LEVL_CODE": 2, "CNTR_CODE": "UK", "NAME_LATN": "Kent", "NUTS_NAME": "Kent", "MOUNT_TYPE": 0, "URBN_TYPE": 0, "COAST_TYPE": 0, "NAME_ENGL": "United Kingdom", "NAME_FREN": "Royaume-Uni", "ISO3_CODE": "GBR", "SVRG_UN": "UN Member State", "CAPT": "London", "EU_STAT": "F", "EFTA_STAT": "F", "CC_STAT": "F", "NAME_GERM": "Vereinigtes Königreich"}, "geometry": {"type": "MultiPolygon", "coordinates": [[[[3646115.5846999995, 3195333.8921000008], [3647489.7607000005, 3194132.056399999], [3647902.5701, 3194119.405099999], [3648588.4013, 3194235.8268], [3649860.2295999993, 3195229.9933], [3650263.100299999, 3195054.1955999993], [3650994.660599999, 3193365.1898], [3651676.3904999997, 3192902.2412], [3652768.864499999, 3192561.5485999994], [3653708.6169000007, 3192372.6994000003], [3656217.4132000003, 3191822.4507], [3657772.6656, 3192007.305400001], [3658133.8115999997, 3192032.4800000004], [3658424.8598999996, 3191987.598099999], [3658830.1218999997, 3192230.7797], [3659985.6806000005, 3192633.5703999996], [3669373.7040999997, 3192660.7994999997], [3670416.2422, 3182315.698000001], [3678432.579500001, 3180074.4165000003], [3692323.9300999995, 3176224.8495000005], [3714279.009299999, 3173098.7717000004], [3718156.7750000004, 3159923.9596999995], [3687544.3005, 3129787.660700001], [3679891.0244999994, 3130408.2580999993], [3675526.2985999994, 3138343.762700001], [3673243.4832000006, 3139126.3669000007], [3663773.5448000003, 3142386.1920999996], [3627153.0643000007, 3161944.8686999995], [3628886.1655, 3178577.8178000003], [3637961.3795999996, 3190362.507099999], [3638246.8321, 3190346.008199999], [3643744.4990999997, 3197624.8969], [3644571.4089, 3196739.092700001], [3645111.9164000005, 3196160.2765999995], [3645384.0725, 3195936.155099999], [3646115.5846999995, 3195333.8921000008]]]]}}, {"type": "Feature", "properties": {"NUTS_ID": "UKK1", "LEVL_CODE": 2, "CNTR_CODE": "UK", "NAME_LATN": "Gloucestershire, Wiltshire and Bristol/Bath area", "NUTS_NAME": "Gloucestershire, Wiltshire and Bristol/Bath area", "MOUNT_TYPE": 0, "URBN_TYPE": 0, "COAST_TYPE": 0, "NAME_ENGL": "United Kingdom", "NAME_FREN": "Royaume-Uni", "ISO3_CODE": "GBR", "SVRG_UN": "UN Member State", "CAPT": "London", "EU_STAT": "F", "EFTA_STAT": "F", "CC_STAT": "F", "NAME_GERM": "Vereinigtes Königreich"}, "geometry": {"type": "MultiPolygon", "coordinates": [[[[3517091.3573000003, 3240097.6658999994], [3519533.440199999, 3220302.2694000006], [3520888.1023999993, 3220831.8643999994], [3523391.1520000007, 3198358.6543000005], [3485772.9976000004, 3166122.5425000004], [3461944.0852000006, 3180286.3673], [3469039.9498999994, 3206853.1842], [3434903.3380999994, 3212395.9824], [3420726.5153, 3214768.8002000004], [3443456.182600001, 3231525.7848000005], [3446880.534499999, 3235492.6993000004], [3458893.1213000007, 3248428.0107000005], [3449231.922700001, 3245831.7205999997], [3453901.7196999993, 3266156.8003000002], [3477827.3617000002, 3284094.0786000006], [3510068.9115999993, 3286757.0387999993], [3518901.5076, 3287524.0513000004], [3523551.5446000006, 3272636.346999999], [3517091.3573000003, 3240097.6658999994]]]]}}, {"type": "Feature", "properties": {"NUTS_ID": "UKL2", "LEVL_CODE": 2, "CNTR_CODE": "UK", "NAME_LATN": "East Wales", "NUTS_NAME": "East Wales", "MOUNT_TYPE": 0, "URBN_TYPE": 0, "COAST_TYPE": 0, "NAME_ENGL": "United Kingdom", "NAME_FREN": "Royaume-Uni", "ISO3_CODE": "GBR", "SVRG_UN": "UN Member State", "CAPT": "London", "EU_STAT": "F", "EFTA_STAT": "F", "CC_STAT": "F", "NAME_GERM": "Vereinigtes Königreich"}, "geometry": {"type": "MultiPolygon", "coordinates": [[[[3453901.7196999993, 3266156.8003000002], [3449231.922700001, 3245831.7205999997], [3440287.8418000005, 3242921.3466999996], [3418182.1822999995, 3235811.0523000006], [3396103.558, 3227337.876], [3379715.6192000005, 3239322.0113999993], [3390148.8314999994, 3242211.1127000004], [3398944.7301000003, 3242723.0994000006], [3408650.6809, 3243306.2612999994], [3416587.3554999996, 3241066.9827999994], [3425249.0626999997, 3250318.213300001], [3419368.8347999994, 3271212.241800001], [3406867.7238, 3270608.2334000003], [3388756.9947999995, 3269942.1582999993], [3374887.2447999995, 3276373.205499999], [3392573.112400001, 3335913.0131], [3383199.193600001, 3362599.561899999], [3418965.2743999995, 3390370.262599999], [3426652.7819999997, 3391984.7706000004], [3438340.7325999998, 3412549.349300001], [3435926.8509, 3440955.7751], [3453179.0140000004, 3428337.3719999995], [3471243.4305000007, 3394153.145199999], [3441624.966499999, 3388946.7896999996], [3443614.7017, 3327252.8661], [3428780.9026999995, 3288439.5797000006], [3445681.6556, 3273410.6163999997], [3453901.7196999993, 3266156.8003000002]]]]}}, {"type": "Feature", "properties": {"NUTS_ID": "UKM5", "LEVL_CODE": 2, "CNTR_CODE": "UK", "NAME_LATN": "North Eastern Scotland", "NUTS_NAME": "North Eastern Scotland", "MOUNT_TYPE": 0, "URBN_TYPE": 0, "COAST_TYPE": 0, "NAME_ENGL": "United Kingdom", "NAME_FREN": "Royaume-Uni", "ISO3_CODE": "GBR", "SVRG_UN": "UN Member State", "CAPT": "London", "EU_STAT": "F", "EFTA_STAT": "F", "CC_STAT": "F", "NAME_GERM": "Vereinigtes Königreich"}, "geometry": {"type": "MultiPolygon", "coordinates": [[[[3564651.011600001, 3804905.2749000005], [3545976.1208999995, 3825013.8793], [3539782.1459999997, 3831748.807499999], [3510329.9659, 3828379.2633999996], [3486014.3176000006, 3840026.5588000007], [3515946.7268000003, 3857694.9272000007], [3538464.7344000004, 3871211.0066], [3561339.2410000004, 3911995.5756], [3608638.9376999997, 3876201.1593999993], [3564651.011600001, 3804905.2749000005]]]]}}, {"type": "Feature", "properties": {"NUTS_ID": "UKM6", "LEVL_CODE": 2, "CNTR_CODE": "UK", "NAME_LATN": "Highlands and Islands", "NUTS_NAME": "Highlands and Islands", "MOUNT_TYPE": 0, "URBN_TYPE": 0, "COAST_TYPE": 0, "NAME_ENGL": "United Kingdom", "NAME_FREN": "Royaume-Uni", "ISO3_CODE": "GBR", "SVRG_UN": "UN Member State", "CAPT": "London", "EU_STAT": "F", "EFTA_STAT": "F", "CC_STAT": "F", "NAME_GERM": "Vereinigtes Königreich"}, "geometry": {"type": "MultiPolygon", "coordinates": [[[[3402307.123400001, 3954367.1148000006], [3444221.9256999996, 4007273.5207], [3516378.957800001, 4000440.584899999], [3461377.2294999994, 3908521.089299999], [3526308.051000001, 3910506.171599999], [3561339.2410000004, 3911995.5756], [3538464.7344000004, 3871211.0066], [3515946.7268000003, 3857694.9272000007], [3486014.3176000006, 3840026.5588000007], [3440184.8090000004, 3834376.9393000007], [3413013.9970999993, 3785121.1873000003], [3412436.513699999, 3771494.1021999996], [3367217.3351000007, 3706570.103599999], [3331175.6340999994, 3694016.7129999995], [3358646.0046999995, 3790644.9536000006], [3335896.3959, 3826324.2882000003], [3356677.025800001, 3841124.7876999993], [3379703.289000001, 3895854.5447000004], [3395470.4689000007, 3908044.5418999996], [3402307.123400001, 3954367.1148000006]]], [[[3301991.0339, 3955779.7521], [3301840.3050999995, 3944764.4836999997], [3280061.763800001, 3903739.851], [3274896.6346000005, 3908116.3292999994], [3287729.4079, 3937607.497300001], [3290299.2507000007, 3967784.5231999997], [3315586.690199999, 3977884.6323000006], [3316721.9101, 4000967.0834], [3334274.2485000007, 4023625.898499999], [3377291.8451000005, 4038243.118899999], [3378769.583799999, 4018108.0732000005], [3361723.1677, 3990129.5666000005], [3327092.8494000006, 3973344.2128], [3301991.0339, 3955779.7521]]], [[[3323562.6757999994, 3931364.1602], [3346925.8308000006, 3940906.9964000005], [3358588.4487999994, 3958999.2556], [3368083.8198000006, 3908537.1206], [3358109.862299999, 3877275.5415000003], [3349876.9705, 3886091.024599999], [3334528.2785, 3863827.9418], [3328549.5143999998, 3879442.5469000004], [3349303.582800001, 3900734.3519], [3344391.6415, 3914010.6296999995], [3323650.5821, 3918920.6352999993], [3323562.6757999994, 3931364.1602]]], [[[3692417.0890999995, 4197913.5425], [3700198.2906, 4210128.8355], [3708946.5778, 4200874.598099999], [3713935.3204999994, 4230457.3116], [3728995.7130999994, 4228088.228], [3703741.4136999995, 4175490.5814999994], [3692924.8807999995, 4162960.7914000005], [3692417.0890999995, 4197913.5425]]], [[[3586365.9486999996, 4090902.0452999994], [3592915.4421999995, 4072843.4612000007], [3563497.8523999993, 4038565.3890000004], [3554208.6147000007, 4051883.8549000006], [3560861.3423999995, 4068427.6435000002], [3586365.9486999996, 4090902.0452999994]]], [[[3321162.7084, 3732133.4186000004], [3312182.2248, 3728380.5878999997], [3298814.125, 3750249.4229000006], [3307297.0935999993, 3758116.390900001], [3331199.3146, 3760454.8090000004], [3327236.8691000007, 3743384.34], [3321162.7084, 3732133.4186000004]]], [[[3676998.8725000005, 4139731.5579000004], [3684494.3236, 4153634.158399999], [3702441.7358, 4135469.3718999997], [3687478.035700001, 4118856.2644999996], [3680383.8899000008, 4129673.9451], [3676998.8725000005, 4139731.5579000004]]], [[[3283557.2699999996, 4039540.0404000003], [3315661.445699999, 4048203.3432], [3303501.890900001, 4021070.512599999], [3285166.8161999993, 4028794.6963], [3283557.2699999996, 4039540.0404000003]]], [[[3218031.1114000008, 4015194.707800001], [3243681.9681, 3996998.6468], [3233528.0854, 3979584.6098999996], [3217022.0209, 3996130.930400001], [3218031.1114000008, 4015194.707800001]]], [[[3592915.4421999995, 4072843.4612000007], [3592901.6460999995, 4074583.4755000006], [3606123.0395, 4088442.5928000007], [3606912.4069, 4064160.0808000006], [3593740.2541000005, 4055352.8071], [3592915.4421999995, 4072843.4612000007]]]]}}, {"type": "Feature", "properties": {"NUTS_ID": "UKM7", "LEVL_CODE": 2, "CNTR_CODE": "UK", "NAME_LATN": "Eastern Scotland", "NUTS_NAME": "Eastern Scotland", "MOUNT_TYPE": 0, "URBN_TYPE": 0, "COAST_TYPE": 0, "NAME_ENGL": "United Kingdom", "NAME_FREN": "Royaume-Uni", "ISO3_CODE": "GBR", "SVRG_UN": "UN Member State", "CAPT": "London", "EU_STAT": "F", "EFTA_STAT": "F", "CC_STAT": "F", "NAME_GERM": "Vereinigtes Königreich"}, "geometry": {"type": "MultiPolygon", "coordinates": [[[[3545976.1208999995, 3825013.8793], [3564651.011600001, 3804905.2749000005], [3557178.754899999, 3793273.4517], [3544610.5228000004, 3781610.8419000003], [3520820.005000001, 3779174.6586000007], [3504922.8270999994, 3769882.3027], [3523749.864499999, 3761757.653000001], [3524674.9047, 3761007.8731999993], [3525336.9879, 3759730.4869], [3525668.9832000006, 3758050.5857999995], [3525635.2189000007, 3756147.8487], [3525238.9310999997, 3754225.8895999994], [3524522.0749999993, 3752490.4735000003], [3523561.0242, 3751127.4614000004], [3522452.3114, 3750270.921599999], [3492175.3694, 3735817.744000001], [3491442.9005999994, 3735536.3309000004], [3490943.6347000003, 3735794.368899999], [3490540.6437999997, 3735610.047700001], [3491163.5877, 3735221.917199999], [3490958.5294000003, 3734671.7301000003], [3490982.1525999997, 3734085.6359], [3490704.707800001, 3733512.7686], [3490464.1711, 3733891.4243], [3490002.7576, 3734037.5157999992], [3489798.4845000003, 3734555.7074999996], [3489509.2781000007, 3734928.7214], [3487951.1191000007, 3735870.2672000006], [3487607.7661000006, 3735750.5703], [3487455.8946, 3735586.2271999996], [3487140.885399999, 3735898.130000001], [3487021.2194999997, 3736571.0928000007], [3485477.058700001, 3737664.5031000003], [3484369.6795000006, 3737854.2731], [3483637.0876, 3738803.7672000006], [3482920.1790999994, 3738766.213199999], [3481977.9728999995, 3739044.963199999], [3481487.5231999997, 3739543.908399999], [3481291.1514999997, 3740279.187000001], [3480479.4678000007, 3741395.2544], [3479690.1845999993, 3741590.4471000005], [3479796.3083999995, 3741079.0304000005], [3479648.2091000006, 3740586.280099999], [3479429.854800001, 3740301.4148999993], [3479084.8194999993, 3740206.1432000007], [3478326.5624, 3740414.3312], [3478087.4659, 3741341.6372999996], [3477872.3945000004, 3741541.8861], [3475853.1797, 3741607.4999], [3474502.908500001, 3741154.1174], [3473612.2061, 3741495.1423000004], [3472456.643100001, 3742587.1599000003], [3471612.6098999996, 3744338.2337999996], [3470941.1975, 3745423.005000001], [3470390.576300001, 3745756.9535000008], [3469946.0787000004, 3746131.9934], [3469714.4483000003, 3746327.465500001], [3469073.2711999994, 3747565.7523999996], [3468322.8246, 3749052.8411], [3467717.150699999, 3749732.7134000007], [3466777.0512000006, 3749967.7907999996], [3466009.9483000003, 3749202.325099999], [3465947.8029999994, 3749429.5637999997], [3465885.6690999996, 3749656.803099999], [3466307.9283000007, 3749946.4814999998], [3466363.441400001, 3750432.5171000008], [3466002.6005000006, 3750936.7545], [3465246.8282999992, 3751552.8563], [3464716.3987000007, 3751446.8038999997], [3464589.2579999994, 3751204.030200001], [3464379.5854, 3750347.5122999996], [3464000.8476, 3750091.9043000005], [3464308.6897, 3750073.539999999], [3464481.2061, 3750174.0], [3464710.008199999, 3750504.0901999995], [3464747.5134999994, 3751192.056399999], [3465158.1717000008, 3750993.2531000003], [3465740.550899999, 3750629.5096000005], [3465405.4881999996, 3749797.9092999995], [3465486.8072999995, 3749154.8594000004], [3465772.1340999994, 3748836.931], [3466493.0143, 3748684.1750000007], [3472509.4506, 3738956.1317], [3482977.0286999997, 3734488.7936000004], [3488330.0065, 3732534.954500001], [3508634.7518000007, 3723383.9762999993], [3552262.0264, 3715465.689200001], [3524214.9354, 3707701.785], [3502416.7272999994, 3701808.9869999997], [3488180.1873000003, 3713277.9442], [3486506.5867999997, 3713098.2181], [3480743.5165, 3708652.4488999993], [3464233.7414999995, 3713081.0380000006], [3461911.4305000007, 3726550.5221999995], [3452734.2558999993, 3743321.7883], [3444218.4936999995, 3742743.7292], [3421453.469799999, 3754636.954399999], [3416453.5187999997, 3768148.7202000003], [3419305.6604999993, 3781786.9245999996], [3413013.9970999993, 3785121.1873000003], [3440184.8090000004, 3834376.9393000007], [3486014.3176000006, 3840026.5588000007], [3510329.9659, 3828379.2633999996], [3539782.1459999997, 3831748.807499999], [3545976.1208999995, 3825013.8793]]]]}}, {"type": "Feature", "properties": {"NUTS_ID": "UKM8", "LEVL_CODE": 2, "CNTR_CODE": "UK", "NAME_LATN": "West Central Scotland", "NUTS_NAME": "West Central Scotland", "MOUNT_TYPE": 0, "URBN_TYPE": 0, "COAST_TYPE": 0, "NAME_ENGL": "United Kingdom", "NAME_FREN": "Royaume-Uni", "ISO3_CODE": "GBR", "SVRG_UN": "UN Member State", "CAPT": "London", "EU_STAT": "F", "EFTA_STAT": "F", "CC_STAT": "F", "NAME_GERM": "Vereinigtes Königreich"}, "geometry": {"type": "MultiPolygon", "coordinates": [[[[3421453.469799999, 3754636.954399999], [3444218.4936999995, 3742743.7292], [3452734.2558999993, 3743321.7883], [3461911.4305000007, 3726550.5221999995], [3464233.7414999995, 3713081.0380000006], [3443113.2763, 3723228.5895000007], [3433185.1898999996, 3719554.9101], [3431038.8122000005, 3707935.8752999995], [3414412.9648, 3721233.1323000006], [3396189.7875999995, 3737426.8367999997], [3404090.6919, 3744589.569], [3418028.6960000005, 3738400.954399999], [3418311.8077000007, 3739744.0424000006], [3411164.9464999996, 3748588.319599999], [3412436.513699999, 3771494.1021999996], [3413013.9970999993, 3785121.1873000003], [3419305.6604999993, 3781786.9245999996], [3416453.5187999997, 3768148.7202000003], [3421453.469799999, 3754636.954399999]]]]}}, {"type": "Feature", "properties": {"NUTS_ID": "UKM9", "LEVL_CODE": 2, "CNTR_CODE": "UK", "NAME_LATN": "Southern Scotland", "NUTS_NAME": "Southern Scotland", "MOUNT_TYPE": 0, "URBN_TYPE": 0, "COAST_TYPE": 0, "NAME_ENGL": "United Kingdom", "NAME_FREN": "Royaume-Uni", "ISO3_CODE": "GBR", "SVRG_UN": "UN Member State", "CAPT": "London", "EU_STAT": "F", "EFTA_STAT": "F", "CC_STAT": "F", "NAME_GERM": "Vereinigtes Königreich"}, "geometry": {"type": "MultiPolygon", "coordinates": [[[[3570116.0853000004, 3697125.9514000006], [3527498.7194, 3647483.7238], [3517247.5638999995, 3635893.7815000005], [3505060.0076, 3628944.0888], [3490108.832699999, 3617887.9864000008], [3469108.7453000005, 3615722.4952000007], [3390817.9201999996, 3608523.877699999], [3360498.1899999995, 3628303.6657], [3366151.2761000004, 3643820.5701], [3386061.114600001, 3676921.7895], [3403235.1805000007, 3701218.310799999], [3393176.3049999997, 3718031.5385], [3396189.7875999995, 3737426.8367999997], [3414412.9648, 3721233.1323000006], [3431038.8122000005, 3707935.8752999995], [3433185.1898999996, 3719554.9101], [3443113.2763, 3723228.5895000007], [3464233.7414999995, 3713081.0380000006], [3480743.5165, 3708652.4488999993], [3486506.5867999997, 3713098.2181], [3488180.1873000003, 3713277.9442], [3502416.7272999994, 3701808.9869999997], [3524214.9354, 3707701.785], [3552262.0264, 3715465.689200001], [3570116.0853000004, 3697125.9514000006]]]]}}, {"type": "Feature", "properties": {"NUTS_ID": "UKN0", "LEVL_CODE": 2, "CNTR_CODE": "UK", "NAME_LATN": "Northern Ireland", "NUTS_NAME": "Northern Ireland", "MOUNT_TYPE": 0, "URBN_TYPE": 0, "COAST_TYPE": 0, "NAME_ENGL": "United Kingdom", "NAME_FREN": "Royaume-Uni", "ISO3_CODE": "GBR", "SVRG_UN": "UN Member State", "CAPT": "London", "EU_STAT": "F", "EFTA_STAT": "F", "CC_STAT": "F", "NAME_GERM": "Vereinigtes Königreich"}, "geometry": {"type": "MultiPolygon", "coordinates": [[[[3309324.5363999996, 3662898.0988999996], [3306910.9417000003, 3621319.4058999997], [3303772.059800001, 3618198.355799999], [3309523.3145000003, 3616906.9865000006], [3326115.635, 3613225.0734], [3325818.2509000003, 3586023.142999999], [3320894.7715000007, 3580735.0478000008], [3316939.8149999995, 3592764.4944], [3313863.0731000006, 3576299.1032], [3285069.8533999994, 3554456.8554999996], [3267014.1543000005, 3563205.9560000002], [3244775.7710999995, 3561762.7819999997], [3245165.7368, 3577208.328400001], [3235160.6678, 3596830.425899999], [3214939.132200001, 3602580.7288000006], [3195615.0461999997, 3589512.522399999], [3173848.043400001, 3612488.6251], [3199284.5310999993, 3641564.6778999995], [3197575.4376, 3657011.4365999997], [3230329.8203999996, 3682748.466600001], [3236307.3610999994, 3678562.4067], [3252818.8046000004, 3689149.8693000004], [3300387.783500001, 3689755.908399999], [3309324.5363999996, 3662898.0988999996]]]]}}, {"type": "Feature", "properties": {"NUTS_ID": "HR05", "LEVL_CODE": 2, "CNTR_CODE": "HR", "NAME_LATN": "Grad Zagreb", "NUTS_NAME": "Grad Zagreb", "MOUNT_TYPE": 0, "URBN_TYPE": 0, "COAST_TYPE": 0, "NAME_ENGL": "Croatia", "NAME_FREN": "Croatie", "ISO3_CODE": "HRV", "SVRG_UN": "UN Member State", "CAPT": "Zagreb", "EU_STAT": "T", "EFTA_STAT": "F", "CC_STAT": "F", "NAME_GERM": "Kroatien"}, "geometry": {"type": "MultiPolygon", "coordinates": [[[[4802405.477, 2545006.3914], [4782729.447000001, 2523512.578400001], [4776004.125700001, 2539650.377699999], [4783286.1547, 2550595.059800001], [4798025.4377, 2559283.544399999], [4802405.477, 2545006.3914]]]]}}, {"type": "Feature", "properties": {"NUTS_ID": "HR06", "LEVL_CODE": 2, "CNTR_CODE": "HR", "NAME_LATN": "Sjeverna Hrvatska", "NUTS_NAME": "Sjeverna Hrvatska", "MOUNT_TYPE": 0, "URBN_TYPE": 0, "COAST_TYPE": 0, "NAME_ENGL": "Croatia", "NAME_FREN": "Croatie", "ISO3_CODE": "HRV", "SVRG_UN": "UN Member State", "CAPT": "Zagreb", "EU_STAT": "T", "EFTA_STAT": "F", "CC_STAT": "F", "NAME_GERM": "Kroatien"}, "geometry": {"type": "MultiPolygon", "coordinates": [[[[4885838.4597, 2569452.5403000005], [4873616.0546, 2556525.199100001], [4848773.2064, 2572540.0660999995], [4840761.7236, 2557897.6274999995], [4836010.9388999995, 2529286.6696000006], [4784173.292300001, 2503545.5968999993], [4735901.171599999, 2531543.4870999996], [4741351.1735, 2535261.6369000003], [4763299.947699999, 2557231.321799999], [4756287.5679, 2569024.9848999996], [4767522.000399999, 2589203.2477], [4773662.2333, 2591913.8157], [4805669.1493, 2605574.086100001], [4800109.809699999, 2617566.9919000007], [4827385.8894, 2618351.326199999], [4848359.353399999, 2606260.0957999993], [4850286.352600001, 2603109.4586999994], [4885838.4597, 2569452.5403000005]], [[4776004.125700001, 2539650.377699999], [4782729.447000001, 2523512.578400001], [4802405.477, 2545006.3914], [4798025.4377, 2559283.544399999], [4783286.1547, 2550595.059800001], [4776004.125700001, 2539650.377699999]]]]}}, {"type": "Feature", "properties": {"NUTS_ID": "NO02", "LEVL_CODE": 2, "CNTR_CODE": "NO", "NAME_LATN": "Innlandet", "NUTS_NAME": "Innlandet", "MOUNT_TYPE": 0, "URBN_TYPE": 0, "COAST_TYPE": 0, "NAME_ENGL": "Norway", "NAME_FREN": "Norvège", "ISO3_CODE": "NOR", "SVRG_UN": "UN Member State", "CAPT": "Oslo", "EU_STAT": "F", "EFTA_STAT": "T", "CC_STAT": "F", "NAME_GERM": "Norwegen"}, "geometry": {"type": "MultiPolygon", "coordinates": [[[[4368184.8759, 4133951.4669000003], [4341296.495200001, 4135655.6521000005], [4340759.865800001, 4135632.2206999995], [4321925.039899999, 4164833.446799999], [4305813.5516, 4154371.2641000003], [4286340.772, 4169992.2575000003], [4277813.531199999, 4186332.5823], [4260464.3178, 4197669.002], [4226322.204700001, 4220417.267200001], [4219984.3061999995, 4225596.0592], [4224106.2892, 4269338.0591], [4189831.233100001, 4298934.7853999995], [4181613.7487000003, 4325542.8125], [4231019.2311, 4359226.9307], [4263234.8925, 4362718.5198], [4272247.402899999, 4363747.4504], [4285395.2827, 4358351.940300001], [4310182.1009, 4354041.456800001], [4342540.073000001, 4396348.9571], [4438332.4803, 4360687.112199999], [4440904.7279, 4353715.4593], [4436644.1457, 4298009.4877], [4465246.070800001, 4261087.826400001], [4465658.2871, 4219983.2985], [4445605.062000001, 4211601.132300001], [4462806.228700001, 4150810.2381999996], [4457049.282199999, 4110970.5056999996], [4441629.048599999, 4089343.866800001], [4424393.606000001, 4083582.6481999997], [4384398.5887, 4167690.9923], [4368184.8759, 4133951.4669000003]]]]}}, {"type": "Feature", "properties": {"NUTS_ID": "NO06", "LEVL_CODE": 2, "CNTR_CODE": "NO", "NAME_LATN": "Trøndelag", "NUTS_NAME": "Trøndelag", "MOUNT_TYPE": 0, "URBN_TYPE": 0, "COAST_TYPE": 0, "NAME_ENGL": "Norway", "NAME_FREN": "Norvège", "ISO3_CODE": "NOR", "SVRG_UN": "UN Member State", "CAPT": "Oslo", "EU_STAT": "F", "EFTA_STAT": "T", "CC_STAT": "F", "NAME_GERM": "Norwegen"}, "geometry": {"type": "MultiPolygon", "coordinates": [[[[4520389.6183, 4592218.7552000005], [4517888.839400001, 4557693.2116], [4475502.457900001, 4555685.7949], [4445732.5723, 4529630.7809], [4430966.837200001, 4503388.899800001], [4428899.1995, 4481072.204600001], [4424849.4953000005, 4454897.044], [4438332.4803, 4360687.112199999], [4342540.073000001, 4396348.9571], [4310182.1009, 4354041.456800001], [4285395.2827, 4358351.940300001], [4272247.402899999, 4363747.4504], [4292130.8621, 4441732.008300001], [4264659.5857, 4446694.146400001], [4251819.0867, 4476423.644200001], [4237472.6719, 4493230.5568], [4240359.9783, 4507768.357000001], [4265630.768100001, 4503597.1555], [4273302.1142, 4491522.827400001], [4306292.048699999, 4506000.9859], [4317480.179400001, 4546301.294500001], [4356381.989499999, 4589914.0655000005], [4371705.4673999995, 4611538.400699999], [4372241.9955, 4650389.365599999], [4422522.2082, 4658514.7499], [4525407.6393, 4674222.130000001], [4500553.1686, 4616548.5276], [4506168.570599999, 4609613.9451], [4520389.6183, 4592218.7552000005]]], [[[4281550.8379, 4547227.8664], [4274343.7094, 4524241.469799999], [4254760.191500001, 4532857.8332], [4258826.624299999, 4545550.343], [4281550.8379, 4547227.8664]]]]}}, {"type": "Feature", "properties": {"NUTS_ID": "NO07", "LEVL_CODE": 2, "CNTR_CODE": "NO", "NAME_LATN": "Nord-Norge", "NUTS_NAME": "Nord-Norge", "MOUNT_TYPE": 0, "URBN_TYPE": 0, "COAST_TYPE": 0, "NAME_ENGL": "Norway", "NAME_FREN": "Norvège", "ISO3_CODE": "NOR", "SVRG_UN": "UN Member State", "CAPT": "Oslo", "EU_STAT": "F", "EFTA_STAT": "T", "CC_STAT": "F", "NAME_GERM": "Norwegen"}, "geometry": {"type": "MultiPolygon", "coordinates": [[[[4971010.6425, 5401019.9034], [5001186.657199999, 5378718.751599999], [5027555.567600001, 5391153.160700001], [5074653.9242, 5377303.7195999995], [5089119.8992, 5354898.9845], [5089238.543, 5313294.950200001], [5121979.895099999, 5303618.9924], [5129540.749399999, 5289674.165200001], [5129146.861400001, 5280535.3759], [5103863.7072, 5284239.232899999], [5102943.5492, 5264215.5197], [5091069.457800001, 5246229.9487], [5072809.138800001, 5205674.012399999], [5064258.8256, 5266231.4595], [4996322.788799999, 5301735.9025], [4943807.892000001, 5250194.7501], [4948346.343599999, 5164461.637800001], [4932226.6894000005, 5124378.9022], [4889483.3258, 5130749.9980999995], [4853855.835899999, 5111817.7235], [4801469.590500001, 5146847.401900001], [4786541.835899999, 5162420.5875], [4781583.823799999, 5166481.751], [4770072.6545, 5167675.498199999], [4760596.4999, 5158082.832699999], [4744757.5046, 5136005.0243], [4736996.603800001, 5130193.0163], [4731700.331700001, 5058529.409600001], [4655620.2413, 5065448.5865], [4659061.4355999995, 5021416.403899999], [4644414.573000001, 5008079.9103], [4626113.4443, 5012633.2763], [4605710.551100001, 4987904.661900001], [4587371.919, 4935277.019400001], [4598950.251599999, 4895824.906199999], [4563730.3927, 4830690.195], [4566978.611199999, 4813265.669600001], [4532037.6675, 4779505.4033], [4525407.6393, 4674222.130000001], [4422522.2082, 4658514.7499], [4414948.2951, 4727918.163699999], [4427038.187000001, 4783167.2206], [4446799.338099999, 4822302.992699999], [4459084.3749, 4813829.069], [4463487.486099999, 4851215.2359], [4480658.793, 4880435.3213], [4504124.156300001, 4900429.4528], [4524696.8105999995, 4973594.759], [4562851.1568, 5012393.589400001], [4554861.9410999995, 5031191.655300001], [4510750.3848, 5023979.508199999], [4510924.7915, 5071567.874399999], [4554801.4717999995, 5123441.0911], [4564713.3299, 5084522.766100001], [4583196.3675999995, 5103804.6117], [4613870.429199999, 5083916.1098], [4600030.493899999, 5146386.755000001], [4653395.6316, 5197696.0228], [4662259.460999999, 5238895.491900001], [4695441.8423999995, 5242799.123400001], [4704025.0338, 5215904.151699999], [4727614.4300999995, 5214816.611500001], [4730784.409700001, 5245331.046499999], [4750208.8379, 5236473.608999999], [4759008.738299999, 5264464.8967], [4789654.0733, 5277247.586300001], [4802859.8138, 5328245.774], [4832691.8038, 5327944.989], [4889648.5798, 5378319.3178], [4903835.0221, 5335205.0209], [4971010.6425, 5401019.9034]]], [[[4489350.8421, 5012888.968800001], [4468197.6897, 4995011.9517], [4462355.771299999, 5003033.091], [4483972.0098, 5031488.6206], [4489350.8421, 5012888.968800001]]], [[[4457512.147500001, 4989894.115599999], [4449988.1676, 4967044.3533], [4441307.7049, 4977366.782199999], [4450605.910700001, 5009443.189200001], [4457512.147500001, 4989894.115599999]]], [[[4848303.566199999, 5361192.332800001], [4838084.864, 5358305.1501], [4830628.112500001, 5382139.6943], [4838530.404100001, 5391087.1763], [4848303.566199999, 5361192.332800001]]]]}}, {"type": "Feature", "properties": {"NUTS_ID": "NO08", "LEVL_CODE": 2, "CNTR_CODE": "NO", "NAME_LATN": "Oslo og Viken", "NUTS_NAME": "Oslo og Viken", "MOUNT_TYPE": 0, "URBN_TYPE": 0, "COAST_TYPE": 0, "NAME_ENGL": "Norway", "NAME_FREN": "Norvège", "ISO3_CODE": "NOR", "SVRG_UN": "UN Member State", "CAPT": "Oslo", "EU_STAT": "F", "EFTA_STAT": "T", "CC_STAT": "F", "NAME_GERM": "Norwegen"}, "geometry": {"type": "MultiPolygon", "coordinates": [[[[4286340.772, 4169992.2575000003], [4305813.5516, 4154371.2641000003], [4321925.039899999, 4164833.446799999], [4340759.865800001, 4135632.2206999995], [4341296.495200001, 4135655.6521000005], [4368184.8759, 4133951.4669000003], [4384398.5887, 4167690.9923], [4424393.606000001, 4083582.6481999997], [4429455.153999999, 4078125.6467000004], [4425445.6281, 4016571.0274], [4419716.5154, 3995431.0604], [4414590.9651999995, 3982028.8113], [4404885.393100001, 3988539.145199999], [4401998.2873, 3995041.9647000004], [4373394.358200001, 3994669.7545999996], [4359073.0623, 4038766.7128999997], [4349264.099199999, 4075770.285700001], [4351022.8641, 4053305.3901000004], [4339298.0162, 4065644.9223999996], [4308370.043199999, 4034608.1340999994], [4258930.115900001, 4105256.758199999], [4245971.3763, 4119952.906199999], [4180913.9825, 4113402.2218999993], [4193766.846000001, 4152975.2261999995], [4182308.8287000004, 4177474.1821999997], [4226322.204700001, 4220417.267200001], [4260464.3178, 4197669.002], [4277813.531199999, 4186332.5823], [4286340.772, 4169992.2575000003]]]]}}, {"type": "Feature", "properties": {"NUTS_ID": "NO09", "LEVL_CODE": 2, "CNTR_CODE": "NO", "NAME_LATN": "Agder og Sør-Østlandet", "NUTS_NAME": "Agder og Sør-Østlandet", "MOUNT_TYPE": 0, "URBN_TYPE": 0, "COAST_TYPE": 0, "NAME_ENGL": "Norway", "NAME_FREN": "Norvège", "ISO3_CODE": "NOR", "SVRG_UN": "UN Member State", "CAPT": "Oslo", "EU_STAT": "F", "EFTA_STAT": "T", "CC_STAT": "F", "NAME_GERM": "Norwegen"}, "geometry": {"type": "MultiPolygon", "coordinates": [[[[4258930.115900001, 4105256.758199999], [4308370.043199999, 4034608.1340999994], [4339298.0162, 4065644.9223999996], [4346422.859300001, 4037055.2649000008], [4346757.424699999, 4003238.4570000004], [4332808.4957, 3989225.238], [4311750.9410999995, 3993710.8703000005], [4279980.8333, 3964790.1810999997], [4256066.1259, 3930741.614600001], [4213958.0448, 3894853.0270000007], [4160463.1750000007, 3880519.0293000005], [4111864.4394000005, 3915147.7860000003], [4138529.1231999993, 3998310.3214], [4145702.0655000005, 4012784.2441000007], [4148921.4099000003, 4047864.4060999993], [4163717.5485999994, 4066647.5328], [4157603.2617000006, 4079011.5459000003], [4180913.9825, 4113402.2218999993], [4245971.3763, 4119952.906199999], [4258930.115900001, 4105256.758199999]]]]}}, {"type": "Feature", "properties": {"NUTS_ID": "NO0A", "LEVL_CODE": 2, "CNTR_CODE": "NO", "NAME_LATN": "Vestlandet", "NUTS_NAME": "Vestlandet", "MOUNT_TYPE": 0, "URBN_TYPE": 0, "COAST_TYPE": 0, "NAME_ENGL": "Norway", "NAME_FREN": "Norvège", "ISO3_CODE": "NOR", "SVRG_UN": "UN Member State", "CAPT": "Oslo", "EU_STAT": "F", "EFTA_STAT": "T", "CC_STAT": "F", "NAME_GERM": "Norwegen"}, "geometry": {"type": "MultiPolygon", "coordinates": [[[[4231019.2311, 4359226.9307], [4181613.7487000003, 4325542.8125], [4189831.233100001, 4298934.7853999995], [4224106.2892, 4269338.0591], [4219984.3061999995, 4225596.0592], [4226322.204700001, 4220417.267200001], [4182308.8287000004, 4177474.1821999997], [4193766.846000001, 4152975.2261999995], [4180913.9825, 4113402.2218999993], [4157603.2617000006, 4079011.5459000003], [4163717.5485999994, 4066647.5328], [4148921.4099000003, 4047864.4060999993], [4145702.0655000005, 4012784.2441000007], [4138529.1231999993, 3998310.3214], [4111864.4394000005, 3915147.7860000003], [4063429.7015000004, 3969120.2654], [4062753.6042, 3997635.1504999995], [4078629.6838000007, 4025681.0638999995], [4076161.3388, 4060048.1505999994], [4086573.9570000004, 4065581.8560000006], [4073655.440199999, 4082009.8311], [4067516.0020000003, 4048739.5405], [4066964.2595000006, 4034093.9768000003], [4049998.9838999994, 4016026.338199999], [4050940.9976000004, 4049816.8564999998], [4042374.994999999, 4151462.1871000007], [4055300.7489, 4201493.591600001], [4028865.9942000005, 4211714.6258000005], [4043570.6801999994, 4246645.327099999], [4050152.8543999996, 4300287.329], [4065300.0386999995, 4319486.0408], [4065105.2411, 4346554.886], [4083259.7125000004, 4327950.339], [4082496.217599999, 4349753.718699999], [4097728.3377, 4347843.539899999], [4127568.786800001, 4396800.4233], [4168269.650699999, 4431121.757200001], [4202989.6961, 4434136.853], [4214590.0529, 4479883.995100001], [4251819.0867, 4476423.644200001], [4264659.5857, 4446694.146400001], [4292130.8621, 4441732.008300001], [4272247.402899999, 4363747.4504], [4263234.8925, 4362718.5198], [4231019.2311, 4359226.9307]]]]}}, {"type": "Feature", "properties": {"NUTS_ID": "NO0B", "LEVL_CODE": 2, "CNTR_CODE": "NO", "NAME_LATN": "Jan Mayen and Svalbard", "NUTS_NAME": "Jan Mayen and Svalbard", "MOUNT_TYPE": null, "URBN_TYPE": 0, "COAST_TYPE": 0, "NAME_ENGL": "Norway", "NAME_FREN": "Norvège", "ISO3_CODE": "NOR", "SVRG_UN": "UN Member State", "CAPT": "Oslo", "EU_STAT": "F", "EFTA_STAT": "T", "CC_STAT": "F", "NAME_GERM": "Norwegen"}, "geometry": {"type": "MultiPolygon", "coordinates": [[[[4481954.947699999, 6282491.5911], [4485237.586100001, 6252594.103800001], [4494757.2995, 6268023.8412999995], [4504190.986500001, 6256847.534499999], [4514231.807600001, 6224467.913000001], [4547343.677100001, 6222830.8466], [4561949.3862, 6198149.829], [4577279.6535, 6193829.794399999], [4579660.0637, 6176193.9287], [4594415.8171, 6165659.5548], [4606504.130799999, 6134655.6138], [4622146.8806, 6137205.261399999], [4633652.7357, 6116432.2837000005], [4661452.6272, 6093433.526699999], [4662600.602, 6075695.2248], [4649368.6338, 6049659.4208], [4640746.614600001, 6038706.889900001], [4630172.6515, 6066502.450099999], [4625206.7743, 6069497.161800001], [4614037.2645, 6055741.9725], [4592518.353499999, 6045162.3029], [4589624.8617, 6055298.366], [4592887.989700001, 6096201.613], [4565781.5309999995, 6139610.5057], [4557069.736199999, 6170920.3609], [4528767.7149, 6144115.7631], [4533271.115800001, 6109033.3344], [4522724.590600001, 6093310.726199999], [4524105.2711, 6042086.913799999], [4511601.443499999, 6035210.1687], [4508147.041300001, 5949200.799699999], [4495923.819, 5938367.064200001], [4431232.541200001, 6000256.731799999], [4419414.130999999, 6032513.0353999995], [4429545.8651, 6043863.3182], [4428542.751499999, 6055362.1543000005], [4412623.3586, 6063448.275900001], [4407644.031099999, 6090631.08], [4437731.716399999, 6099666.470899999], [4467513.2852, 6129989.536599999], [4465565.9640999995, 6154241.642999999], [4449543.921599999, 6139098.7301], [4433208.403100001, 6151484.3901], [4403150.802999999, 6106632.5715], [4390637.764, 6109407.688200001], [4372489.2897, 6146093.93], [4358913.4975000005, 6167752.816400001], [4358591.594799999, 6208673.2006], [4346810.902799999, 6208651.2565], [4337784.1383, 6253881.614399999], [4349644.2621, 6283781.3675999995], [4367754.676200001, 6263978.7651], [4366974.8014, 6283286.6887], [4393584.975, 6285089.9979], [4394833.445800001, 6274235.8433], [4390968.3237, 6259658.880999999], [4391944.0242, 6248906.612600001], [4403998.4617, 6237322.068499999], [4403237.319800001, 6252704.581900001], [4413467.3211, 6277879.7157000005], [4422457.299900001, 6273758.4377], [4450489.2941, 6211001.219699999], [4451126.933800001, 6219492.323100001], [4438126.889699999, 6273133.260299999], [4440716.001700001, 6299831.011399999], [4448229.8245, 6311273.8795], [4476436.3015, 6293045.381899999], [4481954.947699999, 6282491.5911]]], [[[4510674.046599999, 6371277.102399999], [4550099.428300001, 6338249.123500001], [4563279.560799999, 6326435.6412], [4564412.376499999, 6335364.93], [4560518.3565, 6363248.3827], [4572405.984099999, 6373500.732000001], [4580162.6029, 6345194.776000001], [4589963.7815000005, 6350401.1894000005], [4589220.7234000005, 6377149.813100001], [4652938.9922, 6347091.5153], [4656515.137499999, 6336344.5933], [4652709.0337000005, 6311272.100299999], [4642068.169299999, 6267997.330399999], [4602789.9889, 6246975.9592], [4531606.3903, 6258487.5131], [4525539.1894000005, 6267952.696699999], [4526644.759199999, 6275590.0908], [4538276.4289, 6271093.2896], [4533686.3609, 6291966.443499999], [4500572.0317, 6282002.596000001], [4476750.9464, 6327279.4331], [4480291.5463, 6349220.5233], [4485027.253799999, 6346817.2377], [4490307.804199999, 6328984.1537], [4499718.535, 6326428.629899999], [4495950.314300001, 6347623.957800001], [4505989.4013, 6338343.5634], [4506038.191, 6364624.042300001], [4510674.046599999, 6371277.102399999]]], [[[4351345.1559999995, 6139342.011499999], [4344817.854, 6134203.7327], [4332042.5297, 6170151.0331999995], [4331599.0363, 6181134.861300001], [4343760.2531, 6173821.9421], [4347877.9605, 6163372.171399999], [4351345.1559999995, 6139342.011499999]]], [[[4603544.630799999, 5715900.3159], [4599708.438999999, 5695376.2038], [4588451.6676, 5713526.906300001], [4596326.4092, 5726992.5087], [4603544.630799999, 5715900.3159]]], [[[3671363.9694999997, 5402151.217700001], [3655188.5372, 5400904.6579], [3655017.579, 5408264.5013999995], [3674411.0427, 5429738.807399999], [3671363.9694999997, 5402151.217700001]]], [[[4371032.4855, 6110027.909700001], [4364748.9002, 6103048.536499999], [4358234.171700001, 6124629.8048], [4364269.252699999, 6132268.4783], [4371032.4855, 6110027.909700001]]], [[[4686146.9802, 6224279.3026], [4695358.2479, 6195699.328600001], [4686356.522399999, 6198780.6502], [4681334.5890999995, 6212432.2926], [4686146.9802, 6224279.3026]]], [[[4672085.4572, 6368987.599400001], [4677350.046599999, 6347906.926000001], [4663754.648, 6362824.8949], [4662325.005899999, 6373918.781199999], [4672085.4572, 6368987.599400001]]], [[[4519413.695699999, 6400318.891899999], [4524226.183, 6376527.9728999995], [4514727.5875, 6384507.2432], [4513133.9179, 6401638.6018], [4519413.695699999, 6400318.891899999]]]]}}]}